"id_object","object","city","loc_district","class","developer","date_sold","type_lot","floor","do_square","est_budget","price_square_r","interior","bt_name","ipoteka","bank_name","ipoteka_month","_etl_loaded_at"
"657f63e930fe997bbb51f758ed370fb0",Кутузовский,Новороссийск,Новороссийск м.о.,Комфорт,МПМК Краснодарская-1,2026-01-05,квартира,6,47.58,6526643.00,137172.00,Без отделки,ФЛ,Нет,,0,2026-06-18 11:12:27.291 +0300
"60cc5097d90214abba1f37a69a60142b",Greenmont / Нескучный сад,Сочи,Сочи г.о.,Бизнес,Неометрия,2026-01-06,апартаменты,4,28.60,33965648.00,1187610.07,Отделка как доп. опция,ФЛ,Нет,,0,2026-06-18 11:12:27.291 +0300
fc98c3a43cd1680c1cb66c1523d44f4a,Дзенпарк,Марьянская ст.,Красноармейский м.о.,Комфорт,Средастрой,2026-01-08,квартира,2,36.80,3312000.00,90000.00,"Под чистовую, отделка как доп. опция",ФЛ,Ипотека,ПАО Сбербанк России,0,2026-06-18 11:12:27.291 +0300
"657f63e930fe997bbb51f758ed370fb0",Кутузовский,Новороссийск,Новороссийск м.о.,Комфорт,МПМК Краснодарская-1,2026-01-08,квартира,12,47.58,7137000.00,150000.00,Без отделки,ФЛ,Ипотека,ПАО Сбербанк России,360,2026-06-18 11:12:27.291 +0300
"2be7f950954f9f0b079ca01c72d39a42",Морская Горгиппия,Анапа,Анапа м.о.,Эконом,ОБД-Инвест,2026-01-10,нежилое помещение,0,15.04,970952.00,64558.00,,ФЛ,Нет,,0,2026-06-18 11:12:27.291 +0300
"2be7f950954f9f0b079ca01c72d39a42",Морская Горгиппия,Анапа,Анапа м.о.,Эконом,ОБД-Инвест,2026-01-10,нежилое помещение,0,18.51,0.00,0.00,Под чистовую,ФЛ,Нет,,0,2026-06-18 11:12:27.291 +0300
"2be7f950954f9f0b079ca01c72d39a42",Морская Горгиппия,Анапа,Анапа м.о.,Эконом,ОБД-Инвест,2026-01-10,нежилое помещение,0,19.51,1259526.00,64558.00,,ФЛ,Нет,,0,2026-06-18 11:12:27.291 +0300
"77436a7722b713cff3de7d8e1397b4c2",Светский лес,Сочи,Сочи г.о.,Бизнес,Точно,2026-01-11,квартира,9,43.01,19999650.00,465000.00,Без отделки,ФЛ,Нет,,0,2026-06-18 11:12:27.291 +0300
c7ebf6132ce593a70b723fce0eade8ec,Посейдон (Новороссийск),Новороссийск,Новороссийск м.о.,Комфорт,Черное море,2026-01-12,квартира,11,61.80,0.00,0.00,Без отделки,ФЛ,Нет,,0,2026-06-18 11:12:27.291 +0300
"2be7f950954f9f0b079ca01c72d39a42",Морская Горгиппия,Анапа,Анапа м.о.,Эконом,ОБД-Инвест,2026-01-12,квартира,9,56.39,8720000.00,154637.00,Под чистовую,ФЛ,Нет,,0,2026-06-18 11:12:27.291 +0300
d21921fe8bb3cacb784b2f956744d149,Золотой Берег,Новороссийск,Новороссийск м.о.,Бизнес,Средастрой,2026-01-12,квартира,14,91.42,17918320.00,196000.00,"Под чистовую, отделка как доп. опция",ФЛ,Нет,,0,2026-06-18 11:12:27.291 +0300
"8ed0e7591eaa0574bd43b67f71525cee",Royal Beach Sochi,Сочи,Сочи г.о.,Премиум,Еврострой,2026-01-12,апартаменты,6,146.06,81793600.00,560000.00,Без отделки,ЮЛ,Нет,,0,2026-06-18 11:12:27.291 +0300
"3b768d7a3423d87ca2500e86b3aa26e8",Мореград,Анапа,Анапа м.о.,Комфорт,ССК,2026-01-12,апартаменты,9,24.50,9065000.00,370000.00,С отделкой и мебелью,ФЛ,Нет,,0,2026-06-18 11:12:27.291 +0300
"9648a6234501850e715607d4d244b13a",Botanica Hills,Небуг с.,Туапсинский м.о.,Комфорт,Метрикс Develoрment,2026-01-12,квартира,2,18.06,5870000.00,325027.69,"Под чистовую, отделка как доп. опция",ФЛ,Нет,,0,2026-06-18 11:12:27.291 +0300
"9648a6234501850e715607d4d244b13a",Botanica Hills,Небуг с.,Туапсинский м.о.,Комфорт,Метрикс Develoрment,2026-01-12,квартира,2,18.05,5867000.00,325041.55,"Под чистовую, отделка как доп. опция",ФЛ,Нет,,0,2026-06-18 11:12:27.291 +0300
e5e61a34deb4e2a00a451c3583de406d,Поляна Пик,Красная поляна пгт,Сочи г.о.,Элитный,МЕТРОПОЛИС,2026-01-13,апартаменты,2,56.50,73450000.00,1300000.00,С отделкой и мебелью,ФЛ,Нет,,0,2026-06-18 11:12:27.291 +0300
"9648a6234501850e715607d4d244b13a",Botanica Hills,Небуг с.,Туапсинский м.о.,Комфорт,Метрикс Develoрment,2026-01-13,квартира,2,17.21,5851400.00,340000.00,"Под чистовую, отделка как доп. опция",ФЛ,Ипотека,АО Альфа-Банк,312,2026-06-18 11:12:27.291 +0300
fc98c3a43cd1680c1cb66c1523d44f4a,Дзенпарк,Марьянская ст.,Красноармейский м.о.,Комфорт,Средастрой,2026-01-13,квартира,2,22.80,2280000.00,100000.00,"Под чистовую, отделка как доп. опция",ФЛ,Нет,,0,2026-06-18 11:12:27.291 +0300
de2aa2f5a366bc2350a3e192512ea3e6,Цветной бульвар,Северская ст-ца,Северский м.о.,Комфорт,Точно,2026-01-13,квартира,5,37.44,4305600.00,115000.00,"Под чистовую, отделка как доп. опция",ФЛ,Ипотека,ПАО Сбербанк России,0,2026-06-18 11:12:27.291 +0300
"5338417a484eca51d14d28b59e51946f",История-3,Южный п.,Динской м.о.,Комфорт,НВМ,2026-01-14,квартира,3,50.88,8395200.00,165000.00,Под чистовую,ФЛ,Ипотека,ПАО Сбербанк России,0,2026-06-18 11:12:27.291 +0300
"5338417a484eca51d14d28b59e51946f",История-3,Южный п.,Динской м.о.,Комфорт,НВМ,2026-01-14,квартира,5,51.14,8438100.00,165000.00,Под чистовую,ФЛ,Ипотека,АО Альфа-Банк,0,2026-06-18 11:12:27.291 +0300
bcbe2f39504cb084713ca0f161f31273,Кумир,Армавир,Армавир г.о.,Комфорт,АРТ ГРУПП,2026-01-14,квартира,7,44.73,6085000.00,136038.45,С отделкой,ФЛ,Ипотека,ПАО Сбербанк России,0,2026-06-18 11:12:27.291 +0300
"45131c4ef8b37326fa1ad3d957bf531d",Усадьба Гостагаевская,Нижняя Гостагайка х.,Анапа м.о.,Бизнес-,ССК,2026-01-14,квартира,2,32.21,6764100.00,210000.00,Под чистовую и отделка как доп. опция,ФЛ,Ипотека,ПАО Совкомбанк,0,2026-06-18 11:12:27.291 +0300
"657f63e930fe997bbb51f758ed370fb0",Кутузовский,Новороссийск,Новороссийск м.о.,Комфорт,МПМК Краснодарская-1,2026-01-14,квартира,3,43.61,6411324.00,147015.00,Без отделки,ФЛ,Ипотека,ПАО Сбербанк России,360,2026-06-18 11:12:27.291 +0300
"657f63e930fe997bbb51f758ed370fb0",Кутузовский,Новороссийск,Новороссийск м.о.,Комфорт,МПМК Краснодарская-1,2026-01-14,квартира,10,40.51,6411324.00,147015.00,Без отделки,ФЛ,Ипотека,ПАО Сбербанк России,240,2026-06-18 11:12:27.291 +0300
"4808dce0ca7c80371054378e1592e294",Marine Garden Sochi 4*,Сочи,Сочи г.о.,Бизнес,Еврострой,2026-01-14,апартаменты,8,26.05,25268500.00,970000.00,С отделкой и мебелью,ФЛ,Ипотека,ПАО Сбербанк России,323,2026-06-18 11:12:27.291 +0300
a9a38adecaa6e2869a522a0d8169ab8b,Флорa,Сочи,Сочи г.о.,Комфорт,Неометрия,2026-01-15,квартира,11,36.70,13886110.00,378368.12,С отделкой и без,ФЛ,Ипотека,ПАО Сбербанк России,360,2026-06-18 11:12:27.291 +0300
"9065bc46a382fdfb02d1e85a46e108b7",COSMOS STAY ADLER,Сочи,Сочи г.о.,Бизнес,ИЗВЕСТИЯ ХИЛЛ,2026-01-15,апартаменты,3,2040.00,16914800.00,490000.00,Отделка и мебель как доп. опция,ФЛ,Нет,,0,2026-06-18 11:12:27.291 +0300
bcbe2f39504cb084713ca0f161f31273,Кумир,Армавир,Армавир г.о.,Комфорт,АРТ ГРУПП,2026-01-15,квартира,17,44.69,5650871.00,126446.00,С отделкой,ФЛ,Ипотека,ПАО Сбербанк России,0,2026-06-18 11:12:27.291 +0300
"5338417a484eca51d14d28b59e51946f",История-3,Южный п.,Динской м.о.,Комфорт,НВМ,2026-01-15,квартира,7,51.14,8438100.00,165000.00,Под чистовую,ФЛ,Ипотека,ПАО Сбербанк России,0,2026-06-18 11:12:27.291 +0300
de2aa2f5a366bc2350a3e192512ea3e6,Цветной бульвар,Северская ст-ца,Северский м.о.,Комфорт,Точно,2026-01-16,квартира,5,38.87,4470050.00,115000.00,"Под чистовую, отделка как доп. опция",ФЛ,Ипотека,ПАО АКБ Абсолют Банк,309,2026-06-18 11:12:27.291 +0300
"5338417a484eca51d14d28b59e51946f",История-3,Южный п.,Динской м.о.,Комфорт,НВМ,2026-01-16,квартира,5,24.72,4820400.00,195000.00,Под чистовую,ФЛ,Ипотека,ПАО Сбербанк России,0,2026-06-18 11:12:27.291 +0300
"3b768d7a3423d87ca2500e86b3aa26e8",Мореград,Анапа,Анапа м.о.,Комфорт,ССК,2026-01-16,апартаменты,5,24.10,9037500.00,375000.00,С отделкой и мебелью,ФЛ,Ипотека,ПАО Сбербанк России,0,2026-06-18 11:12:27.291 +0300
"77436a7722b713cff3de7d8e1397b4c2",Светский лес,Сочи,Сочи г.о.,Бизнес,Точно,2026-01-16,квартира,7,85.63,37028430.00,467000.00,Без отделки,ФЛ,Нет,,0,2026-06-18 11:12:27.291 +0300
"77436a7722b713cff3de7d8e1397b4c2",Светский лес,Сочи,Сочи г.о.,Бизнес,Точно,2026-01-16,квартира,13,47.49,21949750.00,475000.00,Без отделки,ФЛ,Ипотека,ПАО Банк ВТБ,362,2026-06-18 11:12:27.291 +0300
fc98c3a43cd1680c1cb66c1523d44f4a,Дзенпарк,Марьянская ст.,Красноармейский м.о.,Комфорт,Средастрой,2026-01-16,квартира,3,22.80,2508000.00,110000.00,"Под чистовую, отделка как доп. опция",ФЛ,Ипотека,АО Альфа-Банк,0,2026-06-18 11:12:27.291 +0300
"5338417a484eca51d14d28b59e51946f",История-3,Южный п.,Динской м.о.,Комфорт,НВМ,2026-01-19,квартира,6,50.88,8395200.00,165000.00,Под чистовую,ФЛ,Ипотека,ПАО Сбербанк России,0,2026-06-18 11:12:27.291 +0300
bcbe2f39504cb084713ca0f161f31273,Кумир,Армавир,Армавир г.о.,Комфорт,АРТ ГРУПП,2026-01-19,квартира,8,61.07,7580000.00,124119.86,С отделкой,ФЛ,Ипотека,ПАО Сбербанк России,0,2026-06-18 11:12:27.291 +0300
bcbe2f39504cb084713ca0f161f31273,Кумир,Армавир,Армавир г.о.,Комфорт,АРТ ГРУПП,2026-01-19,нежилое помещение,1,46.81,0.00,0.00,С отделкой,ФЛ,Нет,,0,2026-06-18 11:12:27.291 +0300
"77436a7722b713cff3de7d8e1397b4c2",Светский лес,Сочи,Сочи г.о.,Бизнес,Точно,2026-01-19,квартира,12,28.56,14422800.00,505000.00,Без отделки,ФЛ,Ипотека,ПАО Совкомбанк,360,2026-06-18 11:12:27.291 +0300
"77436a7722b713cff3de7d8e1397b4c2",Светский лес,Сочи,Сочи г.о.,Бизнес,Точно,2026-01-19,квартира,7,43.38,19954800.00,460000.00,Без отделки,ФЛ,Нет,,0,2026-06-18 11:12:27.291 +0300
fc98c3a43cd1680c1cb66c1523d44f4a,Дзенпарк,Марьянская ст.,Красноармейский м.о.,Комфорт,Средастрой,2026-01-19,квартира,2,20.10,2010000.00,100000.00,"Под чистовую, отделка как доп. опция",ФЛ,Нет,,0,2026-06-18 11:12:27.291 +0300
fc98c3a43cd1680c1cb66c1523d44f4a,Дзенпарк,Марьянская ст.,Красноармейский м.о.,Комфорт,Средастрой,2026-01-19,квартира,4,17.70,1770000.00,100000.00,"Под чистовую, отделка как доп. опция",ФЛ,Ипотека,ПАО Сбербанк России,0,2026-06-18 11:12:27.291 +0300
e6633db8b4c0466143c3ba2ad76172f0,Лучи,Анапа,Анапа м.о.,Комфорт,ADM group / Вертикаль,2026-01-19,апартаменты,7,46.51,24866610.00,447000.00,С отделкой и мебелью,ФЛ,Нет,,0,2026-06-18 11:12:27.291 +0300
e6633db8b4c0466143c3ba2ad76172f0,Лучи,Анапа,Анапа м.о.,Комфорт,ADM group / Вертикаль,2026-01-19,апартаменты,5,73.40,40003000.00,545000.00,С отделкой и мебелью,ФЛ,Нет,,0,2026-06-18 11:12:27.291 +0300
"018074db013670b10cd1d3367521d2a2",Барса,Новороссийск,Новороссийск м.о.,Бизнес,Точно,2026-01-19,квартира,23,60.37,17204850.00,294100.00,Под чистовую и отделка как доп. опция,ФЛ,Ипотека,ПАО Сбербанк России,312,2026-06-18 11:12:27.291 +0300
de2aa2f5a366bc2350a3e192512ea3e6,Цветной бульвар,Северская ст-ца,Северский м.о.,Комфорт,Точно,2026-01-19,квартира,6,79.66,7169400.00,90000.00,"Под чистовую, отделка как доп. опция",ФЛ,Ипотека,ПАО Сбербанк России,360,2026-06-18 11:12:27.291 +0300
"9b66c8ef09b80b2aaf9eac7d27078ff9",Парк Отель Мацеста / Park Hotel Macesta,Сочи,Сочи г.о.,Комфорт,ЛИДЕР+,2026-01-19,нежилое помещение,5,24.20,0.00,0.00,С отделкой и мебелью,ФЛ,Нет,,0,2026-06-18 11:12:27.291 +0300
"9648a6234501850e715607d4d244b13a",Botanica Hills,Небуг с.,Туапсинский м.о.,Комфорт,Метрикс Develoрment,2026-01-19,квартира,4,17.21,5937450.00,345000.00,"Под чистовую, отделка как доп. опция",ФЛ,Ипотека,ПАО Сбербанк России,360,2026-06-18 11:12:27.291 +0300
"77436a7722b713cff3de7d8e1397b4c2",Светский лес,Сочи,Сочи г.о.,Бизнес,Точно,2026-01-20,квартира,12,43.01,20865000.00,500000.00,Без отделки,ФЛ,Нет,,0,2026-06-18 11:12:27.291 +0300
"9648a6234501850e715607d4d244b13a",Botanica Hills,Небуг с.,Туапсинский м.о.,Комфорт,Метрикс Develoрment,2026-01-20,квартира,7,28.66,8929620.00,311570.83,"Под чистовую, отделка как доп. опция",ФЛ,Ипотека,ПАО Сбербанк России,360,2026-06-18 11:12:27.291 +0300
"5338417a484eca51d14d28b59e51946f",История-3,Южный п.,Динской м.о.,Комфорт,НВМ,2026-01-20,квартира,3,22.55,4397250.00,195000.00,Под чистовую,ФЛ,Ипотека,АО Банк Дом.РФ,0,2026-06-18 11:12:27.291 +0300
"54d8db3c6f1f18c3cd3c93aa1ce1a529",Белые ночи,Сочи,Сочи г.о.,Бизнес+,PARAD DEVELOPMENT,2026-01-20,апартаменты,6,45.64,36059981.00,790096.00,С отделкой и мебелью,ФЛ,Нет,,0,2026-06-18 11:12:27.291 +0300
"45131c4ef8b37326fa1ad3d957bf531d",Усадьба Гостагаевская,Нижняя Гостагайка х.,Анапа м.о.,Бизнес-,ССК,2026-01-20,квартира,3,32.21,6764100.00,210000.00,Под чистовую и отделка как доп. опция,ФЛ,Ипотека,ПАО Сбербанк России,0,2026-06-18 11:12:27.291 +0300
f582328692ce3a779b704c01ea28627b,Экосфера,Гулькевичи,Гулькевичское г.о.,Комфорт,Победа,2026-01-20,квартира,3,22.40,2352000.00,105000.00,Под чистовую,ФЛ,Ипотека,АО Альфа-Банк,216,2026-06-18 11:12:27.291 +0300
"018074db013670b10cd1d3367521d2a2",Барса,Новороссийск,Новороссийск м.о.,Бизнес,Точно,2026-01-20,квартира,21,60.37,17204850.00,294100.00,Под чистовую и отделка как доп. опция,ФЛ,Ипотека,ПАО Сбербанк России,288,2026-06-18 11:12:27.291 +0300
a9a38adecaa6e2869a522a0d8169ab8b,Флорa,Сочи,Сочи г.о.,Комфорт,Неометрия,2026-01-20,квартира,3,37.00,12289000.00,332135.14,С отделкой и без,ФЛ,Ипотека,ПАО Сбербанк России,360,2026-06-18 11:12:27.291 +0300
"9648a6234501850e715607d4d244b13a",Botanica Hills,Небуг с.,Туапсинский м.о.,Комфорт,Метрикс Develoрment,2026-01-20,квартира,4,17.37,5992650.00,345000.00,"Под чистовую, отделка как доп. опция",ФЛ,Ипотека,ПАО Сбербанк России,360,2026-06-18 11:12:27.291 +0300
f582328692ce3a779b704c01ea28627b,Экосфера,Гулькевичи,Гулькевичское г.о.,Комфорт,Победа,2026-01-21,квартира,1,21.40,2247000.00,105000.00,Под чистовую,ФЛ,Ипотека,АО Альфа-Банк,360,2026-06-18 11:12:27.291 +0300
fc98c3a43cd1680c1cb66c1523d44f4a,Дзенпарк,Марьянская ст.,Красноармейский м.о.,Комфорт,Средастрой,2026-01-21,квартира,3,32.50,3575000.00,110000.00,"Под чистовую, отделка как доп. опция",ФЛ,Нет,,0,2026-06-18 11:12:27.291 +0300
fc98c3a43cd1680c1cb66c1523d44f4a,Дзенпарк,Марьянская ст.,Красноармейский м.о.,Комфорт,Средастрой,2026-01-21,квартира,4,18.40,1840000.00,100000.00,"Под чистовую, отделка как доп. опция",ФЛ,Ипотека,ПАО Сбербанк России,0,2026-06-18 11:12:27.291 +0300
"441afa8fae5c94a584f16bc1baa6b237",Моренуар,Новороссийск,Новороссийск м.о.,Бизнес,Семья,2026-01-21,квартира,1,35.00,8050000.00,230000.00,Под чистовую,ФЛ,Ипотека,АО Альфа-Банк,240,2026-06-18 11:12:27.291 +0300
"5338417a484eca51d14d28b59e51946f",История-3,Южный п.,Динской м.о.,Комфорт,НВМ,2026-01-21,квартира,7,51.14,8438100.00,165000.00,Под чистовую,ФЛ,Ипотека,ПАО Сбербанк России,0,2026-06-18 11:12:27.291 +0300
e6633db8b4c0466143c3ba2ad76172f0,Лучи,Анапа,Анапа м.о.,Комфорт,ADM group / Вертикаль,2026-01-21,апартаменты,4,31.80,17260750.00,565000.00,С отделкой и мебелью,ФЛ,Нет,,0,2026-06-18 11:12:27.291 +0300
"77436a7722b713cff3de7d8e1397b4c2",Светский лес,Сочи,Сочи г.о.,Бизнес,Точно,2026-01-21,квартира,12,26.34,14091900.00,535000.00,Без отделки,ФЛ,Ипотека,АО Банк Дом.РФ,0,2026-06-18 11:12:27.291 +0300
"9648a6234501850e715607d4d244b13a",Botanica Hills,Небуг с.,Туапсинский м.о.,Комфорт,Метрикс Develoрment,2026-01-21,квартира,4,28.66,8643630.00,301592.11,"Под чистовую, отделка как доп. опция",ФЛ,Ипотека,ПАО Сбербанк России,360,2026-06-18 11:12:27.291 +0300
"8ed0e7591eaa0574bd43b67f71525cee",Royal Beach Sochi,Сочи,Сочи г.о.,Премиум,Еврострой,2026-01-21,апартаменты,4,28.02,17652600.00,630000.00,Без отделки,ФЛ,Ипотека,ПАО Совкомбанк,360,2026-06-18 11:12:27.291 +0300
"3b768d7a3423d87ca2500e86b3aa26e8",Мореград,Анапа,Анапа м.о.,Комфорт,ССК,2026-01-21,апартаменты,9,23.50,8812500.00,375000.00,С отделкой и мебелью,ФЛ,Нет,,0,2026-06-18 11:12:27.291 +0300
"60cc5097d90214abba1f37a69a60142b",Greenmont / Нескучный сад,Сочи,Сочи г.о.,Бизнес,Неометрия,2026-01-21,апартаменты,5,24.60,32680949.00,1328493.88,Отделка как доп. опция,ФЛ,Нет,,0,2026-06-18 11:12:27.291 +0300
"2e950b4ca0aa9edccfc33804f92be08a",Сады у моря,Темрюк,Темрюк м.о.,Комфорт,Каскад,2026-01-21,квартира,8,57.43,7982770.00,139000.00,"Под чистовую, отделка как доп. опция",ФЛ,Ипотека,АО Альфа-Банк,0,2026-06-18 11:12:27.291 +0300
"4808dce0ca7c80371054378e1592e294",Marine Garden Sochi 4*,Сочи,Сочи г.о.,Бизнес,Еврострой,2026-01-21,апартаменты,8,51.33,44657100.00,870000.00,С отделкой и мебелью,ФЛ,Нет,,0,2026-06-18 11:12:27.291 +0300
de2aa2f5a366bc2350a3e192512ea3e6,Цветной бульвар,Северская ст-ца,Северский м.о.,Комфорт,Точно,2026-01-21,квартира,3,37.41,4302150.00,115000.00,"Под чистовую, отделка как доп. опция",ФЛ,Ипотека,ПАО Сбербанк России,0,2026-06-18 11:12:27.291 +0300
"83e4b77e4c81fe02646c0317f082a5b3",Эден / Eden Family Hotel,Анапа,Анапа м.о.,Комфорт,Развитие,2026-01-21,апартаменты,2,51.90,12769895.00,244634.00,С отделкой и мебелью,ФЛ,Нет,,0,2026-06-18 11:12:27.291 +0300
eca274b3055109ce9b54226b337d8781,Императорский парк,Анапа,Анапа м.о.,Комфорт,ОБД-Инвест,2026-01-22,квартира,6,45.90,9170911.00,199802.00,Под чистовую,ФЛ,Нет,,0,2026-06-18 11:12:27.291 +0300
d21921fe8bb3cacb784b2f956744d149,Золотой Берег,Новороссийск,Новороссийск м.о.,Бизнес,Средастрой,2026-01-22,квартира,14,58.89,13132470.00,223000.00,"Под чистовую, отделка как доп. опция",ФЛ,Ипотека,ПАО Промсвязьбанк,0,2026-06-18 11:12:27.291 +0300
a9a38adecaa6e2869a522a0d8169ab8b,Флорa,Сочи,Сочи г.о.,Комфорт,Неометрия,2026-01-22,квартира,10,50.40,16504100.00,327462.30,С отделкой и без,ФЛ,Ипотека,ПАО Совкомбанк,360,2026-06-18 11:12:27.291 +0300
"5338417a484eca51d14d28b59e51946f",История-3,Южный п.,Динской м.о.,Комфорт,НВМ,2026-01-22,квартира,8,37.01,6846850.00,185000.00,Под чистовую,ФЛ,Ипотека,ПАО Сбербанк России,0,2026-06-18 11:12:27.291 +0300
"5338417a484eca51d14d28b59e51946f",История-3,Южный п.,Динской м.о.,Комфорт,НВМ,2026-01-22,квартира,4,51.14,8438100.00,165000.00,Под чистовую,ФЛ,Ипотека,ПАО Сбербанк России,360,2026-06-18 11:12:27.291 +0300
"77436a7722b713cff3de7d8e1397b4c2",Светский лес,Сочи,Сочи г.о.,Бизнес,Точно,2026-01-22,квартира,7,33.88,15415400.00,455000.00,Без отделки,ФЛ,Ипотека,ПАО Сбербанк России,360,2026-06-18 11:12:27.291 +0300
"9648a6234501850e715607d4d244b13a",Botanica Hills,Небуг с.,Туапсинский м.о.,Комфорт,Метрикс Develoрment,2026-01-22,квартира,7,33.46,9841220.00,294118.95,"Под чистовую, отделка как доп. опция",ФЛ,Ипотека,ПАО Сбербанк России,324,2026-06-18 11:12:27.291 +0300
"657f63e930fe997bbb51f758ed370fb0",Кутузовский,Новороссийск,Новороссийск м.о.,Комфорт,МПМК Краснодарская-1,2026-01-22,квартира,3,40.51,6411324.00,147015.00,Без отделки,ФЛ,Ипотека,ПАО Сбербанк России,0,2026-06-18 11:12:27.291 +0300
e5e61a34deb4e2a00a451c3583de406d,Поляна Пик,Красная поляна пгт,Сочи г.о.,Элитный,МЕТРОПОЛИС,2026-01-23,апартаменты,5,47.50,71250000.00,1500000.00,С отделкой и мебелью,ФЛ,Нет,,0,2026-06-18 11:12:27.291 +0300
a9a38adecaa6e2869a522a0d8169ab8b,Флорa,Сочи,Сочи г.о.,Комфорт,Неометрия,2026-01-23,квартира,3,37.00,13750500.00,371635.14,С отделкой и без,ФЛ,Ипотека,ПАО Сбербанк России,324,2026-06-18 11:12:27.291 +0300
a9a38adecaa6e2869a522a0d8169ab8b,Флорa,Сочи,Сочи г.о.,Комфорт,Неометрия,2026-01-23,квартира,4,20.90,10225190.00,489243.54,С отделкой и без,ФЛ,Ипотека,ПАО Совкомбанк,360,2026-06-18 11:12:27.291 +0300
a9a38adecaa6e2869a522a0d8169ab8b,Флорa,Сочи,Сочи г.о.,Комфорт,Неометрия,2026-01-23,квартира,1,33.30,13279489.00,398783.48,С отделкой и без,ФЛ,Нет,,0,2026-06-18 11:12:27.291 +0300
a9a38adecaa6e2869a522a0d8169ab8b,Флорa,Сочи,Сочи г.о.,Комфорт,Неометрия,2026-01-23,квартира,9,37.00,12496200.00,337735.14,С отделкой и без,ФЛ,Ипотека,ПАО Совкомбанк,360,2026-06-18 11:12:27.291 +0300
"18082a8dc54fc1d92036f82298474ddb",Лермонтов,Тамань,Темрюк м.о.,Комфорт,Каскад,2026-01-23,квартира,2,40.73,7535050.00,185000.00,"Под чистовую, отделка как доп. опция",ФЛ,Ипотека,ПАО Сбербанк России,0,2026-06-18 11:12:27.291 +0300
"77436a7722b713cff3de7d8e1397b4c2",Светский лес,Сочи,Сочи г.о.,Бизнес,Точно,2026-01-23,квартира,7,43.38,19954800.00,460000.00,Без отделки,ФЛ,Ипотека,ПАО Сбербанк России,336,2026-06-18 11:12:27.291 +0300
ecdd2060c65010326879068843af8e13,Хозяин морей,Анапа,Анапа м.о.,Бизнес,Точно,2026-01-23,квартира,2,36.10,8700100.00,241000.00,Под чистовую и отделка как доп. опция,ФЛ,Ипотека,ПАО Сбербанк России,0,2026-06-18 11:12:27.291 +0300
ecdd2060c65010326879068843af8e13,Хозяин морей,Анапа,Анапа м.о.,Бизнес,Точно,2026-01-23,квартира,2,38.00,8700100.00,241000.00,Под чистовую и отделка как доп. опция,ФЛ,Ипотека,ПАО Сбербанк России,0,2026-06-18 11:12:27.291 +0300
fc98c3a43cd1680c1cb66c1523d44f4a,Дзенпарк,Марьянская ст.,Красноармейский м.о.,Комфорт,Средастрой,2026-01-23,квартира,3,34.00,3740000.00,110000.00,"Под чистовую, отделка как доп. опция",ФЛ,Ипотека,АО Альфа-Банк,0,2026-06-18 11:12:27.291 +0300
e6633db8b4c0466143c3ba2ad76172f0,Лучи,Анапа,Анапа м.о.,Комфорт,ADM group / Вертикаль,2026-01-23,апартаменты,5,59.70,32656500.00,531000.00,С отделкой и мебелью,ФЛ,Нет,,0,2026-06-18 11:12:27.291 +0300
"441afa8fae5c94a584f16bc1baa6b237",Моренуар,Новороссийск,Новороссийск м.о.,Бизнес,Семья,2026-01-23,квартира,14,30.32,6882640.00,227000.00,Без отделки,ФЛ,Ипотека,ООО СЗ СЕМЬЯ-НОВОРОССИЙСК-2,0,2026-06-18 11:12:27.291 +0300
"441afa8fae5c94a584f16bc1baa6b237",Моренуар,Новороссийск,Новороссийск м.о.,Бизнес,Семья,2026-01-23,квартира,4,34.34,7733368.00,225200.00,Под чистовую,ФЛ,Ипотека,ПАО БАНК УРАЛСИБ,237,2026-06-18 11:12:27.291 +0300
"5338417a484eca51d14d28b59e51946f",История-3,Южный п.,Динской м.о.,Комфорт,НВМ,2026-01-23,квартира,2,50.88,8395200.00,165000.00,Под чистовую,ФЛ,Ипотека,АО Альфа-Банк,0,2026-06-18 11:12:27.291 +0300
"5338417a484eca51d14d28b59e51946f",История-3,Южный п.,Динской м.о.,Комфорт,НВМ,2026-01-24,квартира,8,51.14,8438100.00,165000.00,Под чистовую,ФЛ,Ипотека,ПАО Сбербанк России,0,2026-06-18 11:12:27.291 +0300
de2aa2f5a366bc2350a3e192512ea3e6,Цветной бульвар,Северская ст-ца,Северский м.о.,Комфорт,Точно,2026-01-24,квартира,6,38.90,4473500.00,115000.00,"Под чистовую, отделка как доп. опция",ФЛ,Ипотека,ПАО Сбербанк России,0,2026-06-18 11:12:27.291 +0300
"9648a6234501850e715607d4d244b13a",Botanica Hills,Небуг с.,Туапсинский м.о.,Комфорт,Метрикс Develoрment,2026-01-26,квартира,3,38.85,10084000.00,259562.42,"Под чистовую, отделка как доп. опция",ФЛ,Нет,,0,2026-06-18 11:12:27.291 +0300
"9648a6234501850e715607d4d244b13a",Botanica Hills,Небуг с.,Туапсинский м.о.,Комфорт,Метрикс Develoрment,2026-01-26,квартира,6,37.67,10155460.00,269590.12,"Под чистовую, отделка как доп. опция",ФЛ,Нет,,0,2026-06-18 11:12:27.291 +0300
"9648a6234501850e715607d4d244b13a",Botanica Hills,Небуг с.,Туапсинский м.о.,Комфорт,Метрикс Develoрment,2026-01-26,квартира,2,37.50,8348000.00,265015.87,"Под чистовую, отделка как доп. опция",ФЛ,Нет,,0,2026-06-18 11:12:27.291 +0300
de2aa2f5a366bc2350a3e192512ea3e6,Цветной бульвар,Северская ст-ца,Северский м.о.,Комфорт,Точно,2026-01-26,квартира,6,84.13,7571700.00,90000.00,"Под чистовую, отделка как доп. опция",ФЛ,Ипотека,ПАО Банк ВТБ,0,2026-06-18 11:12:27.291 +0300
"2e950b4ca0aa9edccfc33804f92be08a",Сады у моря,Темрюк,Темрюк м.о.,Комфорт,Каскад,2026-01-26,квартира,5,35.06,4382500.00,125000.00,"Под чистовую, отделка как доп. опция",ФЛ,Ипотека,ПАО Сбербанк России,360,2026-06-18 11:12:27.291 +0300
"2e950b4ca0aa9edccfc33804f92be08a",Сады у моря,Темрюк,Темрюк м.о.,Комфорт,Каскад,2026-01-26,квартира,7,35.20,5428100.00,155000.00,"Под чистовую, отделка как доп. опция",ФЛ,Нет,,0,2026-06-18 11:12:27.291 +0300
a9a38adecaa6e2869a522a0d8169ab8b,Флорa,Сочи,Сочи г.о.,Комфорт,Неометрия,2026-01-26,квартира,3,36.70,12263970.00,334168.12,С отделкой и без,ФЛ,Ипотека,ПАО Сбербанк России,360,2026-06-18 11:12:27.291 +0300
"5338417a484eca51d14d28b59e51946f",История-3,Южный п.,Динской м.о.,Комфорт,НВМ,2026-01-26,квартира,4,51.14,8438100.00,165000.00,Под чистовую,ФЛ,Ипотека,ПАО Сбербанк России,0,2026-06-18 11:12:27.291 +0300
"5338417a484eca51d14d28b59e51946f",История-3,Южный п.,Динской м.о.,Комфорт,НВМ,2026-01-26,квартира,4,50.88,8395200.00,165000.00,Под чистовую,ФЛ,Ипотека,ПАО Сбербанк России,360,2026-06-18 11:12:27.291 +0300
"5338417a484eca51d14d28b59e51946f",История-3,Южный п.,Динской м.о.,Комфорт,НВМ,2026-01-26,квартира,3,49.64,8438100.00,165000.00,Под чистовую,ФЛ,Ипотека,ПАО Сбербанк России,0,2026-06-18 11:12:27.291 +0300
"5338417a484eca51d14d28b59e51946f",История-3,Южный п.,Динской м.о.,Комфорт,НВМ,2026-01-26,квартира,4,51.14,8438100.00,165000.00,Под чистовую,ФЛ,Ипотека,ПАО Сбербанк России,360,2026-06-18 11:12:27.291 +0300
"77436a7722b713cff3de7d8e1397b4c2",Светский лес,Сочи,Сочи г.о.,Бизнес,Точно,2026-01-26,квартира,11,33.88,15584800.00,460000.00,Без отделки,ФЛ,Ипотека,ПАО Совкомбанк,360,2026-06-18 11:12:27.291 +0300
"77436a7722b713cff3de7d8e1397b4c2",Светский лес,Сочи,Сочи г.о.,Бизнес,Точно,2026-01-26,квартира,8,37.60,16732000.00,445000.00,Без отделки,ФЛ,Нет,,0,2026-06-18 11:12:27.291 +0300
ecdd2060c65010326879068843af8e13,Хозяин морей,Анапа,Анапа м.о.,Бизнес,Точно,2026-01-26,квартира,6,63.10,13462350.00,225500.00,Под чистовую и отделка как доп. опция,ФЛ,Нет,,0,2026-06-18 11:12:27.291 +0300
"45131c4ef8b37326fa1ad3d957bf531d",Усадьба Гостагаевская,Нижняя Гостагайка х.,Анапа м.о.,Бизнес-,ССК,2026-01-26,квартира,2,32.16,6753600.00,210000.00,Под чистовую и отделка как доп. опция,ФЛ,Ипотека,ПАО Совкомбанк,360,2026-06-18 11:12:27.291 +0300
"45131c4ef8b37326fa1ad3d957bf531d",Усадьба Гостагаевская,Нижняя Гостагайка х.,Анапа м.о.,Бизнес-,ССК,2026-01-26,квартира,4,32.21,6764100.00,210000.00,Под чистовую и отделка как доп. опция,ФЛ,Ипотека,ПАО Сбербанк России,0,2026-06-18 11:12:27.291 +0300
"657f63e930fe997bbb51f758ed370fb0",Кутузовский,Новороссийск,Новороссийск м.о.,Комфорт,МПМК Краснодарская-1,2026-01-27,квартира,4,47.29,7329950.00,155000.00,Без отделки,ФЛ,Ипотека,ПАО Сбербанк России,0,2026-06-18 11:12:27.291 +0300
"018074db013670b10cd1d3367521d2a2",Барса,Новороссийск,Новороссийск м.о.,Бизнес,Точно,2026-01-27,квартира,3,34.20,8461883.00,255646.01,Под чистовую и отделка как доп. опция,ФЛ,Ипотека,ПАО Сбербанк России,360,2026-06-18 11:12:27.291 +0300
de2aa2f5a366bc2350a3e192512ea3e6,Цветной бульвар,Северская ст-ца,Северский м.о.,Комфорт,Точно,2026-01-27,квартира,4,41.88,4816200.00,115000.00,"Под чистовую, отделка как доп. опция",ФЛ,Ипотека,АО Альфа-Банк,0,2026-06-18 11:12:27.291 +0300
a9a38adecaa6e2869a522a0d8169ab8b,Флорa,Сочи,Сочи г.о.,Комфорт,Неометрия,2026-01-27,квартира,11,29.60,12930580.00,436843.92,С отделкой и без,ФЛ,Ипотека,ПАО Сбербанк России,259,2026-06-18 11:12:27.291 +0300
bcbe2f39504cb084713ca0f161f31273,Кумир,Армавир,Армавир г.о.,Комфорт,АРТ ГРУПП,2026-01-27,квартира,3,42.82,5610000.00,131013.55,С отделкой,ФЛ,Ипотека,ПАО Сбербанк России,0,2026-06-18 11:12:27.291 +0300
"3b768d7a3423d87ca2500e86b3aa26e8",Мореград,Анапа,Анапа м.о.,Комфорт,ССК,2026-01-27,апартаменты,5,47.00,14664000.00,312000.00,С отделкой и мебелью,ФЛ,Ипотека,АО Альфа-Банк,0,2026-06-18 11:12:27.291 +0300
fc98c3a43cd1680c1cb66c1523d44f4a,Дзенпарк,Марьянская ст.,Красноармейский м.о.,Комфорт,Средастрой,2026-01-27,квартира,1,20.10,2412000.00,120000.00,"Под чистовую, отделка как доп. опция",ФЛ,Ипотека,ПАО Сбербанк России,0,2026-06-18 11:12:27.291 +0300
fc98c3a43cd1680c1cb66c1523d44f4a,Дзенпарк,Марьянская ст.,Красноармейский м.о.,Комфорт,Средастрой,2026-01-27,квартира,3,20.10,2412000.00,120000.00,"Под чистовую, отделка как доп. опция",ФЛ,Ипотека,ПАО Сбербанк России,0,2026-06-18 11:12:27.291 +0300
fc98c3a43cd1680c1cb66c1523d44f4a,Дзенпарк,Марьянская ст.,Красноармейский м.о.,Комфорт,Средастрой,2026-01-27,квартира,2,32.50,2925000.00,90000.00,"Под чистовую, отделка как доп. опция",ФЛ,Ипотека,ПАО Сбербанк России,0,2026-06-18 11:12:27.291 +0300
fc98c3a43cd1680c1cb66c1523d44f4a,Дзенпарк,Марьянская ст.,Красноармейский м.о.,Комфорт,Средастрой,2026-01-27,квартира,3,36.90,3321000.00,90000.00,"Под чистовую, отделка как доп. опция",ФЛ,Ипотека,ПАО Сбербанк России,0,2026-06-18 11:12:27.291 +0300
"5338417a484eca51d14d28b59e51946f",История-3,Южный п.,Динской м.о.,Комфорт,НВМ,2026-01-27,квартира,7,54.22,9198750.00,165000.00,Под чистовую,ФЛ,Ипотека,ПАО Сбербанк России,0,2026-06-18 11:12:27.291 +0300
"5338417a484eca51d14d28b59e51946f",История-3,Южный п.,Динской м.о.,Комфорт,НВМ,2026-01-27,квартира,3,55.75,9198750.00,165000.00,Под чистовую,ФЛ,Ипотека,ПАО Сбербанк России,0,2026-06-18 11:12:27.291 +0300
"5338417a484eca51d14d28b59e51946f",История-3,Южный п.,Динской м.о.,Комфорт,НВМ,2026-01-27,квартира,4,67.12,10739200.00,160000.00,Под чистовую,ФЛ,Ипотека,ПАО Сбербанк России,0,2026-06-18 11:12:27.291 +0300
"9648a6234501850e715607d4d244b13a",Botanica Hills,Небуг с.,Туапсинский м.о.,Комфорт,Метрикс Develoрment,2026-01-28,квартира,7,26.94,8105120.00,283000.00,"Под чистовую, отделка как доп. опция",ФЛ,Ипотека,ПАО Промсвязьбанк,211,2026-06-18 11:12:27.291 +0300
"9648a6234501850e715607d4d244b13a",Botanica Hills,Небуг с.,Туапсинский м.о.,Комфорт,Метрикс Develoрment,2026-01-28,квартира,7,31.49,9133000.00,290028.58,"Под чистовую, отделка как доп. опция",ФЛ,Нет,,0,2026-06-18 11:12:27.291 +0300
"9648a6234501850e715607d4d244b13a",Botanica Hills,Небуг с.,Туапсинский м.о.,Комфорт,Метрикс Develoрment,2026-01-28,квартира,7,17.38,6257000.00,360011.51,"Под чистовую, отделка как доп. опция",ФЛ,Нет,,0,2026-06-18 11:12:27.291 +0300
"9648a6234501850e715607d4d244b13a",Botanica Hills,Небуг с.,Туапсинский м.о.,Комфорт,Метрикс Develoрment,2026-01-28,квартира,7,28.66,8929620.00,311570.83,"Под чистовую, отделка как доп. опция",ФЛ,Ипотека,ПАО Сбербанк России,360,2026-06-18 11:12:27.291 +0300
"3b768d7a3423d87ca2500e86b3aa26e8",Мореград,Анапа,Анапа м.о.,Комфорт,ССК,2026-01-28,апартаменты,8,24.00,9000000.00,375000.00,С отделкой и мебелью,ФЛ,Ипотека,АО Альфа-Банк,0,2026-06-18 11:12:27.291 +0300
e6633db8b4c0466143c3ba2ad76172f0,Лучи,Анапа,Анапа м.о.,Комфорт,ADM group / Вертикаль,2026-01-28,апартаменты,6,54.08,23623950.00,447000.00,С отделкой и мебелью,ФЛ,Нет,,0,2026-06-18 11:12:27.291 +0300
db76211186418edf0a2732cb5784f84b,На ул. Ленина 95,Новороссийск,Новороссийск м.о.,Бизнес,Выбор,2026-01-28,квартира,12,40.20,7427392.00,184761.00,Без отделки,ФЛ,Ипотека,ПАО Сбербанк России,0,2026-06-18 11:12:27.291 +0300
"657f63e930fe997bbb51f758ed370fb0",Кутузовский,Новороссийск,Новороссийск м.о.,Комфорт,МПМК Краснодарская-1,2026-01-28,квартира,5,45.80,7099000.00,155000.00,Без отделки,ФЛ,Ипотека,ПАО Сбербанк России,0,2026-06-18 11:12:27.291 +0300
"657f63e930fe997bbb51f758ed370fb0",Кутузовский,Новороссийск,Новороссийск м.о.,Комфорт,МПМК Краснодарская-1,2026-01-28,квартира,6,45.80,7099000.00,155000.00,Без отделки,ФЛ,Ипотека,ПАО Сбербанк России,300,2026-06-18 11:12:27.291 +0300
"937886a1c9205f225c86d9db67028971",Палаццо Де Агой / Гранд Отель Агой,Агой с.,Туапсинский м.о.,Бизнес+,ЯRus девелопмент,2026-01-28,апартаменты,2,28.70,30135000.00,1050000.00,С отделкой и мебелью,ФЛ,Нет,,0,2026-06-18 11:12:27.291 +0300
"937886a1c9205f225c86d9db67028971",Палаццо Де Агой / Гранд Отель Агой,Агой с.,Туапсинский м.о.,Бизнес+,ЯRus девелопмент,2026-01-28,апартаменты,2,29.50,30975000.00,1050000.00,С отделкой и мебелью,ФЛ,Нет,,0,2026-06-18 11:12:27.291 +0300
"5338417a484eca51d14d28b59e51946f",История-3,Южный п.,Динской м.о.,Комфорт,НВМ,2026-01-28,квартира,3,36.87,6820950.00,185000.00,Под чистовую,ФЛ,Ипотека,ПАО Сбербанк России,0,2026-06-18 11:12:27.291 +0300
"5338417a484eca51d14d28b59e51946f",История-3,Южный п.,Динской м.о.,Комфорт,НВМ,2026-01-28,квартира,6,51.14,8438100.00,165000.00,Под чистовую,ФЛ,Ипотека,ПАО Сбербанк России,0,2026-06-18 11:12:27.291 +0300
"5338417a484eca51d14d28b59e51946f",История-3,Южный п.,Динской м.о.,Комфорт,НВМ,2026-01-28,квартира,3,54.22,9198750.00,165000.00,Под чистовую,ФЛ,Ипотека,ПАО Сбербанк России,360,2026-06-18 11:12:27.291 +0300
ff419c6388dc514a57ae10206111048f,Южное море-2,Сочи,Сочи г.о.,Бизнес,Еврострой,2026-01-28,квартира,9,31.00,21235000.00,685000.00,Под чистовую и отделка как доп. опция,ФЛ,Нет,,0,2026-06-18 11:12:27.291 +0300
eca274b3055109ce9b54226b337d8781,Императорский парк,Анапа,Анапа м.о.,Комфорт,ОБД-Инвест,2026-01-28,квартира,6,45.20,9031050.00,199802.00,Под чистовую,ФЛ,Ипотека,Кубань Кредит,360,2026-06-18 11:12:27.291 +0300
"2e950b4ca0aa9edccfc33804f92be08a",Сады у моря,Темрюк,Темрюк м.о.,Комфорт,Каскад,2026-01-28,квартира,5,35.20,4928000.00,140000.00,"Под чистовую, отделка как доп. опция",ФЛ,Ипотека,ПАО Совкомбанк,0,2026-06-18 11:12:27.291 +0300
d21921fe8bb3cacb784b2f956744d149,Золотой Берег,Новороссийск,Новороссийск м.о.,Бизнес,Средастрой,2026-01-28,квартира,7,86.95,17365720.00,191000.00,"Под чистовую, отделка как доп. опция",ФЛ,Ипотека,ПАО Сбербанк России,360,2026-06-18 11:12:27.291 +0300
de2aa2f5a366bc2350a3e192512ea3e6,Цветной бульвар,Северская ст-ца,Северский м.о.,Комфорт,Точно,2026-01-28,квартира,4,38.90,4473500.00,115000.00,"Под чистовую, отделка как доп. опция",ФЛ,Ипотека,ПАО АКБ Абсолют Банк,269,2026-06-18 11:12:27.291 +0300
c5fc682cef8e118ca6caaa2ddeaeb433,Sun Garden Hotel,Анапа,Анапа м.о.,Премиум,Развитие,2026-01-29,нежилое помещение,2,38.30,0.00,0.00,,ФЛ,Нет,,0,2026-06-18 11:12:27.291 +0300
d21921fe8bb3cacb784b2f956744d149,Золотой Берег,Новороссийск,Новороссийск м.о.,Бизнес,Средастрой,2026-01-29,квартира,8,58.89,12543570.00,213000.00,"Под чистовую, отделка как доп. опция",ФЛ,Ипотека,ПАО Сбербанк России,0,2026-06-18 11:12:27.291 +0300
d21921fe8bb3cacb784b2f956744d149,Золотой Берег,Новороссийск,Новороссийск м.о.,Бизнес,Средастрой,2026-01-29,квартира,16,58.74,13099020.00,223000.00,"Под чистовую, отделка как доп. опция",ФЛ,Ипотека,ПАО Сбербанк России,360,2026-06-18 11:12:27.291 +0300
"441afa8fae5c94a584f16bc1baa6b237",Моренуар,Новороссийск,Новороссийск м.о.,Бизнес,Семья,2026-01-29,квартира,7,24.20,5638600.00,233000.00,Без отделки,ФЛ,Ипотека,ПАО Сбербанк России,0,2026-06-18 11:12:27.291 +0300
"54d8db3c6f1f18c3cd3c93aa1ce1a529",Белые ночи,Сочи,Сочи г.о.,Бизнес+,PARAD DEVELOPMENT,2026-01-29,апартаменты,4,45.64,36059981.00,790096.00,С отделкой и мебелью,ФЛ,Нет,,0,2026-06-18 11:12:27.291 +0300
"5338417a484eca51d14d28b59e51946f",История-3,Южный п.,Динской м.о.,Комфорт,НВМ,2026-01-29,квартира,2,43.99,8138150.00,185000.00,Под чистовую,ФЛ,Ипотека,ПАО Сбербанк России,0,2026-06-18 11:12:27.291 +0300
"5338417a484eca51d14d28b59e51946f",История-3,Южный п.,Динской м.о.,Комфорт,НВМ,2026-01-29,квартира,5,51.14,8438100.00,165000.00,Под чистовую,ФЛ,Ипотека,ПАО Сбербанк России,0,2026-06-18 11:12:27.291 +0300
"5338417a484eca51d14d28b59e51946f",История-3,Южный п.,Динской м.о.,Комфорт,НВМ,2026-01-29,квартира,7,22.55,4397250.00,195000.00,Под чистовую,ФЛ,Ипотека,ПАО Сбербанк России,312,2026-06-18 11:12:27.291 +0300
"45131c4ef8b37326fa1ad3d957bf531d",Усадьба Гостагаевская,Нижняя Гостагайка х.,Анапа м.о.,Бизнес-,ССК,2026-01-29,квартира,4,40.59,8523900.00,210000.00,Под чистовую и отделка как доп. опция,ФЛ,Ипотека,ПАО Совкомбанк,0,2026-06-18 11:12:27.291 +0300
bcbe2f39504cb084713ca0f161f31273,Кумир,Армавир,Армавир г.о.,Комфорт,АРТ ГРУПП,2026-01-29,квартира,3,21.51,3210000.00,149232.91,С отделкой,ФЛ,Ипотека,ПАО Сбербанк России,0,2026-06-18 11:12:27.291 +0300
"3b768d7a3423d87ca2500e86b3aa26e8",Мореград,Анапа,Анапа м.о.,Комфорт,ССК,2026-01-29,апартаменты,6,27.60,9384000.00,340000.00,С отделкой и мебелью,ФЛ,Ипотека,ПАО Совкомбанк,0,2026-06-18 11:12:27.291 +0300
"9648a6234501850e715607d4d244b13a",Botanica Hills,Небуг с.,Туапсинский м.о.,Комфорт,Метрикс Develoрment,2026-01-29,квартира,8,17.19,6229000.00,362361.84,"Под чистовую, отделка как доп. опция",ФЛ,Ипотека,ПАО Сбербанк России,360,2026-06-18 11:12:27.291 +0300
"9648a6234501850e715607d4d244b13a",Botanica Hills,Небуг с.,Туапсинский м.о.,Комфорт,Метрикс Develoрment,2026-01-29,квартира,8,28.66,8929620.00,311570.83,"Под чистовую, отделка как доп. опция",ФЛ,Ипотека,ПАО Сбербанк России,360,2026-06-18 11:12:27.291 +0300
"2be7f950954f9f0b079ca01c72d39a42",Морская Горгиппия,Анапа,Анапа м.о.,Эконом,ОБД-Инвест,2026-01-29,квартира,5,56.39,9570000.00,169711.00,Под чистовую,ФЛ,Нет,,0,2026-06-18 11:12:27.291 +0300
"657f63e930fe997bbb51f758ed370fb0",Кутузовский,Новороссийск,Новороссийск м.о.,Комфорт,МПМК Краснодарская-1,2026-01-29,квартира,14,45.80,7099000.00,155000.00,Без отделки,ФЛ,Ипотека,ПАО Сбербанк России,360,2026-06-18 11:12:27.291 +0300
a9a38adecaa6e2869a522a0d8169ab8b,Флорa,Сочи,Сочи г.о.,Комфорт,Неометрия,2026-01-30,квартира,12,25.50,11937950.00,468154.90,С отделкой и без,ФЛ,Ипотека,ПАО Промсвязьбанк,180,2026-06-18 11:12:27.291 +0300
a9a38adecaa6e2869a522a0d8169ab8b,Флорa,Сочи,Сочи г.о.,Комфорт,Неометрия,2026-01-30,квартира,10,37.00,12588700.00,340235.14,С отделкой и без,ФЛ,Ипотека,ПАО Банк ВТБ,362,2026-06-18 11:12:27.291 +0300
a9a38adecaa6e2869a522a0d8169ab8b,Флорa,Сочи,Сочи г.о.,Комфорт,Неометрия,2026-01-30,квартира,12,20.90,9991110.00,478043.54,С отделкой и без,ФЛ,Ипотека,ПАО Банк ВТБ,362,2026-06-18 11:12:27.291 +0300
eca274b3055109ce9b54226b337d8781,Императорский парк,Анапа,Анапа м.о.,Комфорт,ОБД-Инвест,2026-01-30,квартира,8,45.90,9325457.00,203169.00,Под чистовую и отделка как доп. опция,ФЛ,Ипотека,ПАО Сбербанк России,0,2026-06-18 11:12:27.291 +0300
eca274b3055109ce9b54226b337d8781,Императорский парк,Анапа,Анапа м.о.,Комфорт,ОБД-Инвест,2026-01-30,квартира,15,83.10,14804680.00,178155.00,Под чистовую и отделка как доп. опция,ФЛ,Нет,,0,2026-06-18 11:12:27.291 +0300
"2e950b4ca0aa9edccfc33804f92be08a",Сады у моря,Темрюк,Темрюк м.о.,Комфорт,Каскад,2026-01-30,квартира,4,22.96,3673600.00,160000.00,"Под чистовую, отделка как доп. опция",ФЛ,Ипотека,ПАО Сбербанк России,276,2026-06-18 11:12:27.291 +0300
"2e950b4ca0aa9edccfc33804f92be08a",Сады у моря,Темрюк,Темрюк м.о.,Комфорт,Каскад,2026-01-30,квартира,6,28.78,4748700.00,165000.00,"Под чистовую, отделка как доп. опция",ФЛ,Ипотека,ПАО Совкомбанк,360,2026-06-18 11:12:27.291 +0300
de2aa2f5a366bc2350a3e192512ea3e6,Цветной бульвар,Северская ст-ца,Северский м.о.,Комфорт,Точно,2026-01-30,квартира,6,38.90,4473500.00,115000.00,"Под чистовую, отделка как доп. опция",ФЛ,Ипотека,ПАО Сбербанк России,0,2026-06-18 11:12:27.291 +0300
"657f63e930fe997bbb51f758ed370fb0",Кутузовский,Новороссийск,Новороссийск м.о.,Комфорт,МПМК Краснодарская-1,2026-01-30,квартира,4,42.54,7329950.00,155000.00,Без отделки,ФЛ,Ипотека,ПАО Сбербанк России,0,2026-06-18 11:12:27.291 +0300
"77436a7722b713cff3de7d8e1397b4c2",Светский лес,Сочи,Сочи г.о.,Бизнес,Точно,2026-01-30,квартира,8,33.88,15415400.00,455000.00,Без отделки,ФЛ,Ипотека,ПАО Банк ВТБ,362,2026-06-18 11:12:27.291 +0300
"9648a6234501850e715607d4d244b13a",Botanica Hills,Небуг с.,Туапсинский м.о.,Комфорт,Метрикс Develoрment,2026-01-30,квартира,9,28.66,9102620.00,317607.12,"Под чистовую, отделка как доп. опция",ФЛ,Ипотека,ПАО Сбербанк России,360,2026-06-18 11:12:27.291 +0300
"5338417a484eca51d14d28b59e51946f",История-3,Южный п.,Динской м.о.,Комфорт,НВМ,2026-01-30,квартира,7,50.88,8395200.00,165000.00,Под чистовую,ФЛ,Ипотека,ПАО Банк ВТБ,362,2026-06-18 11:12:27.291 +0300
"5338417a484eca51d14d28b59e51946f",История-3,Южный п.,Динской м.о.,Комфорт,НВМ,2026-01-30,квартира,8,49.64,8438100.00,165000.00,Под чистовую,ФЛ,Ипотека,ПАО Сбербанк России,324,2026-06-18 11:12:27.291 +0300
"83e4b77e4c81fe02646c0317f082a5b3",Эден / Eden Family Hotel,Анапа,Анапа м.о.,Комфорт,Развитие,2026-01-30,апартаменты,5,53.70,13858090.00,258065.00,С отделкой и мебелью,ФЛ,Нет,,0,2026-06-18 11:12:27.291 +0300
"45131c4ef8b37326fa1ad3d957bf531d",Усадьба Гостагаевская,Нижняя Гостагайка х.,Анапа м.о.,Бизнес-,ССК,2026-01-30,квартира,3,40.09,8418900.00,210000.00,Под чистовую и отделка как доп. опция,ФЛ,Ипотека,ПАО Совкомбанк,0,2026-06-18 11:12:27.291 +0300
"45131c4ef8b37326fa1ad3d957bf531d",Усадьба Гостагаевская,Нижняя Гостагайка х.,Анапа м.о.,Бизнес-,ССК,2026-01-30,квартира,4,50.23,9794850.00,195000.00,Под чистовую и отделка как доп. опция,ФЛ,Ипотека,ПАО Сбербанк России,360,2026-06-18 11:12:27.291 +0300
e6d38729959f9b2f3f4d8a06dff18171,Кубанская усадьба,Ейск,Ейск г.о.,Эконом,КУБАНСКАЯ УСАДЬБА,2026-01-30,квартира,4,42.80,5319300.00,119000.00,"Под чистовую, отделка как доп. опция",ФЛ,Нет,,0,2026-06-18 11:12:27.291 +0300
fc98c3a43cd1680c1cb66c1523d44f4a,Дзенпарк,Марьянская ст.,Красноармейский м.о.,Комфорт,Средастрой,2026-01-30,квартира,3,22.80,2280000.00,100000.00,"Под чистовую, отделка как доп. опция",ФЛ,Ипотека,ПАО Сбербанк России,0,2026-06-18 11:12:27.291 +0300
"9648a6234501850e715607d4d244b13a",Botanica Hills,Небуг с.,Туапсинский м.о.,Комфорт,Метрикс Develoрment,2026-01-30,квартира,7,17.21,5842970.00,339510.17,"Под чистовую, отделка как доп. опция",ФЛ,Ипотека,ПАО Сбербанк России,360,2026-06-18 11:12:27.291 +0300
"71fa66dc65922c6a4364c32224375107",Центральный (Анапа),Анапа,Анапа м.о.,Комфорт,Гамма,2026-01-30,квартира,12,58.50,15502500.00,265000.00,Под чистовую и отделка как доп. опция,ФЛ,Нет,,0,2026-06-18 11:12:27.291 +0300
"441afa8fae5c94a584f16bc1baa6b237",Моренуар,Новороссийск,Новороссийск м.о.,Бизнес,Семья,2026-01-31,квартира,15,30.32,6906896.00,227800.00,Без отделки,ФЛ,Ипотека,ПАО Сбербанк России,0,2026-06-18 11:12:27.291 +0300
"9648a6234501850e715607d4d244b13a",Botanica Hills,Небуг с.,Туапсинский м.о.,Комфорт,Метрикс Develoрment,2026-01-31,квартира,1,23.36,7612000.00,325856.16,"Под чистовую, отделка как доп. опция",ФЛ,Ипотека,ПАО Сбербанк России,360,2026-06-18 11:12:27.291 +0300
"45131c4ef8b37326fa1ad3d957bf531d",Усадьба Гостагаевская,Нижняя Гостагайка х.,Анапа м.о.,Бизнес-,ССК,2026-01-31,квартира,2,34.56,7257600.00,210000.00,Под чистовую и отделка как доп. опция,ФЛ,Ипотека,ПАО Сбербанк России,360,2026-06-18 11:12:27.291 +0300
"45131c4ef8b37326fa1ad3d957bf531d",Усадьба Гостагаевская,Нижняя Гостагайка х.,Анапа м.о.,Бизнес-,ССК,2026-01-31,квартира,3,41.58,8731800.00,210000.00,Под чистовую и отделка как доп. опция,ФЛ,Ипотека,ПАО Совкомбанк,0,2026-06-18 11:12:27.291 +0300
"657f63e930fe997bbb51f758ed370fb0",Кутузовский,Новороссийск,Новороссийск м.о.,Комфорт,МПМК Краснодарская-1,2026-01-31,квартира,11,47.29,7329950.00,155000.00,Без отделки,ФЛ,Ипотека,ПАО Сбербанк России,240,2026-06-18 11:12:27.291 +0300
bcbe2f39504cb084713ca0f161f31273,Кумир,Армавир,Армавир г.о.,Комфорт,АРТ ГРУПП,2026-02-02,квартира,4,42.62,5720000.00,134209.29,С отделкой,ФЛ,Нет,,0,2026-06-18 11:12:27.291 +0300
e6633db8b4c0466143c3ba2ad76172f0,Лучи,Анапа,Анапа м.о.,Комфорт,ADM group / Вертикаль,2026-02-02,апартаменты,3,37.26,19710540.00,529000.00,С отделкой и мебелью,ФЛ,Нет,,0,2026-06-18 11:12:27.291 +0300
"018074db013670b10cd1d3367521d2a2",Барса,Новороссийск,Новороссийск м.о.,Бизнес,Точно,2026-02-02,квартира,16,55.20,17774400.00,322000.00,Под чистовую и отделка как доп. опция,ФЛ,Ипотека,ПАО Сбербанк России,0,2026-06-18 11:12:27.291 +0300
a9a38adecaa6e2869a522a0d8169ab8b,Флорa,Сочи,Сочи г.о.,Комфорт,Неометрия,2026-02-02,квартира,5,37.10,14937360.00,402624.26,С отделкой и без,ФЛ,Ипотека,ПАО Банк ВТБ,290,2026-06-18 11:12:27.291 +0300
a9a38adecaa6e2869a522a0d8169ab8b,Флорa,Сочи,Сочи г.о.,Комфорт,Неометрия,2026-02-02,квартира,8,37.10,15044950.00,405524.26,С отделкой и без,ФЛ,Ипотека,АО Альфа-Банк,144,2026-06-18 11:12:27.291 +0300
a9a38adecaa6e2869a522a0d8169ab8b,Флорa,Сочи,Сочи г.о.,Комфорт,Неометрия,2026-02-02,квартира,9,43.30,19469760.00,449648.04,С отделкой и без,ФЛ,Ипотека,ПАО Совкомбанк,228,2026-06-18 11:12:27.291 +0300
e5e61a34deb4e2a00a451c3583de406d,Поляна Пик,Красная поляна пгт,Сочи г.о.,Элитный,МЕТРОПОЛИС,2026-02-02,апартаменты,1,48.60,72900000.00,1500000.00,С отделкой и мебелью,ФЛ,Нет,,0,2026-06-18 11:12:27.291 +0300
"018074db013670b10cd1d3367521d2a2",Барса,Новороссийск,Новороссийск м.о.,Бизнес,Точно,2026-02-03,квартира,22,55.20,16399920.00,297100.00,Под чистовую и отделка как доп. опция,ФЛ,Нет,,0,2026-06-18 11:12:27.291 +0300
"6f776fa5e4fa77d5561ca9a0ac15bbf1",Море Море,Новороссийск,Новороссийск м.о.,Бизнес,Черное море,2026-02-03,квартира,8,86.90,12331612.00,175664.00,Без отделки,ФЛ,Нет,,0,2026-06-18 11:12:27.291 +0300
"6f776fa5e4fa77d5561ca9a0ac15bbf1",Море Море,Новороссийск,Новороссийск м.о.,Бизнес,Черное море,2026-02-03,квартира,10,81.10,14738154.00,175831.00,Без отделки,ФЛ,Нет,,0,2026-06-18 11:12:27.291 +0300
"6f776fa5e4fa77d5561ca9a0ac15bbf1",Море Море,Новороссийск,Новороссийск м.о.,Бизнес,Черное море,2026-02-03,квартира,10,80.30,14734637.00,175831.00,Без отделки,ФЛ,Нет,,0,2026-06-18 11:12:27.291 +0300
"6f776fa5e4fa77d5561ca9a0ac15bbf1",Море Море,Новороссийск,Новороссийск м.о.,Бизнес,Черное море,2026-02-03,квартира,3,46.70,9026189.00,186107.00,Без отделки,ФЛ,Нет,,0,2026-06-18 11:12:27.291 +0300
"6f776fa5e4fa77d5561ca9a0ac15bbf1",Море Море,Новороссийск,Новороссийск м.о.,Бизнес,Черное море,2026-02-03,квартира,3,50.20,10189358.00,186107.00,Без отделки,ФЛ,Нет,,0,2026-06-18 11:12:27.291 +0300
"6f776fa5e4fa77d5561ca9a0ac15bbf1",Море Море,Новороссийск,Новороссийск м.о.,Бизнес,Черное море,2026-02-03,квартира,7,46.70,9026189.00,186107.00,Без отделки,ФЛ,Нет,,0,2026-06-18 11:12:27.291 +0300
"6f776fa5e4fa77d5561ca9a0ac15bbf1",Море Море,Новороссийск,Новороссийск м.о.,Бизнес,Черное море,2026-02-03,квартира,13,46.70,9026189.00,186107.00,Без отделки,ФЛ,Нет,,0,2026-06-18 11:12:27.291 +0300
"6f776fa5e4fa77d5561ca9a0ac15bbf1",Море Море,Новороссийск,Новороссийск м.о.,Бизнес,Черное море,2026-02-03,квартира,13,50.20,10189358.00,186107.00,Без отделки,ФЛ,Нет,,0,2026-06-18 11:12:27.291 +0300
"6f776fa5e4fa77d5561ca9a0ac15bbf1",Море Море,Новороссийск,Новороссийск м.о.,Бизнес,Черное море,2026-02-03,квартира,11,37.70,7200479.00,186107.00,Без отделки,ФЛ,Нет,,0,2026-06-18 11:12:27.291 +0300
"6f776fa5e4fa77d5561ca9a0ac15bbf1",Море Море,Новороссийск,Новороссийск м.о.,Бизнес,Черное море,2026-02-03,квартира,16,62.10,11541124.00,175664.00,Без отделки,ФЛ,Нет,,0,2026-06-18 11:12:27.291 +0300
"6f776fa5e4fa77d5561ca9a0ac15bbf1",Море Море,Новороссийск,Новороссийск м.о.,Бизнес,Черное море,2026-02-03,квартира,16,37.90,7200479.00,186107.00,Без отделки,ФЛ,Нет,,0,2026-06-18 11:12:27.291 +0300
"6f776fa5e4fa77d5561ca9a0ac15bbf1",Море Море,Новороссийск,Новороссийск м.о.,Бизнес,Черное море,2026-02-03,квартира,16,86.90,15833581.00,175831.00,Без отделки,ФЛ,Нет,,0,2026-06-18 11:12:27.291 +0300
"6f776fa5e4fa77d5561ca9a0ac15bbf1",Море Море,Новороссийск,Новороссийск м.о.,Бизнес,Черное море,2026-02-03,квартира,10,67.00,12006634.00,175664.00,Без отделки,ФЛ,Нет,,0,2026-06-18 11:12:27.291 +0300
"6f776fa5e4fa77d5561ca9a0ac15bbf1",Море Море,Новороссийск,Новороссийск м.о.,Бизнес,Черное море,2026-02-03,квартира,11,58.20,10634698.00,175664.00,Без отделки,ФЛ,Нет,,0,2026-06-18 11:12:27.291 +0300
"6f776fa5e4fa77d5561ca9a0ac15bbf1",Море Море,Новороссийск,Новороссийск м.о.,Бизнес,Черное море,2026-02-03,квартира,16,39.80,7200479.00,186107.00,Без отделки,ФЛ,Нет,,0,2026-06-18 11:12:27.291 +0300
"77436a7722b713cff3de7d8e1397b4c2",Светский лес,Сочи,Сочи г.о.,Бизнес,Точно,2026-02-03,квартира,10,47.49,21949750.00,475000.00,Без отделки,ФЛ,Нет,,0,2026-06-18 11:12:27.291 +0300
"77436a7722b713cff3de7d8e1397b4c2",Светский лес,Сочи,Сочи г.о.,Бизнес,Точно,2026-02-03,квартира,9,43.38,20171700.00,465000.00,Без отделки,ФЛ,Ипотека,ПАО Сбербанк России,144,2026-06-18 11:12:27.291 +0300
"9648a6234501850e715607d4d244b13a",Botanica Hills,Небуг с.,Туапсинский м.о.,Комфорт,Метрикс Develoрment,2026-02-03,квартира,8,33.46,9841220.00,294118.95,"Под чистовую, отделка как доп. опция",ФЛ,Нет,,0,2026-06-18 11:12:27.291 +0300
"45131c4ef8b37326fa1ad3d957bf531d",Усадьба Гостагаевская,Нижняя Гостагайка х.,Анапа м.о.,Бизнес-,ССК,2026-02-03,квартира,1,63.65,12411750.00,195000.00,Под чистовую и отделка как доп. опция,ФЛ,Нет,,0,2026-06-18 11:12:27.291 +0300
"441afa8fae5c94a584f16bc1baa6b237",Моренуар,Новороссийск,Новороссийск м.о.,Бизнес,Семья,2026-02-03,квартира,7,47.80,9799000.00,205000.00,Без отделки,ФЛ,Ипотека,АО Альфа-Банк,180,2026-06-18 11:12:27.291 +0300
"441afa8fae5c94a584f16bc1baa6b237",Моренуар,Новороссийск,Новороссийск м.о.,Бизнес,Семья,2026-02-03,квартира,16,39.10,6919024.00,228200.00,Без отделки,ФЛ,Ипотека,ПАО БАНК УРАЛСИБ,0,2026-06-18 11:12:27.291 +0300
e5e61a34deb4e2a00a451c3583de406d,Поляна Пик,Красная поляна пгт,Сочи г.о.,Элитный,МЕТРОПОЛИС,2026-02-03,апартаменты,3,54.80,72610000.00,1325000.00,С отделкой и мебелью,ФЛ,Нет,,0,2026-06-18 11:12:27.291 +0300
db76211186418edf0a2732cb5784f84b,На ул. Ленина 95,Новороссийск,Новороссийск м.о.,Бизнес,Выбор,2026-02-04,квартира,7,44.40,8203388.00,184761.00,Без отделки,ФЛ,Ипотека,ПАО Сбербанк России,0,2026-06-18 11:12:27.291 +0300
"77436a7722b713cff3de7d8e1397b4c2",Светский лес,Сочи,Сочи г.о.,Бизнес,Точно,2026-02-04,квартира,10,37.32,16398200.00,455000.00,Без отделки,ФЛ,Ипотека,ПАО Сбербанк России,336,2026-06-18 11:12:27.291 +0300
"54d8db3c6f1f18c3cd3c93aa1ce1a529",Белые ночи,Сочи,Сочи г.о.,Бизнес+,PARAD DEVELOPMENT,2026-02-04,апартаменты,2,28.85,22794269.00,790096.00,С отделкой и мебелью,ФЛ,Ипотека,ПАО Сбербанк России,360,2026-06-18 11:12:27.291 +0300
ff419c6388dc514a57ae10206111048f,Южное море-2,Сочи,Сочи г.о.,Бизнес,Еврострой,2026-02-04,квартира,5,31.60,21646000.00,685000.00,Под чистовую и отделка как доп. опция,ФЛ,Нет,,0,2026-06-18 11:12:27.291 +0300
"54d8db3c6f1f18c3cd3c93aa1ce1a529",Белые ночи,Сочи,Сочи г.о.,Бизнес+,PARAD DEVELOPMENT,2026-02-04,апартаменты,6,38.09,30094756.00,790096.00,С отделкой и мебелью,ЮЛ,Нет,,0,2026-06-18 11:12:27.291 +0300
"3b768d7a3423d87ca2500e86b3aa26e8",Мореград,Анапа,Анапа м.о.,Комфорт,ССК,2026-02-05,апартаменты,3,48.70,15194400.00,312000.00,С отделкой и мебелью,ФЛ,Ипотека,АО Альфа-Банк,0,2026-06-18 11:12:27.291 +0300
"3b768d7a3423d87ca2500e86b3aa26e8",Мореград,Анапа,Анапа м.о.,Комфорт,ССК,2026-02-05,апартаменты,4,24.30,8869500.00,365000.00,С отделкой и мебелью,ФЛ,Ипотека,ПАО Сбербанк России,300,2026-06-18 11:12:27.291 +0300
"2e950b4ca0aa9edccfc33804f92be08a",Сады у моря,Темрюк,Темрюк м.о.,Комфорт,Каскад,2026-02-06,квартира,2,23.30,4077500.00,175000.00,"Под чистовую, отделка как доп. опция",ФЛ,Нет,,0,2026-06-18 11:12:27.291 +0300
"83e4b77e4c81fe02646c0317f082a5b3",Эден / Eden Family Hotel,Анапа,Анапа м.о.,Комфорт,Развитие,2026-02-06,апартаменты,3,53.70,13644042.00,254079.01,С отделкой и мебелью,ФЛ,Нет,,0,2026-06-18 11:12:27.291 +0300
ff419c6388dc514a57ae10206111048f,Южное море-2,Сочи,Сочи г.о.,Бизнес,Еврострой,2026-02-06,квартира,5,25.90,17741500.00,685000.00,Под чистовую и отделка как доп. опция,ФЛ,Ипотека,АО Альфа-Банк,0,2026-06-18 11:12:27.291 +0300
ff419c6388dc514a57ae10206111048f,Южное море-2,Сочи,Сочи г.о.,Бизнес,Еврострой,2026-02-06,квартира,8,48.60,32562000.00,670000.00,Под чистовую и отделка как доп. опция,ФЛ,Нет,,0,2026-06-18 11:12:27.291 +0300
fc98c3a43cd1680c1cb66c1523d44f4a,Дзенпарк,Марьянская ст.,Красноармейский м.о.,Комфорт,Средастрой,2026-02-07,квартира,3,20.10,2412000.00,120000.00,"Под чистовую, отделка как доп. опция",ФЛ,Нет,,0,2026-06-18 11:12:27.291 +0300
"2e950b4ca0aa9edccfc33804f92be08a",Сады у моря,Темрюк,Темрюк м.о.,Комфорт,Каскад,2026-02-09,квартира,8,35.20,5456000.00,155000.00,"Под чистовую, отделка как доп. опция",ФЛ,Ипотека,ПАО Сбербанк России,240,2026-06-18 11:12:27.291 +0300
ecdd2060c65010326879068843af8e13,Хозяин морей,Анапа,Анапа м.о.,Бизнес,Точно,2026-02-09,квартира,8,63.10,13760850.00,230500.00,Под чистовую и отделка как доп. опция,ФЛ,Нет,,0,2026-06-18 11:12:27.291 +0300
fc98c3a43cd1680c1cb66c1523d44f4a,Дзенпарк,Марьянская ст.,Красноармейский м.о.,Комфорт,Средастрой,2026-02-09,квартира,2,35.30,3883000.00,110000.00,"Под чистовую, отделка как доп. опция",ФЛ,Ипотека,ПАО Сбербанк России,0,2026-06-18 11:12:27.291 +0300
c5fc682cef8e118ca6caaa2ddeaeb433,Sun Garden Hotel,Анапа,Анапа м.о.,Премиум,Развитие,2026-02-10,нежилое помещение,2,40.90,0.00,0.00,,ФЛ,Нет,,0,2026-06-18 11:12:27.291 +0300
f158b53bd4c44a603ef7f54d61d1f267,Море тут,Голубицкая ст-ца,Темрюк м.о.,Бизнес,Каскад,2026-02-10,апартаменты,3,30.50,9760000.00,320000.00,"С отделкой, мебель как доп. опция",ФЛ,Нет,,0,2026-06-18 11:12:27.291 +0300
"9648a6234501850e715607d4d244b13a",Botanica Hills,Небуг с.,Туапсинский м.о.,Комфорт,Метрикс Develoрment,2026-02-10,квартира,6,17.97,6003000.00,334056.76,"Под чистовую, отделка как доп. опция",ФЛ,Нет,,0,2026-06-18 11:12:27.291 +0300
d21921fe8bb3cacb784b2f956744d149,Золотой Берег,Новороссийск,Новороссийск м.о.,Бизнес,Средастрой,2026-02-11,квартира,2,57.52,12787880.00,218000.00,"Под чистовую, отделка как доп. опция",ФЛ,Ипотека,ПАО Сбербанк России,0,2026-06-18 11:12:27.291 +0300
"441afa8fae5c94a584f16bc1baa6b237",Моренуар,Новороссийск,Новороссийск м.о.,Бизнес,Семья,2026-02-11,квартира,14,39.10,8581668.00,210800.00,Без отделки,ФЛ,Ипотека,ПАО Банк ВТБ,0,2026-06-18 11:12:27.291 +0300
"441afa8fae5c94a584f16bc1baa6b237",Моренуар,Новороссийск,Новороссийск м.о.,Бизнес,Семья,2026-02-11,квартира,8,38.03,7849392.00,206400.00,Без отделки,ФЛ,Нет,,0,2026-06-18 11:12:27.291 +0300
"3b768d7a3423d87ca2500e86b3aa26e8",Мореград,Анапа,Анапа м.о.,Комфорт,ССК,2026-02-11,апартаменты,9,23.30,8737500.00,375000.00,С отделкой и мебелью,ФЛ,Ипотека,ПАО Сбербанк России,360,2026-06-18 11:12:27.291 +0300
d21921fe8bb3cacb784b2f956744d149,Золотой Берег,Новороссийск,Новороссийск м.о.,Бизнес,Средастрой,2026-02-11,квартира,17,58.89,13426920.00,228000.00,"Под чистовую, отделка как доп. опция",ФЛ,Нет,,0,2026-06-18 11:12:27.291 +0300
ecdd2060c65010326879068843af8e13,Хозяин морей,Анапа,Анапа м.о.,Бизнес,Точно,2026-02-12,квартира,6,38.00,8880600.00,246000.00,Под чистовую и отделка как доп. опция,ФЛ,Нет,,0,2026-06-18 11:12:27.291 +0300
ff419c6388dc514a57ae10206111048f,Южное море-2,Сочи,Сочи г.о.,Бизнес,Еврострой,2026-02-12,квартира,8,31.60,21646000.00,685000.00,Под чистовую и отделка как доп. опция,ФЛ,Нет,,0,2026-06-18 11:12:27.291 +0300
"9648a6234501850e715607d4d244b13a",Botanica Hills,Небуг с.,Туапсинский м.о.,Комфорт,Метрикс Develoрment,2026-02-13,квартира,7,36.94,10158500.00,275000.00,"Под чистовую, отделка как доп. опция",ФЛ,Нет,,0,2026-06-18 11:12:27.291 +0300
"77436a7722b713cff3de7d8e1397b4c2",Светский лес,Сочи,Сочи г.о.,Бизнес,Точно,2026-02-13,квартира,9,53.92,25342400.00,470000.00,Без отделки,ФЛ,Нет,,0,2026-06-18 11:12:27.291 +0300
"77436a7722b713cff3de7d8e1397b4c2",Светский лес,Сочи,Сочи г.о.,Бизнес,Точно,2026-02-13,квартира,11,37.60,16920000.00,450000.00,Без отделки,ФЛ,Ипотека,АО Тинькофф Банк,120,2026-06-18 11:12:27.291 +0300
bcbe2f39504cb084713ca0f161f31273,Кумир,Армавир,Армавир г.о.,Комфорт,АРТ ГРУПП,2026-02-13,квартира,7,4262.00,5720000.00,134209.29,С отделкой,ФЛ,Ипотека,Российская Федерация,0,2026-06-18 11:12:27.291 +0300
"3b768d7a3423d87ca2500e86b3aa26e8",Мореград,Анапа,Анапа м.о.,Комфорт,ССК,2026-02-13,апартаменты,7,24.10,8676000.00,360000.00,С отделкой и мебелью,ФЛ,Нет,,0,2026-06-18 11:12:27.291 +0300
"3b768d7a3423d87ca2500e86b3aa26e8",Мореград,Анапа,Анапа м.о.,Комфорт,ССК,2026-02-13,апартаменты,8,27.30,9555000.00,350000.00,С отделкой и мебелью,ФЛ,Ипотека,АО Альфа-Банк,0,2026-06-18 11:12:27.291 +0300
"54d8db3c6f1f18c3cd3c93aa1ce1a529",Белые ночи,Сочи,Сочи г.о.,Бизнес+,PARAD DEVELOPMENT,2026-02-13,апартаменты,4,38.09,30094756.00,790096.00,С отделкой и мебелью,ФЛ,Ипотека,ПАО Сбербанк России,180,2026-06-18 11:12:27.291 +0300
"35a72d196e250ef1eb9982bb9c378ef1",Сиалия,Сочи,Сочи г.о.,Бизнес+,GRAVION,2026-02-13,апартаменты,4,30.77,31267089.00,1016155.00,С отделкой и мебелью,ФЛ,Нет,,0,2026-06-18 11:12:27.291 +0300
"35a72d196e250ef1eb9982bb9c378ef1",Сиалия,Сочи,Сочи г.о.,Бизнес+,GRAVION,2026-02-13,апартаменты,4,30.77,31267089.00,1016155.00,С отделкой и мебелью,ФЛ,Нет,,0,2026-06-18 11:12:27.291 +0300
"35a72d196e250ef1eb9982bb9c378ef1",Сиалия,Сочи,Сочи г.о.,Бизнес+,GRAVION,2026-02-13,апартаменты,4,30.77,31267089.00,1016155.00,С отделкой и мебелью,ФЛ,Нет,,0,2026-06-18 11:12:27.291 +0300
"35a72d196e250ef1eb9982bb9c378ef1",Сиалия,Сочи,Сочи г.о.,Бизнес+,GRAVION,2026-02-13,апартаменты,4,30.77,31267089.00,1016155.00,С отделкой и мебелью,ФЛ,Нет,,0,2026-06-18 11:12:27.291 +0300
"35a72d196e250ef1eb9982bb9c378ef1",Сиалия,Сочи,Сочи г.о.,Бизнес+,GRAVION,2026-02-13,апартаменты,4,30.77,31267089.00,1016155.00,С отделкой и мебелью,ФЛ,Нет,,0,2026-06-18 11:12:27.291 +0300
"35a72d196e250ef1eb9982bb9c378ef1",Сиалия,Сочи,Сочи г.о.,Бизнес+,GRAVION,2026-02-13,апартаменты,4,30.77,31267089.00,1016155.00,С отделкой и мебелью,ФЛ,Нет,,0,2026-06-18 11:12:27.291 +0300
"657f63e930fe997bbb51f758ed370fb0",Кутузовский,Новороссийск,Новороссийск м.о.,Комфорт,МПМК Краснодарская-1,2026-01-05,квартира,1,41.44,6541500.00,150000.00,Без отделки,ФЛ,Ипотека,ПАО Сбербанк России,0,2026-06-18 11:12:27.291 +0300
bcd90c1f7a745d86700f5d01f8ea550c,Кипарис,Сукко с.,Анапа м.о.,Комфорт,Bravo,2026-01-12,квартира,5,39.80,10975140.00,265100.00,С отделкой,ФЛ,Ипотека,ПАО Сбербанк России,0,2026-06-18 11:12:27.291 +0300
d21921fe8bb3cacb784b2f956744d149,Золотой Берег,Новороссийск,Новороссийск м.о.,Бизнес,Средастрой,2026-01-13,квартира,8,78.82,17574190.00,211000.00,"Под чистовую, отделка как доп. опция",ФЛ,Нет,,0,2026-06-18 11:12:27.291 +0300
bcbe2f39504cb084713ca0f161f31273,Кумир,Армавир,Армавир г.о.,Комфорт,АРТ ГРУПП,2026-01-13,квартира,12,42.97,5870000.00,136606.94,С отделкой,ФЛ,Нет,,0,2026-06-18 11:12:27.291 +0300
de2aa2f5a366bc2350a3e192512ea3e6,Цветной бульвар,Северская ст-ца,Северский м.о.,Комфорт,Точно,2026-01-14,квартира,3,38.90,4473500.00,115000.00,"Под чистовую, отделка как доп. опция",ФЛ,Нет,,0,2026-06-18 11:12:27.291 +0300
de2aa2f5a366bc2350a3e192512ea3e6,Цветной бульвар,Северская ст-ца,Северский м.о.,Комфорт,Точно,2026-01-14,квартира,6,38.90,4473500.00,115000.00,"Под чистовую, отделка как доп. опция",ФЛ,Ипотека,ПАО Сбербанк России,0,2026-06-18 11:12:27.291 +0300
bcd90c1f7a745d86700f5d01f8ea550c,Кипарис,Сукко с.,Анапа м.о.,Комфорт,Bravo,2026-01-16,квартира,6,34.60,9563440.00,276400.00,С отделкой,ФЛ,Ипотека,ПАО Совкомбанк,0,2026-06-18 11:12:27.291 +0300
bcd90c1f7a745d86700f5d01f8ea550c,Кипарис,Сукко с.,Анапа м.о.,Комфорт,Bravo,2026-01-16,квартира,4,37.30,10186630.00,273100.00,С отделкой,ФЛ,Ипотека,ПАО Совкомбанк,0,2026-06-18 11:12:27.291 +0300
bcbe2f39504cb084713ca0f161f31273,Кумир,Армавир,Армавир г.о.,Комфорт,АРТ ГРУПП,2026-01-17,квартира,5,31.82,4750000.00,149277.18,С отделкой,ФЛ,Ипотека,ПАО Сбербанк России,0,2026-06-18 11:12:27.291 +0300
bcbe2f39504cb084713ca0f161f31273,Кумир,Армавир,Армавир г.о.,Комфорт,АРТ ГРУПП,2026-01-19,квартира,9,37.87,5420000.00,143121.20,С отделкой,ФЛ,Ипотека,ПАО Сбербанк России,0,2026-06-18 11:12:27.291 +0300
cd79aaec49ed291d447706161ddcbbcd,Морелло,Анапа,Анапа м.о.,Бизнес,Каскад,2026-01-19,апартаменты,8,28.80,11203200.00,389000.00,С отделкой,ФЛ,Нет,,0,2026-06-18 11:12:27.291 +0300
"77436a7722b713cff3de7d8e1397b4c2",Светский лес,Сочи,Сочи г.о.,Бизнес,Точно,2026-01-19,квартира,6,71.34,30804400.00,440000.00,Без отделки,ФЛ,Нет,,0,2026-06-18 11:12:27.291 +0300
bcd90c1f7a745d86700f5d01f8ea550c,Кипарис,Сукко с.,Анапа м.о.,Комфорт,Bravo,2026-01-19,квартира,8,34.80,9583920.00,275400.00,С отделкой,ФЛ,Ипотека,ПАО Совкомбанк,0,2026-06-18 11:12:27.291 +0300
"77436a7722b713cff3de7d8e1397b4c2",Светский лес,Сочи,Сочи г.о.,Бизнес,Точно,2026-01-20,квартира,14,71.00,32048200.00,460000.00,Без отделки,ФЛ,Ипотека,ПАО Сбербанк России,240,2026-06-18 11:12:27.291 +0300
bcd90c1f7a745d86700f5d01f8ea550c,Кипарис,Сукко с.,Анапа м.о.,Комфорт,Bravo,2026-01-20,квартира,6,37.30,10261230.00,275100.00,С отделкой,ФЛ,Ипотека,ПАО Сбербанк России,0,2026-06-18 11:12:27.291 +0300
bcbe2f39504cb084713ca0f161f31273,Кумир,Армавир,Армавир г.о.,Комфорт,АРТ ГРУПП,2026-01-21,квартира,13,31.82,4750000.00,149277.18,С отделкой,ФЛ,Ипотека,ПАО Сбербанк России,0,2026-06-18 11:12:27.291 +0300
bcbe2f39504cb084713ca0f161f31273,Кумир,Армавир,Армавир г.о.,Комфорт,АРТ ГРУПП,2026-01-21,квартира,16,31.82,4750000.00,149277.18,С отделкой,ФЛ,Ипотека,ПАО Сбербанк России,0,2026-06-18 11:12:27.291 +0300
bcbe2f39504cb084713ca0f161f31273,Кумир,Армавир,Армавир г.о.,Комфорт,АРТ ГРУПП,2026-01-22,квартира,4,31.82,4750000.00,149277.18,С отделкой,ФЛ,Ипотека,ПАО Сбербанк России,0,2026-06-18 11:12:27.291 +0300
"77436a7722b713cff3de7d8e1397b4c2",Светский лес,Сочи,Сочи г.о.,Бизнес,Точно,2026-01-23,квартира,4,70.56,30461200.00,440000.00,Без отделки,ФЛ,Нет,,0,2026-06-18 11:12:27.291 +0300
d21921fe8bb3cacb784b2f956744d149,Золотой Берег,Новороссийск,Новороссийск м.о.,Бизнес,Средастрой,2026-01-25,квартира,11,54.00,11502000.00,213000.00,"Под чистовую, отделка как доп. опция",ФЛ,Ипотека,ПАО Сбербанк России,0,2026-06-18 11:12:27.291 +0300
de2aa2f5a366bc2350a3e192512ea3e6,Цветной бульвар,Северская ст-ца,Северский м.о.,Комфорт,Точно,2026-01-26,квартира,4,74.42,6697800.00,90000.00,"Под чистовую, отделка как доп. опция",ФЛ,Ипотека,АО Альфа-Банк,0,2026-06-18 11:12:27.291 +0300
bcbe2f39504cb084713ca0f161f31273,Кумир,Армавир,Армавир г.о.,Комфорт,АРТ ГРУПП,2026-01-26,квартира,6,31.82,4750000.00,149277.18,С отделкой,ФЛ,Ипотека,ПАО Сбербанк России,0,2026-06-18 11:12:27.291 +0300
bcbe2f39504cb084713ca0f161f31273,Кумир,Армавир,Армавир г.о.,Комфорт,АРТ ГРУПП,2026-01-26,квартира,8,31.82,4750000.00,149277.18,С отделкой,ФЛ,Ипотека,ПАО Сбербанк России,0,2026-06-18 11:12:27.291 +0300
c3028cdce2d1e3a2f15299987af0ae59,Южная долина,Крымск,Крымск м.о.,Эконом,ВКБ-Новостройки,2026-01-26,квартира,8,45.18,4957000.00,109716.69,С отделкой,ФЛ,Ипотека,НЕИЗВЕСТНО,218,2026-06-18 11:12:27.291 +0300
bcbe2f39504cb084713ca0f161f31273,Кумир,Армавир,Армавир г.о.,Комфорт,АРТ ГРУПП,2026-01-27,квартира,17,38.05,5400000.00,141918.53,С отделкой,ФЛ,Ипотека,ПАО Сбербанк России,0,2026-06-18 11:12:27.291 +0300
cd79aaec49ed291d447706161ddcbbcd,Морелло,Анапа,Анапа м.о.,Бизнес,Каскад,2026-01-27,апартаменты,9,3090.00,20085000.00,650000.00,С отделкой и мебелью,ФЛ,Нет,,0,2026-06-18 11:12:27.291 +0300
"657f63e930fe997bbb51f758ed370fb0",Кутузовский,Новороссийск,Новороссийск м.о.,Комфорт,МПМК Краснодарская-1,2026-01-27,квартира,11,43.77,6518928.00,148936.00,Без отделки,ФЛ,Ипотека,ПАО Сбербанк России,240,2026-06-18 11:12:27.291 +0300
de2aa2f5a366bc2350a3e192512ea3e6,Цветной бульвар,Северская ст-ца,Северский м.о.,Комфорт,Точно,2026-01-27,квартира,7,55.55,6110500.00,110000.00,"Под чистовую, отделка как доп. опция",ФЛ,Ипотека,ПАО Сбербанк России,360,2026-06-18 11:12:27.291 +0300
c3028cdce2d1e3a2f15299987af0ae59,Южная долина,Крымск,Крымск м.о.,Эконом,ВКБ-Новостройки,2026-01-29,квартира,2,48.37,4910000.00,101509.20,С отделкой,ФЛ,Ипотека,ПАО Сбербанк России,360,2026-06-18 11:12:27.291 +0300
c3028cdce2d1e3a2f15299987af0ae59,Южная долина,Крымск,Крымск м.о.,Эконом,ВКБ-Новостройки,2026-01-29,квартира,4,29.34,3486000.00,118813.91,С отделкой,ФЛ,Ипотека,ПАО Совкомбанк,0,2026-06-18 11:12:27.291 +0300
bcd90c1f7a745d86700f5d01f8ea550c,Кипарис,Сукко с.,Анапа м.о.,Комфорт,Bravo,2026-01-29,квартира,3,35.00,9604000.00,274400.00,С отделкой,ФЛ,Ипотека,АО Альфа-Банк,0,2026-06-18 11:12:27.291 +0300
bcd90c1f7a745d86700f5d01f8ea550c,Кипарис,Сукко с.,Анапа м.о.,Комфорт,Bravo,2026-01-29,квартира,4,35.50,10071350.00,283700.00,С отделкой,ФЛ,Ипотека,ПАО Сбербанк России,360,2026-06-18 11:12:27.291 +0300
bcd90c1f7a745d86700f5d01f8ea550c,Кипарис,Сукко с.,Анапа м.о.,Комфорт,Bravo,2026-01-29,квартира,6,38.70,10452870.00,270100.00,С отделкой,ФЛ,Ипотека,ПАО Совкомбанк,0,2026-06-18 11:12:27.291 +0300
de2aa2f5a366bc2350a3e192512ea3e6,Цветной бульвар,Северская ст-ца,Северский м.о.,Комфорт,Точно,2026-01-30,квартира,3,75.64,6958880.00,92000.00,"Под чистовую, отделка как доп. опция",ФЛ,Ипотека,ПАО Банк ВТБ,0,2026-06-18 11:12:27.291 +0300
cd79aaec49ed291d447706161ddcbbcd,Морелло,Анапа,Анапа м.о.,Бизнес,Каскад,2026-02-02,апартаменты,5,25.80,16560000.00,450000.00,С отделкой и мебелью,ФЛ,Нет,,0,2026-06-18 11:12:27.291 +0300
bcbe2f39504cb084713ca0f161f31273,Кумир,Армавир,Армавир г.о.,Комфорт,АРТ ГРУПП,2026-02-03,квартира,13,31.82,4750000.00,149277.18,С отделкой,ФЛ,Нет,,0,2026-06-18 11:12:27.291 +0300
cd79aaec49ed291d447706161ddcbbcd,Морелло,Анапа,Анапа м.о.,Бизнес,Каскад,2026-02-03,апартаменты,3,27.20,10064000.00,370000.00,С отделкой и мебелью,ФЛ,Нет,,0,2026-06-18 11:12:27.291 +0300
bcd90c1f7a745d86700f5d01f8ea550c,Кипарис,Сукко с.,Анапа м.о.,Комфорт,Bravo,2026-02-04,квартира,2,36.30,10599120.00,280400.00,С отделкой,ФЛ,Нет,,0,2026-06-18 11:12:27.291 +0300
bcd90c1f7a745d86700f5d01f8ea550c,Кипарис,Сукко с.,Анапа м.о.,Комфорт,Bravo,2026-02-05,квартира,2,36.30,10846340.00,277400.00,С отделкой,ФЛ,Нет,,0,2026-06-18 11:12:27.291 +0300
bcd90c1f7a745d86700f5d01f8ea550c,Кипарис,Сукко с.,Анапа м.о.,Комфорт,Bravo,2026-02-06,квартира,5,38.70,10735380.00,277400.00,С отделкой,ФЛ,Ипотека,ПАО Сбербанк России,0,2026-06-18 11:12:27.291 +0300
bcd90c1f7a745d86700f5d01f8ea550c,Кипарис,Сукко с.,Анапа м.о.,Комфорт,Bravo,2026-02-07,квартира,1,36.80,10160480.00,276100.00,С отделкой,ФЛ,Ипотека,ПАО Сбербанк России,300,2026-06-18 11:12:27.291 +0300
cd79aaec49ed291d447706161ddcbbcd,Морелло,Анапа,Анапа м.о.,Бизнес,Каскад,2026-02-09,апартаменты,8,40.10,26065000.00,650000.00,С отделкой и мебелью,ФЛ,Нет,,0,2026-06-18 11:12:27.291 +0300
d21921fe8bb3cacb784b2f956744d149,Золотой Берег,Новороссийск,Новороссийск м.о.,Бизнес,Средастрой,2026-02-09,квартира,10,58.74,13392720.00,228000.00,"Под чистовую, отделка как доп. опция",ФЛ,Ипотека,ПАО Сбербанк России,360,2026-06-18 11:12:27.291 +0300
d21921fe8bb3cacb784b2f956744d149,Золотой Берег,Новороссийск,Новороссийск м.о.,Бизнес,Средастрой,2026-02-11,квартира,14,91.42,18375420.00,201000.00,"Под чистовую, отделка как доп. опция",ФЛ,Ипотека,ПАО Сбербанк России,360,2026-06-18 11:12:27.291 +0300
"77436a7722b713cff3de7d8e1397b4c2",Светский лес,Сочи,Сочи г.о.,Бизнес,Точно,2026-02-11,квартира,10,71.34,31854550.00,455000.00,Без отделки,ФЛ,Ипотека,ПАО Сбербанк России,324,2026-06-18 11:12:27.291 +0300
cd79aaec49ed291d447706161ddcbbcd,Морелло,Анапа,Анапа м.о.,Бизнес,Каскад,2026-02-13,апартаменты,3,25.90,9583000.00,370000.00,С отделкой и мебелью,ФЛ,Нет,,0,2026-06-18 11:12:27.291 +0300
c3028cdce2d1e3a2f15299987af0ae59,Южная долина,Крымск,Крымск м.о.,Эконом,ВКБ-Новостройки,2026-02-13,квартира,3,46.59,4934000.00,102005.38,С отделкой,ФЛ,Ипотека,ПАО Сбербанк России,360,2026-06-18 11:12:27.291 +0300
"77436a7722b713cff3de7d8e1397b4c2",Светский лес,Сочи,Сочи г.о.,Бизнес,Точно,2026-02-15,квартира,5,71.00,31240000.00,440000.00,Без отделки,ФЛ,Нет,,0,2026-06-18 11:12:27.291 +0300
bcd90c1f7a745d86700f5d01f8ea550c,Кипарис,Сукко с.,Анапа м.о.,Комфорт,Bravo,2026-02-16,квартира,2,37.80,10323180.00,273100.00,С отделкой,ФЛ,Ипотека,ПАО Совкомбанк,0,2026-06-18 11:12:27.291 +0300
d21921fe8bb3cacb784b2f956744d149,Золотой Берег,Новороссийск,Новороссийск м.о.,Бизнес,Средастрой,2026-02-17,квартира,8,57.86,12034880.00,208000.00,"Под чистовую, отделка как доп. опция",ФЛ,Нет,,0,2026-06-18 11:12:27.291 +0300
bcbe2f39504cb084713ca0f161f31273,Кумир,Армавир,Армавир г.о.,Комфорт,АРТ ГРУПП,2026-02-18,квартира,3,31.82,4750000.00,149277.18,С отделкой,ФЛ,Ипотека,ПАО Сбербанк России,0,2026-06-18 11:12:27.291 +0300
cd79aaec49ed291d447706161ddcbbcd,Морелло,Анапа,Анапа м.о.,Бизнес,Каскад,2026-02-19,апартаменты,5,30.60,11322000.00,370000.00,С отделкой и мебелью,ФЛ,Нет,,0,2026-06-18 11:12:27.291 +0300
cd79aaec49ed291d447706161ddcbbcd,Морелло,Анапа,Анапа м.о.,Бизнес,Каскад,2026-02-19,апартаменты,6,30.90,11433000.00,370000.00,С отделкой и мебелью,ФЛ,Нет,,0,2026-06-18 11:12:27.291 +0300
c3028cdce2d1e3a2f15299987af0ae59,Южная долина,Крымск,Крымск м.о.,Эконом,ВКБ-Новостройки,2026-02-19,квартира,2,29.48,3385000.00,114823.61,С отделкой,ФЛ,Ипотека,ПАО Сбербанк России,0,2026-06-18 11:12:27.291 +0300
d21921fe8bb3cacb784b2f956744d149,Золотой Берег,Новороссийск,Новороссийск м.о.,Бизнес,Средастрой,2026-02-20,квартира,7,86.95,17820320.00,196000.00,"Под чистовую, отделка как доп. опция",ФЛ,Ипотека,ПАО Сбербанк России,368,2026-06-18 11:12:27.291 +0300
"657f63e930fe997bbb51f758ed370fb0",Кутузовский,Новороссийск,Новороссийск м.о.,Комфорт,МПМК Краснодарская-1,2026-02-23,квартира,6,63.91,9552594.00,135019.00,Без отделки,ФЛ,Ипотека,ПАО Сбербанк России,360,2026-06-18 11:12:27.291 +0300
bcd90c1f7a745d86700f5d01f8ea550c,Кипарис,Сукко с.,Анапа м.о.,Комфорт,Bravo,2026-02-26,квартира,7,36.90,10862040.00,281400.00,С отделкой,ФЛ,Ипотека,АО Альфа-Банк,0,2026-06-18 11:12:27.291 +0300
cd79aaec49ed291d447706161ddcbbcd,Морелло,Анапа,Анапа м.о.,Бизнес,Каскад,2026-02-26,апартаменты,6,30.80,13860000.00,450000.00,С отделкой и мебелью,ФЛ,Нет,,0,2026-06-18 11:12:27.291 +0300
cd79aaec49ed291d447706161ddcbbcd,Морелло,Анапа,Анапа м.о.,Бизнес,Каскад,2026-02-27,апартаменты,2,30.50,11285000.00,370000.00,С отделкой и мебелью,ФЛ,Нет,,0,2026-06-18 11:12:27.291 +0300
"657f63e930fe997bbb51f758ed370fb0",Кутузовский,Новороссийск,Новороссийск м.о.,Комфорт,МПМК Краснодарская-1,2026-02-27,квартира,12,47.58,7086374.00,148936.00,Без отделки,ФЛ,Ипотека,ПАО Сбербанк России,360,2026-06-18 11:12:27.291 +0300
"77436a7722b713cff3de7d8e1397b4c2",Светский лес,Сочи,Сочи г.о.,Бизнес,Точно,2026-02-27,квартира,10,63.18,30831840.00,488000.00,Без отделки,ФЛ,Нет,,0,2026-06-18 11:12:27.291 +0300
"77436a7722b713cff3de7d8e1397b4c2",Светский лес,Сочи,Сочи г.о.,Бизнес,Точно,2026-03-01,квартира,3,53.92,26151200.00,485000.00,Без отделки,ФЛ,Нет,,0,2026-06-18 11:12:27.291 +0300
cd79aaec49ed291d447706161ddcbbcd,Морелло,Анапа,Анапа м.о.,Бизнес,Каскад,2026-03-02,апартаменты,4,25.40,11430000.00,450000.00,С отделкой и мебелью,ФЛ,Нет,,0,2026-06-18 11:12:27.291 +0300
cd79aaec49ed291d447706161ddcbbcd,Морелло,Анапа,Анапа м.о.,Бизнес,Каскад,2026-03-02,апартаменты,5,25.80,10036200.00,370000.00,С отделкой и мебелью,ФЛ,Нет,,0,2026-06-18 11:12:27.291 +0300
de2aa2f5a366bc2350a3e192512ea3e6,Цветной бульвар,Северская ст-ца,Северский м.о.,Комфорт,Точно,2026-03-06,квартира,5,41.09,4725350.00,115000.00,"Под чистовую, отделка как доп. опция",ФЛ,Ипотека,ПАО Банк ВТБ,0,2026-06-18 11:12:27.291 +0300
cd79aaec49ed291d447706161ddcbbcd,Морелло,Анапа,Анапа м.о.,Бизнес,Каскад,2026-03-06,апартаменты,4,25.60,16640000.00,650000.00,С отделкой и мебелью,ФЛ,Нет,,0,2026-06-18 11:12:27.291 +0300
d21921fe8bb3cacb784b2f956744d149,Золотой Берег,Новороссийск,Новороссийск м.о.,Бизнес,Средастрой,2026-03-11,квартира,9,55.39,12034880.00,208000.00,"Под чистовую, отделка как доп. опция",ФЛ,Ипотека,ПАО Сбербанк России,0,2026-06-18 11:12:27.291 +0300
bcd90c1f7a745d86700f5d01f8ea550c,Кипарис,Сукко с.,Анапа м.о.,Комфорт,Bravo,2026-03-11,квартира,6,57.00,13309500.00,233500.00,С отделкой,ФЛ,Нет,,0,2026-06-18 11:12:27.291 +0300
cd79aaec49ed291d447706161ddcbbcd,Морелло,Анапа,Анапа м.о.,Бизнес,Каскад,2026-03-11,апартаменты,5,30.70,11359000.00,370000.00,С отделкой и мебелью,ЮЛ,Нет,,0,2026-06-18 11:12:27.291 +0300
bcbe2f39504cb084713ca0f161f31273,Кумир,Армавир,Армавир г.о.,Комфорт,АРТ ГРУПП,2026-03-12,квартира,17,31.82,4750000.00,149277.18,С отделкой,ФЛ,Ипотека,ПАО Сбербанк России,0,2026-06-18 11:12:27.291 +0300
c3028cdce2d1e3a2f15299987af0ae59,Южная долина,Крымск,Крымск м.о.,Эконом,ВКБ-Новостройки,2026-03-12,квартира,1,55.17,5964000.00,108102.23,С отделкой,ФЛ,Ипотека,ПАО Сбербанк России,360,2026-06-18 11:12:27.291 +0300
"35a72d196e250ef1eb9982bb9c378ef1",Сиалия,Сочи,Сочи г.о.,Бизнес+,GRAVION,2026-03-12,апартаменты,3,27.21,28243789.00,1037993.00,С отделкой и мебелью,ФЛ,Нет,,0,2026-06-18 11:12:27.291 +0300
bcd90c1f7a745d86700f5d01f8ea550c,Кипарис,Сукко с.,Анапа м.о.,Комфорт,Bravo,2026-03-12,квартира,3,42.40,11337760.00,267400.00,С отделкой,ФЛ,Ипотека,ПАО Банк ВТБ,0,2026-06-18 11:12:27.291 +0300
bcd90c1f7a745d86700f5d01f8ea550c,Кипарис,Сукко с.,Анапа м.о.,Комфорт,Bravo,2026-03-13,квартира,6,52.80,12328800.00,233500.00,С отделкой,ФЛ,Ипотека,ПАО Банк ВТБ,0,2026-06-18 11:12:27.291 +0300
cd79aaec49ed291d447706161ddcbbcd,Морелло,Анапа,Анапа м.о.,Бизнес,Каскад,2026-03-13,апартаменты,7,52.20,23805000.00,450000.00,С отделкой и мебелью,ФЛ,Нет,,0,2026-06-18 11:12:27.291 +0300
bcd90c1f7a745d86700f5d01f8ea550c,Кипарис,Сукко с.,Анапа м.о.,Комфорт,Bravo,2026-03-16,квартира,4,41.40,11194560.00,270400.00,С отделкой,ФЛ,Нет,,0,2026-06-18 11:12:27.291 +0300
bcd90c1f7a745d86700f5d01f8ea550c,Кипарис,Сукко с.,Анапа м.о.,Комфорт,Bravo,2026-03-16,квартира,4,42.40,11337760.00,267400.00,С отделкой,ФЛ,Ипотека,ПАО Совкомбанк,0,2026-06-18 11:12:27.291 +0300
c3028cdce2d1e3a2f15299987af0ae59,Южная долина,Крымск,Крымск м.о.,Эконом,ВКБ-Новостройки,2026-03-18,квартира,1,48.37,4886000.00,101013.02,С отделкой,ФЛ,Ипотека,ПАО Сбербанк России,360,2026-06-18 11:12:27.291 +0300
bcd90c1f7a745d86700f5d01f8ea550c,Кипарис,Сукко с.,Анапа м.о.,Комфорт,Bravo,2026-03-18,квартира,5,40.90,11422560.00,269400.00,С отделкой,ФЛ,Ипотека,АО Альфа-Банк,0,2026-06-18 11:12:27.291 +0300
bcd90c1f7a745d86700f5d01f8ea550c,Кипарис,Сукко с.,Анапа м.о.,Комфорт,Bravo,2026-03-23,квартира,6,51.60,12048600.00,233500.00,С отделкой,ФЛ,Ипотека,АО Альфа-Банк,0,2026-06-18 11:12:27.291 +0300
c3028cdce2d1e3a2f15299987af0ae59,Южная долина,Крымск,Крымск м.о.,Эконом,ВКБ-Новостройки,2026-03-24,квартира,8,62.10,6242000.00,100515.30,С отделкой,ФЛ,Нет,,0,2026-06-18 11:12:27.291 +0300
bcbe2f39504cb084713ca0f161f31273,Кумир,Армавир,Армавир г.о.,Комфорт,АРТ ГРУПП,2026-03-25,квартира,11,93.40,12280000.00,131477.52,С отделкой,ФЛ,Нет,,0,2026-06-18 11:12:27.291 +0300
cd79aaec49ed291d447706161ddcbbcd,Морелло,Анапа,Анапа м.о.,Бизнес,Каскад,2026-03-25,апартаменты,6,25.80,11610000.00,450000.00,С отделкой и мебелью,ФЛ,Ипотека,АО Альфа-Банк,0,2026-06-18 11:12:27.291 +0300
bcbe2f39504cb084713ca0f161f31273,Кумир,Армавир,Армавир г.о.,Комфорт,АРТ ГРУПП,2026-03-26,квартира,11,31.82,4749999.00,149277.18,С отделкой,ФЛ,Нет,,0,2026-06-18 11:12:27.291 +0300
"77436a7722b713cff3de7d8e1397b4c2",Светский лес,Сочи,Сочи г.о.,Бизнес,Точно,2026-03-26,квартира,11,53.92,27919000.00,517785.61,Без отделки,ФЛ,Ипотека,ПАО Сбербанк России,360,2026-06-18 11:12:27.291 +0300
bcd90c1f7a745d86700f5d01f8ea550c,Кипарис,Сукко с.,Анапа м.о.,Комфорт,Bravo,2026-03-26,квартира,2,34.60,9816020.00,283700.00,С отделкой,ФЛ,Ипотека,АО Альфа-Банк,0,2026-06-18 11:12:27.291 +0300
de2aa2f5a366bc2350a3e192512ea3e6,Цветной бульвар,Северская ст-ца,Северский м.о.,Комфорт,Точно,2026-03-27,квартира,4,40.79,4690850.00,115000.00,"Под чистовую, отделка как доп. опция",ФЛ,Ипотека,Федеральное управление накопительно-ипотечной системы жилищного обеспечения военнослужащих,0,2026-06-18 11:12:27.291 +0300
bcd90c1f7a745d86700f5d01f8ea550c,Кипарис,Сукко с.,Анапа м.о.,Комфорт,Bravo,2026-03-27,квартира,6,38.60,10784840.00,279400.00,С отделкой,ФЛ,Ипотека,ПАО Совкомбанк,0,2026-06-18 11:12:27.291 +0300
d21921fe8bb3cacb784b2f956744d149,Золотой Берег,Новороссийск,Новороссийск м.о.,Бизнес,Средастрой,2026-03-30,квартира,6,65.84,14550640.00,221000.00,"Под чистовую, отделка как доп. опция",ФЛ,Нет,,0,2026-06-18 11:12:27.291 +0300
bcd90c1f7a745d86700f5d01f8ea550c,Кипарис,Сукко с.,Анапа м.о.,Комфорт,Bravo,2026-03-30,квартира,3,38.60,10707640.00,277400.00,С отделкой,ФЛ,Нет,,0,2026-06-18 11:12:27.291 +0300
bcd90c1f7a745d86700f5d01f8ea550c,Кипарис,Сукко с.,Анапа м.о.,Комфорт,Bravo,2026-03-30,квартира,2,42.40,11337760.00,267400.00,С отделкой,ФЛ,Ипотека,ПАО Банк ВТБ,0,2026-06-18 11:12:27.291 +0300
bcd90c1f7a745d86700f5d01f8ea550c,Кипарис,Сукко с.,Анапа м.о.,Комфорт,Bravo,2026-03-30,квартира,4,37.40,10423380.00,278700.00,С отделкой,ФЛ,Ипотека,ПАО Банк ВТБ,0,2026-06-18 11:12:27.291 +0300
c3028cdce2d1e3a2f15299987af0ae59,Южная долина,Крымск,Крымск м.о.,Эконом,ВКБ-Новостройки,2026-03-30,квартира,9,62.10,6210000.00,100000.00,С отделкой,ФЛ,Ипотека,ПАО Сбербанк России,360,2026-06-18 11:12:27.291 +0300
bcd90c1f7a745d86700f5d01f8ea550c,Кипарис,Сукко с.,Анапа м.о.,Комфорт,Bravo,2026-03-31,квартира,2,37.40,10498180.00,280700.00,С отделкой,ФЛ,Ипотека,АО Альфа-Банк,0,2026-06-18 11:12:27.291 +0300
bcd90c1f7a745d86700f5d01f8ea550c,Кипарис,Сукко с.,Анапа м.о.,Комфорт,Bravo,2026-03-31,квартира,4,39.50,11075800.00,280400.00,С отделкой,ФЛ,Ипотека,АО Альфа-Банк,0,2026-06-18 11:12:27.291 +0300
bcd90c1f7a745d86700f5d01f8ea550c,Кипарис,Сукко с.,Анапа м.о.,Комфорт,Bravo,2026-03-31,квартира,4,42.40,11337760.00,267400.00,С отделкой,ФЛ,Ипотека,АО Альфа-Банк,0,2026-06-18 11:12:27.291 +0300
bcd90c1f7a745d86700f5d01f8ea550c,Кипарис,Сукко с.,Анапа м.о.,Комфорт,Bravo,2026-04-01,квартира,4,38.50,10795400.00,280400.00,С отделкой,ФЛ,Ипотека,АО Альфа-Банк,0,2026-06-18 11:12:27.291 +0300
c3028cdce2d1e3a2f15299987af0ae59,Южная долина,Крымск,Крымск м.о.,Эконом,ВКБ-Новостройки,2026-04-01,квартира,4,55.44,6082000.00,109704.18,С отделкой,ФЛ,Ипотека,ПАО Сбербанк России,360,2026-06-18 11:12:27.291 +0300
bcd90c1f7a745d86700f5d01f8ea550c,Кипарис,Сукко с.,Анапа м.о.,Комфорт,Bravo,2026-04-03,квартира,3,42.40,11337760.00,267400.00,С отделкой,ФЛ,Ипотека,АО Альфа-Банк,0,2026-06-18 11:12:27.291 +0300
"77436a7722b713cff3de7d8e1397b4c2",Светский лес,Сочи,Сочи г.о.,Бизнес,Точно,2026-04-06,квартира,7,82.42,37794000.00,465787.53,Без отделки,ФЛ,Нет,,0,2026-06-18 11:12:27.291 +0300
bcd90c1f7a745d86700f5d01f8ea550c,Кипарис,Сукко с.,Анапа м.о.,Комфорт,Bravo,2026-04-06,квартира,3,39.50,11075800.00,280400.00,С отделкой,ФЛ,Ипотека,ПАО Банк ВТБ,0,2026-06-18 11:12:27.291 +0300
bcd90c1f7a745d86700f5d01f8ea550c,Кипарис,Сукко с.,Анапа м.о.,Комфорт,Bravo,2026-04-08,квартира,3,35.00,9929500.00,283700.00,С отделкой,ФЛ,Ипотека,ПАО Совкомбанк,0,2026-06-18 11:12:27.291 +0300
bcd90c1f7a745d86700f5d01f8ea550c,Кипарис,Сукко с.,Анапа м.о.,Комфорт,Bravo,2026-04-09,квартира,5,40.70,11086680.00,272400.00,С отделкой,ФЛ,Ипотека,АО Альфа-Банк,0,2026-06-18 11:12:27.291 +0300
bcbe2f39504cb084713ca0f161f31273,Кумир,Армавир,Армавир г.о.,Комфорт,АРТ ГРУПП,2026-04-09,квартира,3,93.40,12280000.00,131477.52,С отделкой,ФЛ,Нет,,0,2026-06-18 11:12:27.291 +0300
cd79aaec49ed291d447706161ddcbbcd,Морелло,Анапа,Анапа м.о.,Бизнес,Каскад,2026-04-09,апартаменты,9,25.60,11520000.00,450000.00,С отделкой и мебелью,ФЛ,Нет,,0,2026-06-18 11:12:27.291 +0300
c3028cdce2d1e3a2f15299987af0ae59,Южная долина,Крымск,Крымск м.о.,Эконом,ВКБ-Новостройки,2026-04-09,квартира,2,58.54,6242000.00,100515.30,С отделкой,ФЛ,Ипотека,ПАО Сбербанк России,360,2026-06-18 11:12:27.291 +0300
bcd90c1f7a745d86700f5d01f8ea550c,Кипарис,Сукко с.,Анапа м.о.,Комфорт,Bravo,2026-04-10,квартира,7,52.60,12282100.00,233500.00,С отделкой,ФЛ,Ипотека,АО Альфа-Банк,0,2026-06-18 11:12:27.291 +0300
bcbe2f39504cb084713ca0f161f31273,Кумир,Армавир,Армавир г.о.,Комфорт,АРТ ГРУПП,2026-04-13,квартира,9,72.24,9690000.00,134136.21,С отделкой,ФЛ,Нет,,0,2026-06-18 11:12:27.291 +0300
bcbe2f39504cb084713ca0f161f31273,Кумир,Армавир,Армавир г.о.,Комфорт,АРТ ГРУПП,2026-04-14,квартира,17,39.32,7357872.00,187128.00,С отделкой,ФЛ,Ипотека,ПАО Сбербанк России,0,2026-06-18 11:12:27.291 +0300
cd79aaec49ed291d447706161ddcbbcd,Морелло,Анапа,Анапа м.о.,Бизнес,Каскад,2026-04-15,апартаменты,4,25.90,9583000.00,370000.00,С отделкой и мебелью,ФЛ,Нет,,0,2026-06-18 11:12:27.291 +0300
bcd90c1f7a745d86700f5d01f8ea550c,Кипарис,Сукко с.,Анапа м.о.,Комфорт,Bravo,2026-04-15,квартира,5,34.60,9885220.00,285700.00,С отделкой,ФЛ,Ипотека,ПАО Совкомбанк,0,2026-06-18 11:12:27.291 +0300
bcd90c1f7a745d86700f5d01f8ea550c,Кипарис,Сукко с.,Анапа м.о.,Комфорт,Bravo,2026-04-16,квартира,6,39.50,11154800.00,282400.00,С отделкой,ФЛ,Ипотека,ПАО Совкомбанк,0,2026-06-18 11:12:27.291 +0300
bcd90c1f7a745d86700f5d01f8ea550c,Кипарис,Сукко с.,Анапа м.о.,Комфорт,Bravo,2026-04-17,квартира,6,41.40,11277360.00,272400.00,С отделкой,ФЛ,Ипотека,ПАО Совкомбанк,0,2026-06-18 11:12:27.291 +0300
bcd90c1f7a745d86700f5d01f8ea550c,Кипарис,Сукко с.,Анапа м.о.,Комфорт,Bravo,2026-04-17,квартира,7,55.80,13029300.00,233500.00,С отделкой,ФЛ,Ипотека,АО Альфа-Банк,0,2026-06-18 11:12:27.291 +0300
bcd90c1f7a745d86700f5d01f8ea550c,Кипарис,Сукко с.,Анапа м.о.,Комфорт,Bravo,2026-04-20,квартира,8,52.80,12328800.00,233500.00,С отделкой,ФЛ,Ипотека,АО Альфа-Банк,360,2026-06-18 11:12:27.291 +0300
bcd90c1f7a745d86700f5d01f8ea550c,Кипарис,Сукко с.,Анапа м.о.,Комфорт,Bravo,2026-04-20,квартира,6,42.40,11422560.00,269400.00,С отделкой,ФЛ,Ипотека,АО Альфа-Банк,0,2026-06-18 11:12:27.291 +0300
bcd90c1f7a745d86700f5d01f8ea550c,Кипарис,Сукко с.,Анапа м.о.,Комфорт,Bravo,2026-04-20,квартира,6,54.70,12772450.00,233500.00,С отделкой,ФЛ,Нет,,0,2026-06-18 11:12:27.291 +0300
bcbe2f39504cb084713ca0f161f31273,Кумир,Армавир,Армавир г.о.,Комфорт,АРТ ГРУПП,2026-04-21,квартира,12,31.82,6220000.00,195474.54,С отделкой,ФЛ,Ипотека,ПАО Сбербанк России,0,2026-06-18 11:12:27.291 +0300
c3028cdce2d1e3a2f15299987af0ae59,Южная долина,Крымск,Крымск м.о.,Эконом,ВКБ-Новостройки,2026-04-21,квартира,3,58.54,6427350.00,103500.00,С отделкой,ФЛ,Ипотека,ПАО Промсвязьбанк,0,2026-06-18 11:12:27.291 +0300
bcd90c1f7a745d86700f5d01f8ea550c,Кипарис,Сукко с.,Анапа м.о.,Комфорт,Bravo,2026-04-22,квартира,5,42.40,11422560.00,269400.00,С отделкой,ФЛ,Ипотека,ПАО Совкомбанк,0,2026-06-18 11:12:27.291 +0300
d21921fe8bb3cacb784b2f956744d149,Золотой Берег,Новороссийск,Новороссийск м.о.,Бизнес,Средастрой,2026-04-24,квартира,11,57.54,13426920.00,228000.00,"Под чистовую, отделка как доп. опция",ФЛ,Нет,,0,2026-06-18 11:12:27.291 +0300
de2aa2f5a366bc2350a3e192512ea3e6,Цветной бульвар,Северская ст-ца,Северский м.о.,Комфорт,Точно,2026-04-24,квартира,6,54.74,6021400.00,110000.00,"Под чистовую, отделка как доп. опция",ФЛ,Ипотека,АО Альфа-Банк,96,2026-06-18 11:12:27.291 +0300
"77436a7722b713cff3de7d8e1397b4c2",Светский лес,Сочи,Сочи г.о.,Бизнес,Точно,2026-04-24,квартира,6,35.70,16224932.00,454479.89,Без отделки,ФЛ,Ипотека,ПАО Сбербанк России,240,2026-06-18 11:12:27.291 +0300
bcd90c1f7a745d86700f5d01f8ea550c,Кипарис,Сукко с.,Анапа м.о.,Комфорт,Bravo,2026-04-24,квартира,4,53.90,12585650.00,233500.00,С отделкой,ФЛ,Нет,,0,2026-06-18 11:12:27.291 +0300
bcd90c1f7a745d86700f5d01f8ea550c,Кипарис,Сукко с.,Анапа м.о.,Комфорт,Bravo,2026-04-24,квартира,4,42.40,11337760.00,267400.00,С отделкой,ФЛ,Нет,,0,2026-06-18 11:12:27.291 +0300
bcd90c1f7a745d86700f5d01f8ea550c,Кипарис,Сукко с.,Анапа м.о.,Комфорт,Bravo,2026-04-24,квартира,4,38.70,10851480.00,280400.00,С отделкой,ФЛ,Ипотека,АО Альфа-Банк,0,2026-06-18 11:12:27.291 +0300
bcbe2f39504cb084713ca0f161f31273,Кумир,Армавир,Армавир г.о.,Комфорт,АРТ ГРУПП,2026-04-24,квартира,10,18.12,7870000.00,183151.04,С отделкой,ФЛ,Нет,,0,2026-06-18 11:12:27.291 +0300
bcbe2f39504cb084713ca0f161f31273,Кумир,Армавир,Армавир г.о.,Комфорт,АРТ ГРУПП,2026-04-24,квартира,13,38.05,7120000.00,187122.21,С отделкой,ФЛ,Нет,,0,2026-06-18 11:12:27.291 +0300
bcbe2f39504cb084713ca0f161f31273,Кумир,Армавир,Армавир г.о.,Комфорт,АРТ ГРУПП,2026-04-24,квартира,9,37.87,7140000.00,188539.74,С отделкой,ФЛ,Нет,,0,2026-06-18 11:12:27.291 +0300
bcbe2f39504cb084713ca0f161f31273,Кумир,Армавир,Армавир г.о.,Комфорт,АРТ ГРУПП,2026-04-27,квартира,4,39.32,7470000.00,189979.65,С отделкой,ФЛ,Нет,,0,2026-06-18 11:12:27.291 +0300
bcbe2f39504cb084713ca0f161f31273,Кумир,Армавир,Армавир г.о.,Комфорт,АРТ ГРУПП,2026-04-27,квартира,13,38.05,7420000.00,195006.57,С отделкой,ФЛ,Нет,,0,2026-06-18 11:12:27.291 +0300
bcbe2f39504cb084713ca0f161f31273,Кумир,Армавир,Армавир г.о.,Комфорт,АРТ ГРУПП,2026-04-27,квартира,18,24.83,5280000.00,212645.99,С отделкой,ФЛ,Нет,,0,2026-06-18 11:12:27.291 +0300
de2aa2f5a366bc2350a3e192512ea3e6,Цветной бульвар,Северская ст-ца,Северский м.о.,Комфорт,Точно,2026-04-27,квартира,5,40.79,5588230.00,137000.00,"Под чистовую, отделка как доп. опция",ФЛ,Ипотека,АО Банк Дом.РФ,360,2026-06-18 11:12:27.291 +0300
bcd90c1f7a745d86700f5d01f8ea550c,Кипарис,Сукко с.,Анапа м.о.,Комфорт,Bravo,2026-04-27,квартира,5,52.70,12305450.00,233500.00,С отделкой,ФЛ,Нет,,0,2026-06-18 11:12:27.291 +0300
bcbe2f39504cb084713ca0f161f31273,Кумир,Армавир,Армавир г.о.,Комфорт,АРТ ГРУПП,2026-04-28,квартира,6,39.32,7470000.00,189979.65,С отделкой,ФЛ,Нет,,0,2026-06-18 11:12:27.291 +0300
bcbe2f39504cb084713ca0f161f31273,Кумир,Армавир,Армавир г.о.,Комфорт,АРТ ГРУПП,2026-04-28,квартира,7,37.87,7140000.00,188539.74,С отделкой,ФЛ,Ипотека,ПАО Сбербанк России,0,2026-06-18 11:12:27.291 +0300
bcbe2f39504cb084713ca0f161f31273,Кумир,Армавир,Армавир г.о.,Комфорт,АРТ ГРУПП,2026-04-28,квартира,8,42.97,7870000.00,183151.04,С отделкой,ФЛ,Нет,,0,2026-06-18 11:12:27.291 +0300
bcd90c1f7a745d86700f5d01f8ea550c,Кипарис,Сукко с.,Анапа м.о.,Комфорт,Bravo,2026-04-29,квартира,2,53.30,12445550.00,233500.00,С отделкой,ФЛ,Ипотека,АО Альфа-Банк,0,2026-06-18 11:12:27.291 +0300
d21921fe8bb3cacb784b2f956744d149,Золотой Берег,Новороссийск,Новороссийск м.о.,Бизнес,Средастрой,2026-04-30,квартира,17,78.82,17574190.00,211000.00,"Под чистовую, отделка как доп. опция",ФЛ,Нет,,0,2026-06-18 11:12:27.291 +0300
d21921fe8bb3cacb784b2f956744d149,Золотой Берег,Новороссийск,Новороссийск м.о.,Бизнес,Средастрой,2026-04-30,квартира,17,57.54,11712043.00,198880.00,"Под чистовую, отделка как доп. опция",ФЛ,Нет,,0,2026-06-18 11:12:27.291 +0300
bcd90c1f7a745d86700f5d01f8ea550c,Кипарис,Сукко с.,Анапа м.о.,Комфорт,Bravo,2026-04-30,квартира,5,37.40,10572980.00,282700.00,С отделкой,ФЛ,Ипотека,АО Альфа-Банк,0,2026-06-18 11:12:27.291 +0300
cd79aaec49ed291d447706161ddcbbcd,Морелло,Анапа,Анапа м.о.,Бизнес,Каскад,2026-05-04,апартаменты,7,30.90,13905000.00,450000.00,С отделкой и мебелью,ФЛ,Нет,,0,2026-06-18 11:12:27.291 +0300
bcd90c1f7a745d86700f5d01f8ea550c,Кипарис,Сукко с.,Анапа м.о.,Комфорт,Bravo,2026-05-04,квартира,5,34.60,9885220.00,285700.00,С отделкой,ФЛ,Ипотека,ПАО Сбербанк России,0,2026-06-18 11:12:27.291 +0300
bcd90c1f7a745d86700f5d01f8ea550c,Кипарис,Сукко с.,Анапа м.о.,Комфорт,Bravo,2026-05-05,квартира,4,42.40,11337760.00,267400.00,С отделкой,ФЛ,Ипотека,АО Альфа-Банк,0,2026-06-18 11:12:27.291 +0300
c3028cdce2d1e3a2f15299987af0ae59,Южная долина,Крымск,Крымск м.о.,Эконом,ВКБ-Новостройки,2026-05-05,квартира,2,37.53,4334715.00,115500.00,С отделкой,ФЛ,Ипотека,ПАО Сбербанк России,0,2026-06-18 11:12:27.291 +0300
bcd90c1f7a745d86700f5d01f8ea550c,Кипарис,Сукко с.,Анапа м.о.,Комфорт,Bravo,2026-05-06,квартира,5,42.40,11422560.00,269400.00,С отделкой,ФЛ,Ипотека,АО Альфа-Банк,0,2026-06-18 11:12:27.291 +0300
bcd90c1f7a745d86700f5d01f8ea550c,Кипарис,Сукко с.,Анапа м.о.,Комфорт,Bravo,2026-05-07,квартира,4,37.40,10498180.00,280700.00,С отделкой,ФЛ,Ипотека,АО Альфа-Банк,0,2026-06-18 11:12:27.291 +0300
bcd90c1f7a745d86700f5d01f8ea550c,Кипарис,Сукко с.,Анапа м.о.,Комфорт,Bravo,2026-05-07,квартира,2,54.70,12772450.00,233500.00,С отделкой,ФЛ,Ипотека,ПАО Сбербанк России,0,2026-06-18 11:12:27.291 +0300
bcbe2f39504cb084713ca0f161f31273,Кумир,Армавир,Армавир г.о.,Комфорт,АРТ ГРУПП,2026-05-08,квартира,4,39.32,7470000.00,189979.65,С отделкой,ФЛ,Нет,,0,2026-06-18 11:12:27.291 +0300
cd79aaec49ed291d447706161ddcbbcd,Морелло,Анапа,Анапа м.о.,Бизнес,Каскад,2026-05-08,апартаменты,3,30.90,11742000.00,380000.00,С отделкой и мебелью,ФЛ,Ипотека,АО Альфа-Банк,0,2026-06-18 11:12:27.291 +0300
bcbe2f39504cb084713ca0f161f31273,Кумир,Армавир,Армавир г.о.,Комфорт,АРТ ГРУПП,2026-05-12,квартира,18,24.83,5300000.00,213451.47,С отделкой,ФЛ,Нет,,0,2026-06-18 11:12:27.291 +0300
bcd90c1f7a745d86700f5d01f8ea550c,Кипарис,Сукко с.,Анапа м.о.,Комфорт,Bravo,2026-05-15,квартира,3,57.00,13309500.00,233500.00,С отделкой,ФЛ,Ипотека,ПАО Совкомбанк,0,2026-06-18 11:12:27.291 +0300
bcd90c1f7a745d86700f5d01f8ea550c,Кипарис,Сукко с.,Анапа м.о.,Комфорт,Bravo,2026-05-15,квартира,5,35.00,9999500.00,285700.00,С отделкой,ФЛ,Ипотека,ПАО Совкомбанк,0,2026-06-18 11:12:27.291 +0300
bcd90c1f7a745d86700f5d01f8ea550c,Кипарис,Сукко с.,Анапа м.о.,Комфорт,Bravo,2026-05-15,квартира,3,40.70,11558800.00,284000.00,С отделкой,ФЛ,Ипотека,ПАО МОСКОВСКИЙ КРЕДИТНЫЙ БАНК,0,2026-06-18 11:12:27.291 +0300
bcd90c1f7a745d86700f5d01f8ea550c,Кипарис,Сукко с.,Анапа м.о.,Комфорт,Bravo,2026-05-18,квартира,2,35.40,10042980.00,283700.00,С отделкой,ФЛ,Ипотека,ПАО Сбербанк России,0,2026-06-18 11:12:27.291 +0300
bcbe2f39504cb084713ca0f161f31273,Кумир,Армавир,Армавир г.о.,Комфорт,АРТ ГРУПП,2026-05-19,квартира,3,24.83,4950000.00,199355.62,С отделкой,ФЛ,Ипотека,ПАО Сбербанк России,360,2026-06-18 11:12:27.291 +0300
c3028cdce2d1e3a2f15299987af0ae59,Южная долина,Крымск,Крымск м.о.,Эконом,ВКБ-Новостройки,2026-05-19,квартира,5,62.10,6495660.00,104600.00,С отделкой,ФЛ,Ипотека,ПАО Сбербанк России,0,2026-06-18 11:12:27.291 +0300
de2aa2f5a366bc2350a3e192512ea3e6,Цветной бульвар,Северская ст-ца,Северский м.о.,Комфорт,Точно,2026-05-19,квартира,4,41.09,4807530.00,117000.00,"Под чистовую, отделка как доп. опция",ФЛ,Ипотека,ПАО Сбербанк России,0,2026-06-18 11:12:27.291 +0300
bcd90c1f7a745d86700f5d01f8ea550c,Кипарис,Сукко с.,Анапа м.о.,Комфорт,Bravo,2026-05-20,квартира,2,36.30,10189410.00,280700.00,С отделкой,ФЛ,Ипотека,ПАО МОСКОВСКИЙ КРЕДИТНЫЙ БАНК,0,2026-06-18 11:12:27.291 +0300
bcd90c1f7a745d86700f5d01f8ea550c,Кипарис,Сукко с.,Анапа м.о.,Комфорт,Bravo,2026-05-20,квартира,5,36.40,10217480.00,280700.00,С отделкой,ФЛ,Ипотека,ПАО Совкомбанк,0,2026-06-18 11:12:27.291 +0300
d21921fe8bb3cacb784b2f956744d149,Золотой Берег,Новороссийск,Новороссийск м.о.,Бизнес,Средастрой,2026-05-21,квартира,10,55.39,12034880.00,208000.00,"Под чистовую, отделка как доп. опция",ФЛ,Нет,,0,2026-06-18 11:12:27.291 +0300
bcd90c1f7a745d86700f5d01f8ea550c,Кипарис,Сукко с.,Анапа м.о.,Комфорт,Bravo,2026-05-22,квартира,3,37.40,10610380.00,283700.00,С отделкой,ФЛ,Ипотека,ПАО Сбербанк России,0,2026-06-18 11:12:27.291 +0300
bcbe2f39504cb084713ca0f161f31273,Кумир,Армавир,Армавир г.о.,Комфорт,АРТ ГРУПП,2026-05-22,квартира,18,38.53,7550000.00,195951.21,С отделкой,ФЛ,Нет,,0,2026-06-18 11:12:27.291 +0300
bcd90c1f7a745d86700f5d01f8ea550c,Кипарис,Сукко с.,Анапа м.о.,Комфорт,Bravo,2026-05-26,квартира,7,42.40,11507360.00,271400.00,С отделкой,ФЛ,Ипотека,ПАО Сбербанк России,0,2026-06-18 11:12:27.291 +0300
d21921fe8bb3cacb784b2f956744d149,Золотой Берег,Новороссийск,Новороссийск м.о.,Бизнес,Средастрой,2026-02-13,квартира,13,82.79,18274920.00,201000.00,"Под чистовую, отделка как доп. опция",ФЛ,Нет,,0,2026-06-18 11:12:27.291 +0300
de2aa2f5a366bc2350a3e192512ea3e6,Цветной бульвар,Северская ст-ца,Северский м.о.,Комфорт,Точно,2026-02-13,квартира,6,28.19,3523750.00,125000.00,"Под чистовую, отделка как доп. опция",ФЛ,Ипотека,ПАО Банк ВТБ,0,2026-06-18 11:12:27.291 +0300
"018074db013670b10cd1d3367521d2a2",Барса,Новороссийск,Новороссийск м.о.,Бизнес,Точно,2026-02-13,квартира,9,85.40,17186750.00,201250.00,Под чистовую и отделка как доп. опция,ФЛ,Ипотека,ПАО Сбербанк России,360,2026-06-18 11:12:27.291 +0300
ecdd2060c65010326879068843af8e13,Хозяин морей,Анапа,Анапа м.о.,Бизнес,Точно,2026-02-14,квартира,6,75.20,15029700.00,210500.00,Под чистовую и отделка как доп. опция,ФЛ,Ипотека,ПАО Сбербанк России,300,2026-06-18 11:12:27.291 +0300
"77436a7722b713cff3de7d8e1397b4c2",Светский лес,Сочи,Сочи г.о.,Бизнес,Точно,2026-02-15,квартира,8,43.38,20388600.00,470000.00,Без отделки,ФЛ,Нет,,0,2026-06-18 11:12:27.291 +0300
de2aa2f5a366bc2350a3e192512ea3e6,Цветной бульвар,Северская ст-ца,Северский м.о.,Комфорт,Точно,2026-02-16,нежилое помещение,-1,7.38,0.00,0.00,"Под чистовую, отделка как доп. опция",ФЛ,Нет,,0,2026-06-18 11:12:27.291 +0300
"114265fbbd12eef28cca19fc11278cc4",Город у моря,Новороссийск,Новороссийск м.о.,Комфорт,ВКБ-Новостройки,2026-02-16,квартира,14,28.22,6817000.00,224612.85,С отделкой,ФЛ,Ипотека,ПАО Сбербанк России,360,2026-06-18 11:12:27.291 +0300
"45131c4ef8b37326fa1ad3d957bf531d",Усадьба Гостагаевская,Нижняя Гостагайка х.,Анапа м.о.,Бизнес-,ССК,2026-02-16,квартира,3,35.50,7455000.00,210000.00,Под чистовую и отделка как доп. опция,ФЛ,Ипотека,ПАО Совкомбанк,0,2026-06-18 11:12:27.291 +0300
"441afa8fae5c94a584f16bc1baa6b237",Моренуар,Новороссийск,Новороссийск м.о.,Бизнес,Семья,2026-02-16,квартира,8,60.45,12681452.00,198800.00,Без отделки,ФЛ,Нет,,0,2026-06-18 11:12:27.291 +0300
ff419c6388dc514a57ae10206111048f,Южное море-2,Сочи,Сочи г.о.,Бизнес,Еврострой,2026-02-16,квартира,4,25.90,21238000.00,820000.00,Под чистовую и отделка как доп. опция,ФЛ,Ипотека,ПАО Сбербанк России,216,2026-06-18 11:12:27.291 +0300
e6d38729959f9b2f3f4d8a06dff18171,Кубанская усадьба,Ейск,Ейск г.о.,Эконом,КУБАНСКАЯ УСАДЬБА,2026-02-16,квартира,5,50.90,6188000.00,119000.00,"Под чистовую, отделка как доп. опция",ФЛ,Ипотека,ПАО Сбербанк России,360,2026-06-18 11:12:27.291 +0300
e6633db8b4c0466143c3ba2ad76172f0,Лучи,Анапа,Анапа м.о.,Комфорт,ADM group / Вертикаль,2026-02-16,апартаменты,7,31.00,18624990.00,601000.00,С отделкой и мебелью,ФЛ,Ипотека,ПАО Совкомбанк,360,2026-06-18 11:12:27.291 +0300
eca274b3055109ce9b54226b337d8781,Императорский парк,Анапа,Анапа м.о.,Комфорт,ОБД-Инвест,2026-02-16,квартира,8,65.50,12746955.00,194610.00,Под чистовую и отделка как доп. опция,ФЛ,Нет,,0,2026-06-18 11:12:27.291 +0300
f158b53bd4c44a603ef7f54d61d1f267,Море тут,Голубицкая ст-ца,Темрюк м.о.,Бизнес,Каскад,2026-02-16,апартаменты,4,51.00,17850000.00,350000.00,"С отделкой, мебель как доп. опция",ФЛ,Нет,,0,2026-06-18 11:12:27.291 +0300
"018074db013670b10cd1d3367521d2a2",Барса,Новороссийск,Новороссийск м.о.,Бизнес,Точно,2026-02-17,квартира,12,75.10,15250557.00,203070.00,Под чистовую и отделка как доп. опция,ФЛ,Нет,,0,2026-06-18 11:12:27.291 +0300
"2e950b4ca0aa9edccfc33804f92be08a",Сады у моря,Темрюк,Темрюк м.о.,Комфорт,Каскад,2026-02-17,квартира,2,22.93,3210200.00,140000.00,"Под чистовую, отделка как доп. опция",ФЛ,Ипотека,ПАО Сбербанк России,344,2026-06-18 11:12:27.291 +0300
d21921fe8bb3cacb784b2f956744d149,Золотой Берег,Новороссийск,Новороссийск м.о.,Бизнес,Средастрой,2026-02-17,квартира,17,54.00,10962000.00,203000.00,"Под чистовую, отделка как доп. опция",ФЛ,Ипотека,ПАО Банк ВТБ,0,2026-06-18 11:12:27.291 +0300
fac09a9aaf9f77884c35639e33c95cd6,AMAYA RESIDENCE,Сочи,Сочи г.о.,Элитный,Альпика групп,2026-02-17,апартаменты,9,43.80,0.00,0.00,Отделка как доп. опция,ФЛ,Нет,,0,2026-06-18 11:12:27.291 +0300
"71fa66dc65922c6a4364c32224375107",Центральный (Анапа),Анапа,Анапа м.о.,Комфорт,Гамма,2026-02-17,квартира,13,34.75,9731216.00,280035.00,Под чистовую и отделка как доп. опция,ФЛ,Нет,,0,2026-06-18 11:12:27.291 +0300
"657f63e930fe997bbb51f758ed370fb0",Кутузовский,Новороссийск,Новороссийск м.о.,Комфорт,МПМК Краснодарская-1,2026-02-17,квартира,3,47.29,7329950.00,155000.00,Без отделки,ФЛ,Ипотека,ПАО Сбербанк России,0,2026-06-18 11:12:27.291 +0300
"5338417a484eca51d14d28b59e51946f",История-3,Южный п.,Динской м.о.,Комфорт,НВМ,2026-02-17,квартира,7,55.32,9127800.00,165000.00,Под чистовую,ФЛ,Ипотека,ПАО Сбербанк России,0,2026-06-18 11:12:27.291 +0300
ecdd2060c65010326879068843af8e13,Хозяин морей,Анапа,Анапа м.о.,Бизнес,Точно,2026-02-17,квартира,2,38.00,8700100.00,241000.00,Под чистовую и отделка как доп. опция,ФЛ,Ипотека,АО АБ РОССИЯ,0,2026-06-18 11:12:27.291 +0300
"114265fbbd12eef28cca19fc11278cc4",Город у моря,Новороссийск,Новороссийск м.о.,Комфорт,ВКБ-Новостройки,2026-02-17,квартира,14,42.44,8134000.00,184821.63,С отделкой,ФЛ,Ипотека,ПАО Сбербанк России,360,2026-06-18 11:12:27.291 +0300
d83227169c3b10c28e16d938fe1747f2,Резиденция Морей,Новороссийск,Новороссийск м.о.,Бизнес,ССК,2026-02-17,нежилое помещение,-1,3.60,0.00,0.00,,ФЛ,Нет,,0,2026-06-18 11:12:27.291 +0300
"2e950b4ca0aa9edccfc33804f92be08a",Сады у моря,Темрюк,Темрюк м.о.,Комфорт,Каскад,2026-02-18,квартира,5,40.38,6258900.00,155000.00,"Под чистовую, отделка как доп. опция",ФЛ,Ипотека,ПАО Сбербанк России,0,2026-06-18 11:12:27.291 +0300
"2e950b4ca0aa9edccfc33804f92be08a",Сады у моря,Темрюк,Темрюк м.о.,Комфорт,Каскад,2026-02-18,квартира,4,28.78,5036500.00,175000.00,"Под чистовую, отделка как доп. опция",ФЛ,Ипотека,ПАО Сбербанк России,360,2026-06-18 11:12:27.291 +0300
c5fc682cef8e118ca6caaa2ddeaeb433,Sun Garden Hotel,Анапа,Анапа м.о.,Премиум,Развитие,2026-02-18,нежилое помещение,2,41.30,0.00,0.00,,ФЛ,Нет,,0,2026-06-18 11:12:27.291 +0300
"49320ec33d9518899800c82c52399a8e",Южный городок,Каневская ст-ца,Каневской м.о,Эконом,ФИРМА-ЮГ-УНИВЕРСАЛ,2026-02-18,квартира,2,63.10,5994500.00,95000.00,Под чистовую,ФЛ,Ипотека,ПАО Сбербанк России,0,2026-06-18 11:12:27.291 +0300
"49320ec33d9518899800c82c52399a8e",Южный городок,Каневская ст-ца,Каневской м.о,Эконом,ФИРМА-ЮГ-УНИВЕРСАЛ,2026-02-18,квартира,1,43.00,4300000.00,100000.00,Под чистовую,ФЛ,Ипотека,ПАО Сбербанк России,180,2026-06-18 11:12:27.291 +0300
"937886a1c9205f225c86d9db67028971",Палаццо Де Агой / Гранд Отель Агой,Агой с.,Туапсинский м.о.,Бизнес+,ЯRus девелопмент,2026-02-18,апартаменты,2,28.30,29715000.00,1050000.00,С отделкой и мебелью,ЮЛ,Нет,,0,2026-06-18 11:12:27.291 +0300
"937886a1c9205f225c86d9db67028971",Палаццо Де Агой / Гранд Отель Агой,Агой с.,Туапсинский м.о.,Бизнес+,ЯRus девелопмент,2026-02-18,апартаменты,2,29.30,30765000.00,1050000.00,С отделкой и мебелью,ЮЛ,Нет,,0,2026-06-18 11:12:27.291 +0300
"441afa8fae5c94a584f16bc1baa6b237",Моренуар,Новороссийск,Новороссийск м.о.,Бизнес,Семья,2026-02-18,квартира,13,40.71,8565384.00,210400.00,Без отделки,ФЛ,Ипотека,ПАО Сбербанк России,0,2026-06-18 11:12:27.291 +0300
fac09a9aaf9f77884c35639e33c95cd6,AMAYA RESIDENCE,Сочи,Сочи г.о.,Элитный,Альпика групп,2026-02-19,апартаменты,8,34.70,0.00,0.00,Отделка как доп. опция,ФЛ,Нет,,0,2026-06-18 11:12:27.291 +0300
"3b768d7a3423d87ca2500e86b3aa26e8",Мореград,Анапа,Анапа м.о.,Комфорт,ССК,2026-02-19,апартаменты,4,24.50,8942500.00,365000.00,С отделкой и мебелью,ФЛ,Нет,,0,2026-06-18 11:12:27.291 +0300
"77436a7722b713cff3de7d8e1397b4c2",Светский лес,Сочи,Сочи г.о.,Бизнес,Точно,2026-02-19,квартира,10,53.92,25612000.00,475000.00,Без отделки,ФЛ,Нет,,0,2026-06-18 11:12:27.291 +0300
"657f63e930fe997bbb51f758ed370fb0",Кутузовский,Новороссийск,Новороссийск м.о.,Комфорт,МПМК Краснодарская-1,2026-02-19,квартира,11,43.61,6759550.00,155000.00,Без отделки,ФЛ,Нет,,0,2026-06-18 11:12:27.291 +0300
"5338417a484eca51d14d28b59e51946f",История-3,Южный п.,Динской м.о.,Комфорт,НВМ,2026-02-19,квартира,3,67.22,10755200.00,160000.00,Под чистовую,ФЛ,Ипотека,ПАО Сбербанк России,0,2026-06-18 11:12:27.291 +0300
"18082a8dc54fc1d92036f82298474ddb",Лермонтов,Тамань,Темрюк м.о.,Комфорт,Каскад,2026-02-19,квартира,4,31.86,5734800.00,180000.00,"Под чистовую, отделка как доп. опция",ФЛ,Ипотека,ПАО Сбербанк России,276,2026-06-18 11:12:27.291 +0300
d21921fe8bb3cacb784b2f956744d149,Золотой Берег,Новороссийск,Новороссийск м.о.,Бизнес,Средастрой,2026-02-19,квартира,4,57.54,11924220.00,203000.00,"Под чистовую, отделка как доп. опция",ФЛ,Нет,,0,2026-06-18 11:12:27.291 +0300
d21921fe8bb3cacb784b2f956744d149,Золотой Берег,Новороссийск,Новороссийск м.о.,Бизнес,Средастрой,2026-02-20,квартира,12,57.86,12034880.00,208000.00,"Под чистовую, отделка как доп. опция",ЮЛ,Нет,,0,2026-06-18 11:12:27.291 +0300
d21921fe8bb3cacb784b2f956744d149,Золотой Берег,Новороссийск,Новороссийск м.о.,Бизнес,Средастрой,2026-02-20,квартира,13,53.93,10947790.00,202736.85,"Под чистовую, отделка как доп. опция",ЮЛ,Нет,,0,2026-06-18 11:12:27.291 +0300
d21921fe8bb3cacb784b2f956744d149,Золотой Берег,Новороссийск,Новороссийск м.о.,Бизнес,Средастрой,2026-02-20,квартира,14,57.86,12034880.00,208000.00,"Под чистовую, отделка как доп. опция",ЮЛ,Нет,,0,2026-06-18 11:12:27.291 +0300
"54d8db3c6f1f18c3cd3c93aa1ce1a529",Белые ночи,Сочи,Сочи г.о.,Бизнес+,PARAD DEVELOPMENT,2026-02-20,апартаменты,2,29.25,27831375.00,951500.00,С отделкой и мебелью,ФЛ,Ипотека,ПАО Сбербанк России,360,2026-06-18 11:12:27.291 +0300
"5338417a484eca51d14d28b59e51946f",История-3,Южный п.,Динской м.о.,Комфорт,НВМ,2026-02-20,квартира,4,55.75,9198750.00,165000.00,Под чистовую,ФЛ,Ипотека,ПАО Сбербанк России,0,2026-06-18 11:12:27.291 +0300
"45131c4ef8b37326fa1ad3d957bf531d",Усадьба Гостагаевская,Нижняя Гостагайка х.,Анапа м.о.,Бизнес-,ССК,2026-02-20,квартира,3,40.62,8530200.00,210000.00,Под чистовую и отделка как доп. опция,ФЛ,Ипотека,АО Альфа-Банк,0,2026-06-18 11:12:27.291 +0300
"657f63e930fe997bbb51f758ed370fb0",Кутузовский,Новороссийск,Новороссийск м.о.,Комфорт,МПМК Краснодарская-1,2026-02-20,квартира,8,43.11,7099000.00,155000.00,Без отделки,ФЛ,Ипотека,ПАО Сбербанк России,0,2026-06-18 11:12:27.291 +0300
"657f63e930fe997bbb51f758ed370fb0",Кутузовский,Новороссийск,Новороссийск м.о.,Комфорт,МПМК Краснодарская-1,2026-02-20,квартира,10,43.61,6759550.00,155000.00,Без отделки,ФЛ,Ипотека,ПАО Сбербанк России,0,2026-06-18 11:12:27.291 +0300
d21921fe8bb3cacb784b2f956744d149,Золотой Берег,Новороссийск,Новороссийск м.о.,Бизнес,Средастрой,2026-02-20,квартира,6,57.86,11745580.00,203000.00,"Под чистовую, отделка как доп. опция",ФЛ,Нет,,0,2026-06-18 11:12:27.291 +0300
"657f63e930fe997bbb51f758ed370fb0",Кутузовский,Новороссийск,Новороссийск м.о.,Комфорт,МПМК Краснодарская-1,2026-02-20,квартира,9,41.48,6518928.00,148936.00,Без отделки,ФЛ,Ипотека,ПАО Сбербанк России,192,2026-06-18 11:12:27.291 +0300
"9648a6234501850e715607d4d244b13a",Botanica Hills,Небуг с.,Туапсинский м.о.,Комфорт,Метрикс Develoрment,2026-02-20,квартира,6,17.21,5843310.00,339529.92,"Под чистовую, отделка как доп. опция",ФЛ,Нет,,0,2026-06-18 11:12:27.291 +0300
"77436a7722b713cff3de7d8e1397b4c2",Светский лес,Сочи,Сочи г.о.,Бизнес,Точно,2026-02-21,квартира,10,70.64,31882600.00,460000.00,Без отделки,ФЛ,Ипотека,ПАО Сбербанк России,240,2026-06-18 11:12:27.291 +0300
"5338417a484eca51d14d28b59e51946f",История-3,Южный п.,Динской м.о.,Комфорт,НВМ,2026-02-21,квартира,2,36.51,6754350.00,185000.00,Под чистовую,ФЛ,Ипотека,ПАО Сбербанк России,240,2026-06-18 11:12:27.291 +0300
"657f63e930fe997bbb51f758ed370fb0",Кутузовский,Новороссийск,Новороссийск м.о.,Комфорт,МПМК Краснодарская-1,2026-02-21,квартира,4,43.11,7099000.00,155000.00,Без отделки,ФЛ,Ипотека,ПАО Сбербанк России,360,2026-06-18 11:12:27.291 +0300
"657f63e930fe997bbb51f758ed370fb0",Кутузовский,Новороссийск,Новороссийск м.о.,Комфорт,МПМК Краснодарская-1,2026-02-22,квартира,14,43.11,7099000.00,155000.00,Без отделки,ФЛ,Ипотека,ПАО Сбербанк России,0,2026-06-18 11:12:27.291 +0300
"657f63e930fe997bbb51f758ed370fb0",Кутузовский,Новороссийск,Новороссийск м.о.,Комфорт,МПМК Краснодарская-1,2026-02-22,квартира,7,42.63,7374900.00,155000.00,Без отделки,ФЛ,Ипотека,ПАО Сбербанк России,0,2026-06-18 11:12:27.291 +0300
"2e950b4ca0aa9edccfc33804f92be08a",Сады у моря,Темрюк,Темрюк м.о.,Комфорт,Каскад,2026-02-24,квартира,8,56.25,7875000.00,140000.00,"Под чистовую, отделка как доп. опция",ФЛ,Ипотека,ПАО Сбербанк России,360,2026-06-18 11:12:27.291 +0300
"937886a1c9205f225c86d9db67028971",Палаццо Де Агой / Гранд Отель Агой,Агой с.,Туапсинский м.о.,Бизнес+,ЯRus девелопмент,2026-02-24,апартаменты,2,30.80,28952000.00,940000.00,С отделкой и мебелью,ФЛ,Нет,,0,2026-06-18 11:12:27.291 +0300
"937886a1c9205f225c86d9db67028971",Палаццо Де Агой / Гранд Отель Агой,Агой с.,Туапсинский м.о.,Бизнес+,ЯRus девелопмент,2026-02-24,апартаменты,2,31.40,29516000.00,940000.00,С отделкой и мебелью,ФЛ,Нет,,0,2026-06-18 11:12:27.291 +0300
"12054ab7fd7e8f66e6d9382e72dec615",Мандарин Гарден,Сочи,Сочи г.о.,Премиум,Солнечный луч,2026-02-24,апартаменты,5,55.70,111400000.00,2000000.00,С отделкой и мебелью,ФЛ,Нет,,0,2026-06-18 11:12:27.291 +0300
c5fc682cef8e118ca6caaa2ddeaeb433,Sun Garden Hotel,Анапа,Анапа м.о.,Премиум,Развитие,2026-02-25,нежилое помещение,2,41.50,0.00,0.00,,ФЛ,Нет,,0,2026-06-18 11:12:27.291 +0300
"937886a1c9205f225c86d9db67028971",Палаццо Де Агой / Гранд Отель Агой,Агой с.,Туапсинский м.о.,Бизнес+,ЯRus девелопмент,2026-02-25,апартаменты,2,41.30,38822000.00,940000.00,С отделкой и мебелью,ФЛ,Нет,,0,2026-06-18 11:12:27.291 +0300
"89f537fda6bcc1df310625c68de74f15",Корсаков,Анапа,Анапа м.о.,Комфорт,ССК,2026-02-25,апартаменты,2,29.32,10995000.00,375000.00,С отделкой и мебелью,ФЛ,Ипотека,АО Альфа-Банк,0,2026-06-18 11:12:27.291 +0300
"657f63e930fe997bbb51f758ed370fb0",Кутузовский,Новороссийск,Новороссийск м.о.,Комфорт,МПМК Краснодарская-1,2026-02-25,квартира,11,41.44,6495098.00,148936.00,Без отделки,ФЛ,Нет,,0,2026-06-18 11:12:27.291 +0300
de2aa2f5a366bc2350a3e192512ea3e6,Цветной бульвар,Северская ст-ца,Северский м.о.,Комфорт,Точно,2026-02-25,нежилое помещение,-1,7.33,0.00,0.00,"Под чистовую, отделка как доп. опция",ФЛ,Нет,,0,2026-06-18 11:12:27.291 +0300
de2aa2f5a366bc2350a3e192512ea3e6,Цветной бульвар,Северская ст-ца,Северский м.о.,Комфорт,Точно,2026-02-25,нежилое помещение,-1,4.70,0.00,0.00,"Под чистовую, отделка как доп. опция",ФЛ,Нет,,0,2026-06-18 11:12:27.291 +0300
"3b768d7a3423d87ca2500e86b3aa26e8",Мореград,Анапа,Анапа м.о.,Комфорт,ССК,2026-02-25,апартаменты,6,23.30,8737500.00,375000.00,С отделкой и мебелью,ФЛ,Ипотека,АО Альфа-Банк,0,2026-06-18 11:12:27.291 +0300
"9648a6234501850e715607d4d244b13a",Botanica Hills,Небуг с.,Туапсинский м.о.,Комфорт,Метрикс Develoрment,2026-02-25,квартира,2,35.80,9296200.00,265000.00,"Под чистовую, отделка как доп. опция",ФЛ,Нет,,0,2026-06-18 11:12:27.291 +0300
"2e950b4ca0aa9edccfc33804f92be08a",Сады у моря,Темрюк,Темрюк м.о.,Комфорт,Каскад,2026-02-26,квартира,7,31.10,5131500.00,165000.00,"Под чистовую, отделка как доп. опция",ФЛ,Ипотека,ПАО Сбербанк России,0,2026-06-18 11:12:27.291 +0300
"83e4b77e4c81fe02646c0317f082a5b3",Эден / Eden Family Hotel,Анапа,Анапа м.о.,Комфорт,Развитие,2026-02-26,апартаменты,2,51.70,12873303.00,246615.00,С отделкой и мебелью,ФЛ,Нет,,0,2026-06-18 11:12:27.291 +0300
e6633db8b4c0466143c3ba2ad76172f0,Лучи,Анапа,Анапа м.о.,Комфорт,ADM group / Вертикаль,2026-02-26,апартаменты,7,66.33,30720480.00,446000.00,С отделкой и мебелью,ФЛ,Нет,,0,2026-06-18 11:12:27.291 +0300
db76211186418edf0a2732cb5784f84b,На ул. Ленина 95,Новороссийск,Новороссийск м.о.,Бизнес,Выбор,2026-02-26,квартира,5,72.80,13379402.00,183783.00,Без отделки,ФЛ,Нет,,0,2026-06-18 11:12:27.291 +0300
fc98c3a43cd1680c1cb66c1523d44f4a,Дзенпарк,Марьянская ст.,Красноармейский м.о.,Комфорт,Средастрой,2026-02-26,квартира,3,18.40,1840000.00,100000.00,"Под чистовую, отделка как доп. опция",ФЛ,Ипотека,ПАО Сбербанк России,0,2026-06-18 11:12:27.291 +0300
"54d8db3c6f1f18c3cd3c93aa1ce1a529",Белые ночи,Сочи,Сочи г.о.,Бизнес+,PARAD DEVELOPMENT,2026-02-26,апартаменты,5,28.98,28183050.00,972500.00,С отделкой и мебелью,ФЛ,Ипотека,ПАО Сбербанк России,360,2026-06-18 11:12:27.291 +0300
bcbe2f39504cb084713ca0f161f31273,Кумир,Армавир,Армавир г.о.,Комфорт,АРТ ГРУПП,2026-02-26,квартира,18,21.51,3210000.00,149232.91,С отделкой,ФЛ,Ипотека,ПАО Сбербанк России,0,2026-06-18 11:12:27.291 +0300
"77436a7722b713cff3de7d8e1397b4c2",Светский лес,Сочи,Сочи г.о.,Бизнес,Точно,2026-02-26,квартира,5,43.38,20171700.00,465000.00,Без отделки,ФЛ,Нет,,0,2026-06-18 11:12:27.291 +0300
"9648a6234501850e715607d4d244b13a",Botanica Hills,Небуг с.,Туапсинский м.о.,Комфорт,Метрикс Develoрment,2026-02-26,квартира,12,38.39,12036730.00,313538.16,"Под чистовую, отделка как доп. опция",ФЛ,Нет,,0,2026-06-18 11:12:27.291 +0300
d21921fe8bb3cacb784b2f956744d149,Золотой Берег,Новороссийск,Новороссийск м.о.,Бизнес,Средастрой,2026-02-26,квартира,5,93.15,19557300.00,201000.00,"Под чистовую, отделка как доп. опция",ФЛ,Ипотека,ПАО Банк ВТБ,362,2026-06-18 11:12:27.291 +0300
"9648a6234501850e715607d4d244b13a",Botanica Hills,Небуг с.,Туапсинский м.о.,Комфорт,Метрикс Develoрment,2026-02-27,квартира,8,19.41,7355400.00,345000.00,"Под чистовую, отделка как доп. опция",ФЛ,Ипотека,ПАО Промсвязьбанк,262,2026-06-18 11:12:27.291 +0300
"9648a6234501850e715607d4d244b13a",Botanica Hills,Небуг с.,Туапсинский м.о.,Комфорт,Метрикс Develoрment,2026-02-27,квартира,17,17.12,7007000.00,409287.38,"Под чистовую, отделка как доп. опция",ФЛ,Нет,,0,2026-06-18 11:12:27.291 +0300
e6633db8b4c0466143c3ba2ad76172f0,Лучи,Анапа,Анапа м.о.,Комфорт,ADM group / Вертикаль,2026-02-27,апартаменты,3,47.01,27665440.00,484000.00,С отделкой и мебелью,ФЛ,Нет,,0,2026-06-18 11:12:27.291 +0300
e6633db8b4c0466143c3ba2ad76172f0,Лучи,Анапа,Анапа м.о.,Комфорт,ADM group / Вертикаль,2026-02-27,апартаменты,7,26.90,18546860.00,601000.00,С отделкой и мебелью,ФЛ,Ипотека,ПАО Сбербанк России,0,2026-06-18 11:12:27.291 +0300
"5338417a484eca51d14d28b59e51946f",История-3,Южный п.,Динской м.о.,Комфорт,НВМ,2026-02-27,квартира,2,51.14,8438100.00,165000.00,Под чистовую,ФЛ,Ипотека,ПАО Сбербанк России,0,2026-06-18 11:12:27.291 +0300
"5338417a484eca51d14d28b59e51946f",История-3,Южный п.,Динской м.о.,Комфорт,НВМ,2026-02-27,квартира,2,54.22,9198750.00,165000.00,Под чистовую,ФЛ,Ипотека,ПАО Сбербанк России,0,2026-06-18 11:12:27.291 +0300
"391f8308731bd4ce69f7dcd46a0391de",Южно,Мысхако с.,Новороссийск м.о.,Комфорт,ССК,2026-02-27,квартира,2,41.03,7590550.00,185000.00,Отделка как доп. опция,ЮЛ,Нет,,0,2026-06-18 11:12:27.291 +0300
"391f8308731bd4ce69f7dcd46a0391de",Южно,Новороссийск,Новороссийск м.о.,Комфорт,ССК,2026-02-27,квартира,2,41.55,7271250.00,175000.00,Отделка как доп. опция,ЮЛ,Нет,,0,2026-06-18 11:12:27.291 +0300
d31ed59187ad12173fec06022d5bd0d0,Атаманский сад,Брюховецкая ст-ца,Брюховецкий м.о.,Комфорт,Метрикс Develoрment,2026-02-27,квартира,3,63.79,7920102.00,124159.00,Отделка как доп. опция,ФЛ,Нет,,0,2026-06-18 11:12:27.291 +0300
"60cc5097d90214abba1f37a69a60142b",Greenmont / Нескучный сад,Сочи,Сочи г.о.,Бизнес,Неометрия,2026-02-27,апартаменты,6,21.70,31460230.00,1449780.18,Отделка как доп. опция,ФЛ,Ипотека,АО Альфа-Банк,360,2026-06-18 11:12:27.291 +0300
bcbe2f39504cb084713ca0f161f31273,Кумир,Армавир,Армавир г.о.,Комфорт,АРТ ГРУПП,2026-02-28,квартира,7,38.18,5180000.00,135673.13,С отделкой,ФЛ,Ипотека,ПАО Сбербанк России,0,2026-06-18 11:12:27.291 +0300
"77436a7722b713cff3de7d8e1397b4c2",Светский лес,Сочи,Сочи г.о.,Бизнес,Точно,2026-03-01,квартира,8,36.05,16402750.00,455000.00,Без отделки,ФЛ,Нет,,0,2026-06-18 11:12:27.291 +0300
f158b53bd4c44a603ef7f54d61d1f267,Море тут,Голубицкая ст-ца,Темрюк м.о.,Бизнес,Каскад,2026-03-02,апартаменты,2,30.90,10197000.00,330000.00,"С отделкой, мебель как доп. опция",ФЛ,Нет,,0,2026-06-18 11:12:27.291 +0300
"1deed4029fc2ec67c021fcacf049861a",Ливингстон / Livingston,Сочи,Сочи г.о.,Элитный,СОЧИОЙЛСТРОЙ,2026-03-02,апартаменты,6,23.10,35896940.00,1553980.09,С отделкой и мебелью,ЮЛ,Нет,,0,2026-06-18 11:12:27.291 +0300
"1deed4029fc2ec67c021fcacf049861a",Ливингстон / Livingston,Сочи,Сочи г.о.,Элитный,СОЧИОЙЛСТРОЙ,2026-03-02,апартаменты,6,23.40,36363134.00,1553980.09,С отделкой и мебелью,ЮЛ,Нет,,0,2026-06-18 11:12:27.291 +0300
"1deed4029fc2ec67c021fcacf049861a",Ливингстон / Livingston,Сочи,Сочи г.о.,Элитный,СОЧИОЙЛСТРОЙ,2026-03-02,апартаменты,6,23.40,36363134.00,1553980.09,С отделкой и мебелью,ЮЛ,Нет,,0,2026-06-18 11:12:27.291 +0300
"1deed4029fc2ec67c021fcacf049861a",Ливингстон / Livingston,Сочи,Сочи г.о.,Элитный,СОЧИОЙЛСТРОЙ,2026-03-02,апартаменты,6,23.40,36363134.00,1553980.09,С отделкой и мебелью,ЮЛ,Нет,,0,2026-06-18 11:12:27.291 +0300
"1deed4029fc2ec67c021fcacf049861a",Ливингстон / Livingston,Сочи,Сочи г.о.,Элитный,СОЧИОЙЛСТРОЙ,2026-03-02,апартаменты,6,23.40,36363134.00,1553980.09,С отделкой и мебелью,ЮЛ,Нет,,0,2026-06-18 11:12:27.291 +0300
"1deed4029fc2ec67c021fcacf049861a",Ливингстон / Livingston,Сочи,Сочи г.о.,Элитный,СОЧИОЙЛСТРОЙ,2026-03-02,апартаменты,6,23.40,36363134.00,1553980.09,С отделкой и мебелью,ЮЛ,Нет,,0,2026-06-18 11:12:27.291 +0300
"1deed4029fc2ec67c021fcacf049861a",Ливингстон / Livingston,Сочи,Сочи г.о.,Элитный,СОЧИОЙЛСТРОЙ,2026-03-02,апартаменты,8,42.00,77076436.00,1835153.24,С отделкой и мебелью,ЮЛ,Нет,,0,2026-06-18 11:12:27.291 +0300
"1deed4029fc2ec67c021fcacf049861a",Ливингстон / Livingston,Сочи,Сочи г.о.,Элитный,СОЧИОЙЛСТРОЙ,2026-03-02,апартаменты,8,23.40,42942586.00,1835153.25,С отделкой и мебелью,ЮЛ,Нет,,0,2026-06-18 11:12:27.291 +0300
"1deed4029fc2ec67c021fcacf049861a",Ливингстон / Livingston,Сочи,Сочи г.о.,Элитный,СОЧИОЙЛСТРОЙ,2026-03-02,апартаменты,8,23.40,42942586.00,1835153.25,С отделкой и мебелью,ЮЛ,Нет,,0,2026-06-18 11:12:27.291 +0300
"1deed4029fc2ec67c021fcacf049861a",Ливингстон / Livingston,Сочи,Сочи г.о.,Элитный,СОЧИОЙЛСТРОЙ,2026-03-02,апартаменты,9,19.90,34394165.00,1728350.05,С отделкой и мебелью,ЮЛ,Нет,,0,2026-06-18 11:12:27.291 +0300
"1deed4029fc2ec67c021fcacf049861a",Ливингстон / Livingston,Сочи,Сочи г.о.,Элитный,СОЧИОЙЛСТРОЙ,2026-03-02,апартаменты,9,20.30,37253610.00,1835153.25,С отделкой и мебелью,ЮЛ,Нет,,0,2026-06-18 11:12:27.291 +0300
"114265fbbd12eef28cca19fc11278cc4",Город у моря,Новороссийск,Новороссийск м.о.,Комфорт,ВКБ-Новостройки,2026-03-02,квартира,14,37.82,7636000.00,196753.41,С отделкой,ФЛ,Нет,,0,2026-06-18 11:12:27.291 +0300
"441afa8fae5c94a584f16bc1baa6b237",Моренуар,Новороссийск,Новороссийск м.о.,Бизнес,Семья,2026-03-02,квартира,5,34.34,7747104.00,225600.00,Под чистовую,ФЛ,Ипотека,ПАО Банк ВТБ,0,2026-06-18 11:12:27.291 +0300
e6633db8b4c0466143c3ba2ad76172f0,Лучи,Анапа,Анапа м.о.,Комфорт,ADM group / Вертикаль,2026-03-02,апартаменты,4,30.39,19157600.00,616000.00,С отделкой и мебелью,ФЛ,Нет,,0,2026-06-18 11:12:27.291 +0300
d21921fe8bb3cacb784b2f956744d149,Золотой Берег,Новороссийск,Новороссийск м.о.,Бизнес,Средастрой,2026-03-03,квартира,8,78.82,17157740.00,206000.00,"Под чистовую, отделка как доп. опция",ФЛ,Нет,,0,2026-06-18 11:12:27.291 +0300
de2aa2f5a366bc2350a3e192512ea3e6,Цветной бульвар,Северская ст-ца,Северский м.о.,Комфорт,Точно,2026-03-03,квартира,5,26.49,3708600.00,140000.00,"Под чистовую, отделка как доп. опция",ФЛ,Ипотека,ПАО Банк ВТБ,0,2026-06-18 11:12:27.291 +0300
de2aa2f5a366bc2350a3e192512ea3e6,Цветной бульвар,Северская ст-ца,Северский м.о.,Комфорт,Точно,2026-03-03,квартира,6,26.49,3708600.00,140000.00,"Под чистовую, отделка как доп. опция",ФЛ,Ипотека,ПАО Банк ВТБ,362,2026-06-18 11:12:27.291 +0300
"2e950b4ca0aa9edccfc33804f92be08a",Сады у моря,Темрюк,Темрюк м.о.,Комфорт,Каскад,2026-03-03,квартира,2,30.56,5042400.00,165000.00,"Под чистовую, отделка как доп. опция",ФЛ,Ипотека,ПАО Сбербанк России,360,2026-06-18 11:12:27.291 +0300
fc98c3a43cd1680c1cb66c1523d44f4a,Дзенпарк,Марьянская ст.,Красноармейский м.о.,Комфорт,Средастрой,2026-03-03,квартира,1,18.40,2208000.00,120000.00,"Под чистовую, отделка как доп. опция",ФЛ,Ипотека,ПАО Сбербанк России,0,2026-06-18 11:12:27.291 +0300
d21921fe8bb3cacb784b2f956744d149,Золотой Берег,Новороссийск,Новороссийск м.о.,Бизнес,Средастрой,2026-03-03,квартира,14,58.89,13426920.00,228000.00,"Под чистовую, отделка как доп. опция",ФЛ,Нет,,0,2026-06-18 11:12:27.291 +0300
"657f63e930fe997bbb51f758ed370fb0",Кутузовский,Новороссийск,Новороссийск м.о.,Комфорт,МПМК Краснодарская-1,2026-03-03,квартира,11,40.51,6495098.00,148936.00,Без отделки,ФЛ,Ипотека,ПАО Сбербанк России,360,2026-06-18 11:12:27.291 +0300
bcbe2f39504cb084713ca0f161f31273,Кумир,Армавир,Армавир г.о.,Комфорт,АРТ ГРУПП,2026-03-03,квартира,2,44.91,6109930.00,136048.33,С отделкой,ФЛ,Ипотека,ПАО Сбербанк России,0,2026-06-18 11:12:27.291 +0300
e6633db8b4c0466143c3ba2ad76172f0,Лучи,Анапа,Анапа м.о.,Комфорт,ADM group / Вертикаль,2026-03-03,апартаменты,5,31.50,17102550.00,565000.00,С отделкой и мебелью,ФЛ,Нет,,0,2026-06-18 11:12:27.291 +0300
e6633db8b4c0466143c3ba2ad76172f0,Лучи,Анапа,Анапа м.о.,Комфорт,ADM group / Вертикаль,2026-03-03,апартаменты,6,31.50,18192270.00,601000.00,С отделкой и мебелью,ФЛ,Нет,,0,2026-06-18 11:12:27.291 +0300
"8ed0e7591eaa0574bd43b67f71525cee",Royal Beach Sochi,Сочи,Сочи г.о.,Премиум,Еврострой,2026-03-04,апартаменты,4,33.06,19174800.00,580000.00,Без отделки,ФЛ,Нет,,0,2026-06-18 11:12:27.291 +0300
f158b53bd4c44a603ef7f54d61d1f267,Море тут,Голубицкая ст-ца,Темрюк м.о.,Бизнес,Каскад,2026-03-04,апартаменты,5,46.20,16170001.00,350000.02,"С отделкой, мебель как доп. опция",ФЛ,Нет,,0,2026-06-18 11:12:27.291 +0300
f158b53bd4c44a603ef7f54d61d1f267,Море тут,Голубицкая ст-ца,Темрюк м.о.,Бизнес,Каскад,2026-03-04,апартаменты,3,34.20,11286001.00,330000.03,"С отделкой, мебель как доп. опция",ФЛ,Нет,,0,2026-06-18 11:12:27.291 +0300
d21921fe8bb3cacb784b2f956744d149,Золотой Берег,Новороссийск,Новороссийск м.о.,Бизнес,Средастрой,2026-03-04,квартира,8,78.82,16741290.00,201000.00,"Под чистовую, отделка как доп. опция",ФЛ,Ипотека,ПАО БАНК УРАЛСИБ,0,2026-06-18 11:12:27.291 +0300
f158b53bd4c44a603ef7f54d61d1f267,Море тут,Голубицкая ст-ца,Темрюк м.о.,Бизнес,Каскад,2026-03-05,апартаменты,2,30.50,10065000.00,330000.00,"С отделкой, мебель как доп. опция",ФЛ,Нет,,0,2026-06-18 11:12:27.291 +0300
d21921fe8bb3cacb784b2f956744d149,Золотой Берег,Новороссийск,Новороссийск м.о.,Бизнес,Средастрой,2026-03-05,квартира,11,57.54,12838020.00,218000.00,"Под чистовую, отделка как доп. опция",ФЛ,Нет,,0,2026-06-18 11:12:27.291 +0300
"3b768d7a3423d87ca2500e86b3aa26e8",Мореград,Анапа,Анапа м.о.,Комфорт,ССК,2026-03-05,апартаменты,6,24.00,9000000.00,375000.00,С отделкой и мебелью,ФЛ,Ипотека,АО Альфа-Банк,0,2026-06-18 11:12:27.291 +0300
ecdd2060c65010326879068843af8e13,Хозяин морей,Анапа,Анапа м.о.,Бизнес,Точно,2026-03-05,квартира,3,38.10,10400000.00,260000.00,Под чистовую и отделка как доп. опция,ФЛ,Ипотека,ПАО Сбербанк России,360,2026-06-18 11:12:27.291 +0300
"54d8db3c6f1f18c3cd3c93aa1ce1a529",Белые ночи,Сочи,Сочи г.о.,Бизнес+,PARAD DEVELOPMENT,2026-03-06,апартаменты,4,41.54,38382960.00,924000.00,С отделкой и мебелью,ФЛ,Ипотека,ПАО Сбербанк России,360,2026-06-18 11:12:27.291 +0300
"5338417a484eca51d14d28b59e51946f",История-3,Южный п.,Динской м.о.,Комфорт,НВМ,2026-03-06,квартира,4,49.64,8438100.00,165000.00,Под чистовую,ФЛ,Ипотека,ПАО Сбербанк России,0,2026-06-18 11:12:27.291 +0300
"45131c4ef8b37326fa1ad3d957bf531d",Усадьба Гостагаевская,Нижняя Гостагайка х.,Анапа м.о.,Бизнес-,ССК,2026-03-06,квартира,1,63.65,12411750.00,195000.00,Под чистовую,ЮЛ,Нет,,0,2026-06-18 11:12:27.291 +0300
"77436a7722b713cff3de7d8e1397b4c2",Светский лес,Сочи,Сочи г.о.,Бизнес,Точно,2026-03-06,квартира,9,36.63,16316000.00,445427.25,Без отделки,ФЛ,Нет,,0,2026-06-18 11:12:27.291 +0300
"45131c4ef8b37326fa1ad3d957bf531d",Усадьба Гостагаевская,Нижняя Гостагайка х.,Анапа м.о.,Бизнес-,ССК,2026-03-10,квартира,1,83.94,16368300.00,195000.00,Под чистовую,ЮЛ,Нет,,0,2026-06-18 11:12:27.291 +0300
"45131c4ef8b37326fa1ad3d957bf531d",Усадьба Гостагаевская,Нижняя Гостагайка х.,Анапа м.о.,Бизнес-,ССК,2026-03-10,квартира,1,80.40,15276000.00,190000.00,Под чистовую,ЮЛ,Нет,,0,2026-06-18 11:12:27.291 +0300
"45131c4ef8b37326fa1ad3d957bf531d",Усадьба Гостагаевская,Нижняя Гостагайка х.,Анапа м.о.,Бизнес-,ССК,2026-03-10,квартира,1,84.57,16068300.00,190000.00,Под чистовую,ЮЛ,Нет,,0,2026-06-18 11:12:27.291 +0300
"45131c4ef8b37326fa1ad3d957bf531d",Усадьба Гостагаевская,Нижняя Гостагайка х.,Анапа м.о.,Бизнес-,ССК,2026-03-10,квартира,1,80.55,15304500.00,190000.00,Под чистовую,ЮЛ,Нет,,0,2026-06-18 11:12:27.291 +0300
"45131c4ef8b37326fa1ad3d957bf531d",Усадьба Гостагаевская,Нижняя Гостагайка х.,Анапа м.о.,Бизнес-,ССК,2026-03-10,квартира,1,82.03,15585700.00,190000.00,Под чистовую,ЮЛ,Нет,,0,2026-06-18 11:12:27.291 +0300
"45131c4ef8b37326fa1ad3d957bf531d",Усадьба Гостагаевская,Нижняя Гостагайка х.,Анапа м.о.,Бизнес-,ССК,2026-03-10,квартира,1,54.02,10533900.00,195000.00,Под чистовую,ЮЛ,Нет,,0,2026-06-18 11:12:27.291 +0300
"45131c4ef8b37326fa1ad3d957bf531d",Усадьба Гостагаевская,Нижняя Гостагайка х.,Анапа м.о.,Бизнес-,ССК,2026-03-10,квартира,1,82.78,15730100.00,190000.00,Под чистовую,ЮЛ,Нет,,0,2026-06-18 11:12:27.291 +0300
"9648a6234501850e715607d4d244b13a",Botanica Hills,Небуг с.,Туапсинский м.о.,Комфорт,Метрикс Develoрment,2026-03-10,квартира,3,34.83,9578250.00,275000.00,"Под чистовую, отделка как доп. опция",ФЛ,Нет,,0,2026-06-18 11:12:27.291 +0300
"2e950b4ca0aa9edccfc33804f92be08a",Сады у моря,Темрюк,Темрюк м.о.,Комфорт,Каскад,2026-03-11,квартира,8,35.20,5428100.00,155000.00,"Под чистовую, отделка как доп. опция",ФЛ,Ипотека,ПАО Сбербанк России,360,2026-06-18 11:12:27.291 +0300
"54d8db3c6f1f18c3cd3c93aa1ce1a529",Белые ночи,Сочи,Сочи г.о.,Бизнес+,PARAD DEVELOPMENT,2026-03-11,апартаменты,6,66.56,55144960.00,828500.00,С отделкой и мебелью,ФЛ,Нет,,0,2026-06-18 11:12:27.291 +0300
db76211186418edf0a2732cb5784f84b,На ул. Ленина 95,Новороссийск,Новороссийск м.о.,Бизнес,Выбор,2026-03-11,квартира,9,72.80,13379402.00,183783.00,Без отделки,ФЛ,Нет,,0,2026-06-18 11:12:27.291 +0300
"9648a6234501850e715607d4d244b13a",Botanica Hills,Небуг с.,Туапсинский м.о.,Комфорт,Метрикс Develoрment,2026-03-11,квартира,6,31.50,8665650.00,275100.00,"Под чистовую, отделка как доп. опция",ФЛ,Нет,,0,2026-06-18 11:12:27.291 +0300
"018074db013670b10cd1d3367521d2a2",Барса,Новороссийск,Новороссийск м.о.,Бизнес,Точно,2026-03-12,квартира,12,57.30,12854000.00,235853.21,Под чистовую и отделка как доп. опция,ФЛ,Нет,,0,2026-06-18 11:12:27.291 +0300
"657f63e930fe997bbb51f758ed370fb0",Кутузовский,Новороссийск,Новороссийск м.о.,Комфорт,МПМК Краснодарская-1,2026-03-12,квартира,2,41.44,6759550.00,155000.00,Без отделки,ФЛ,Ипотека,ПАО Сбербанк России,360,2026-06-18 11:12:27.291 +0300
"54d8db3c6f1f18c3cd3c93aa1ce1a529",Белые ночи,Сочи,Сочи г.о.,Бизнес+,PARAD DEVELOPMENT,2026-03-13,апартаменты,5,45.64,42422380.00,929500.00,С отделкой и мебелью,ФЛ,Ипотека,ПАО Сбербанк России,312,2026-06-18 11:12:27.291 +0300
"77436a7722b713cff3de7d8e1397b4c2",Светский лес,Сочи,Сочи г.о.,Бизнес,Точно,2026-03-13,квартира,10,79.71,32516000.00,443178.41,Без отделки,ФЛ,Нет,,0,2026-06-18 11:12:27.291 +0300
"77436a7722b713cff3de7d8e1397b4c2",Светский лес,Сочи,Сочи г.о.,Бизнес,Точно,2026-03-13,квартира,6,43.38,20206000.00,465790.69,Без отделки,ФЛ,Нет,,0,2026-06-18 11:12:27.291 +0300
"77436a7722b713cff3de7d8e1397b4c2",Светский лес,Сочи,Сочи г.о.,Бизнес,Точно,2026-03-13,квартира,7,70.64,30560000.00,440917.62,Без отделки,ФЛ,Нет,,0,2026-06-18 11:12:27.291 +0300
fc98c3a43cd1680c1cb66c1523d44f4a,Дзенпарк,Марьянская ст.,Красноармейский м.о.,Комфорт,Средастрой,2026-03-14,квартира,2,20.10,2412000.00,120000.00,"Под чистовую, отделка как доп. опция",ФЛ,Нет,,0,2026-06-18 11:12:27.291 +0300
fc98c3a43cd1680c1cb66c1523d44f4a,Дзенпарк,Марьянская ст.,Красноармейский м.о.,Комфорт,Средастрой,2026-03-14,квартира,3,20.10,2412000.00,120000.00,"Под чистовую, отделка как доп. опция",ФЛ,Нет,,0,2026-06-18 11:12:27.291 +0300
"018074db013670b10cd1d3367521d2a2",Барса,Новороссийск,Новороссийск м.о.,Бизнес,Точно,2026-03-14,квартира,14,57.30,12854000.00,235853.21,Под чистовую и отделка как доп. опция,ФЛ,Ипотека,ПАО Сбербанк России,360,2026-06-18 11:12:27.291 +0300
"657f63e930fe997bbb51f758ed370fb0",Кутузовский,Новороссийск,Новороссийск м.о.,Комфорт,МПМК Краснодарская-1,2026-03-15,квартира,11,47.29,6927985.00,146500.00,Без отделки,ФЛ,Ипотека,ПАО Сбербанк России,360,2026-06-18 11:12:27.291 +0300
"657f63e930fe997bbb51f758ed370fb0",Кутузовский,Новороссийск,Новороссийск м.о.,Комфорт,МПМК Краснодарская-1,2026-03-16,квартира,11,42.54,7329950.00,155000.00,Без отделки,ФЛ,Ипотека,ПАО Сбербанк России,360,2026-06-18 11:12:27.291 +0300
"657f63e930fe997bbb51f758ed370fb0",Кутузовский,Новороссийск,Новороссийск м.о.,Комфорт,МПМК Краснодарская-1,2026-03-16,квартира,11,42.54,7329950.00,155000.00,Без отделки,ФЛ,Ипотека,ПАО Промсвязьбанк,213,2026-06-18 11:12:27.291 +0300
fc98c3a43cd1680c1cb66c1523d44f4a,Дзенпарк,Марьянская ст.,Красноармейский м.о.,Комфорт,Средастрой,2026-03-16,квартира,1,17.70,2124000.00,120000.00,"Под чистовую, отделка как доп. опция",ФЛ,Нет,,0,2026-06-18 11:12:27.291 +0300
"5338417a484eca51d14d28b59e51946f",История-3,Южный п.,Динской м.о.,Комфорт,НВМ,2026-03-16,квартира,5,55.75,9198750.00,165000.00,Под чистовую,ФЛ,Ипотека,ПАО Сбербанк России,360,2026-06-18 11:12:27.291 +0300
"391f8308731bd4ce69f7dcd46a0391de",Южно,Новороссийск,Новороссийск м.о.,Комфорт,ССК,2026-03-16,квартира,7,41.96,7343000.00,175000.00,Отделка как доп. опция,ФЛ,Ипотека,АО Альфа-Банк,0,2026-06-18 11:12:27.291 +0300
"391f8308731bd4ce69f7dcd46a0391de",Южно,Новороссийск,Новороссийск м.о.,Комфорт,ССК,2026-03-16,квартира,7,28.64,4777352.00,166807.00,Отделка как доп. опция,ФЛ,Ипотека,ПАО Сбербанк России,360,2026-06-18 11:12:27.291 +0300
"657f63e930fe997bbb51f758ed370fb0",Кутузовский,Новороссийск,Новороссийск м.о.,Комфорт,МПМК Краснодарская-1,2026-03-16,квартира,11,40.51,6759550.00,155000.00,Без отделки,ФЛ,Ипотека,ПАО Сбербанк России,360,2026-06-18 11:12:27.291 +0300
d21921fe8bb3cacb784b2f956744d149,Золотой Берег,Новороссийск,Новороссийск м.о.,Бизнес,Средастрой,2026-03-16,квартира,5,93.15,18584300.00,191000.00,"Под чистовую, отделка как доп. опция",ФЛ,Ипотека,ПАО Сбербанк России,0,2026-06-18 11:12:27.291 +0300
"5338417a484eca51d14d28b59e51946f",История-3,Южный п.,Динской м.о.,Комфорт,НВМ,2026-03-17,квартира,3,49.64,8438100.00,165000.00,Под чистовую,ФЛ,Ипотека,ПАО Сбербанк России,0,2026-06-18 11:12:27.291 +0300
"5338417a484eca51d14d28b59e51946f",История-3,Южный п.,Динской м.о.,Комфорт,НВМ,2026-03-17,квартира,3,43.08,7969800.00,185000.00,Под чистовую,ФЛ,Ипотека,ПАО Сбербанк России,0,2026-06-18 11:12:27.291 +0300
db76211186418edf0a2732cb5784f84b,На ул. Ленина 95,Новороссийск,Новороссийск м.о.,Бизнес,Выбор,2026-03-17,квартира,15,72.80,13585280.00,186611.00,Без отделки,ФЛ,Нет,,0,2026-06-18 11:12:27.291 +0300
"391f8308731bd4ce69f7dcd46a0391de",Южно,Мысхако с.,Новороссийск м.о.,Комфорт,ССК,2026-03-17,квартира,5,40.37,7468450.00,185000.00,Отделка как доп. опция,ФЛ,Нет,,0,2026-06-18 11:12:27.291 +0300
"391f8308731bd4ce69f7dcd46a0391de",Южно,Новороссийск,Новороссийск м.о.,Комфорт,ССК,2026-03-17,квартира,2,28.64,4777352.00,166807.00,Отделка как доп. опция,ФЛ,Ипотека,АО Альфа-Банк,0,2026-06-18 11:12:27.291 +0300
fc98c3a43cd1680c1cb66c1523d44f4a,Дзенпарк,Марьянская ст.,Красноармейский м.о.,Комфорт,Средастрой,2026-03-17,квартира,4,22.80,2736000.00,120000.00,"Под чистовую, отделка как доп. опция",ФЛ,Нет,,0,2026-06-18 11:12:27.291 +0300
"657f63e930fe997bbb51f758ed370fb0",Кутузовский,Новороссийск,Новороссийск м.о.,Комфорт,МПМК Краснодарская-1,2026-03-17,квартира,4,40.51,6526020.00,138000.00,Без отделки,ФЛ,Ипотека,ПАО Сбербанк России,0,2026-06-18 11:12:27.291 +0300
"3b768d7a3423d87ca2500e86b3aa26e8",Мореград,Анапа,Анапа м.о.,Комфорт,ССК,2026-03-17,апартаменты,4,24.10,8796500.00,365000.00,С отделкой и мебелью,ФЛ,Ипотека,АО Альфа-Банк,0,2026-06-18 11:12:27.291 +0300
"3b768d7a3423d87ca2500e86b3aa26e8",Мореград,Анапа,Анапа м.о.,Комфорт,ССК,2026-03-18,апартаменты,9,27.60,9936000.00,360000.00,С отделкой и мебелью,ФЛ,Ипотека,ПАО Банк ВТБ,0,2026-06-18 11:12:27.291 +0300
"45131c4ef8b37326fa1ad3d957bf531d",Усадьба Гостагаевская,Нижняя Гостагайка х.,Анапа м.о.,Бизнес-,ССК,2026-03-18,квартира,3,35.50,7455000.00,210000.00,Под чистовую и отделка как доп. опция,ФЛ,Ипотека,ПАО Сбербанк России,336,2026-06-18 11:12:27.291 +0300
"54d8db3c6f1f18c3cd3c93aa1ce1a529",Белые ночи,Сочи,Сочи г.о.,Бизнес+,PARAD DEVELOPMENT,2026-03-18,апартаменты,6,29.99,29165275.00,972500.00,С отделкой и мебелью,ФЛ,Нет,,0,2026-06-18 11:12:27.291 +0300
"54d8db3c6f1f18c3cd3c93aa1ce1a529",Белые ночи,Сочи,Сочи г.о.,Бизнес+,PARAD DEVELOPMENT,2026-03-18,апартаменты,6,29.97,29145825.00,972500.00,С отделкой и мебелью,ФЛ,Нет,,0,2026-06-18 11:12:27.291 +0300
"391f8308731bd4ce69f7dcd46a0391de",Южно,Новороссийск,Новороссийск м.о.,Комфорт,ССК,2026-03-18,квартира,8,28.64,4777352.00,166807.00,Отделка как доп. опция,ФЛ,Ипотека,АО Альфа-Банк,0,2026-06-18 11:12:27.291 +0300
"77436a7722b713cff3de7d8e1397b4c2",Светский лес,Сочи,Сочи г.о.,Бизнес,Точно,2026-03-18,квартира,6,43.38,20206000.00,465790.69,Без отделки,ФЛ,Ипотека,ПАО Сбербанк России,240,2026-06-18 11:12:27.291 +0300
db76211186418edf0a2732cb5784f84b,На ул. Ленина 95,Новороссийск,Новороссийск м.о.,Бизнес,Выбор,2026-03-18,квартира,10,72.80,13379402.00,183783.00,Без отделки,ФЛ,Нет,,0,2026-06-18 11:12:27.291 +0300
"9648a6234501850e715607d4d244b13a",Botanica Hills,Небуг с.,Туапсинский м.о.,Комфорт,Метрикс Develoрment,2026-03-18,квартира,6,17.97,6003000.00,334056.76,"Под чистовую, отделка как доп. опция",ФЛ,Нет,,0,2026-06-18 11:12:27.291 +0300
"9648a6234501850e715607d4d244b13a",Botanica Hills,Небуг с.,Туапсинский м.о.,Комфорт,Метрикс Develoрment,2026-03-18,квартира,9,24.10,8025300.00,333000.00,"Под чистовую, отделка как доп. опция",ФЛ,Нет,,0,2026-06-18 11:12:27.291 +0300
"71fa66dc65922c6a4364c32224375107",Центральный (Анапа),Анапа,Анапа м.о.,Комфорт,Гамма,2026-03-19,квартира,4,38.39,10557250.00,275000.00,Под чистовую и отделка как доп. опция,ФЛ,Нет,,0,2026-06-18 11:12:27.291 +0300
e6633db8b4c0466143c3ba2ad76172f0,Лучи,Анапа,Анапа м.о.,Комфорт,ADM group / Вертикаль,2026-03-19,апартаменты,5,31.60,17057350.00,565000.00,С отделкой и мебелью,ФЛ,Нет,,0,2026-06-18 11:12:27.291 +0300
e6633db8b4c0466143c3ba2ad76172f0,Лучи,Анапа,Анапа м.о.,Комфорт,ADM group / Вертикаль,2026-03-19,апартаменты,5,31.00,18624990.00,601000.00,С отделкой и мебелью,ФЛ,Нет,,0,2026-06-18 11:12:27.291 +0300
"657f63e930fe997bbb51f758ed370fb0",Кутузовский,Новороссийск,Новороссийск м.о.,Комфорт,МПМК Краснодарская-1,2026-03-19,квартира,3,42.54,7329950.00,155000.00,Без отделки,ФЛ,Ипотека,ПАО Сбербанк России,0,2026-06-18 11:12:27.291 +0300
"54d8db3c6f1f18c3cd3c93aa1ce1a529",Белые ночи,Сочи,Сочи г.о.,Бизнес+,PARAD DEVELOPMENT,2026-03-19,апартаменты,5,29.25,28445625.00,972500.00,С отделкой и мебелью,ФЛ,Нет,,0,2026-06-18 11:12:27.291 +0300
"3b768d7a3423d87ca2500e86b3aa26e8",Мореград,Анапа,Анапа м.о.,Комфорт,ССК,2026-03-19,апартаменты,7,23.00,8625000.00,375000.00,С отделкой и мебелью,ФЛ,Нет,,0,2026-06-18 11:12:27.291 +0300
"77436a7722b713cff3de7d8e1397b4c2",Светский лес,Сочи,Сочи г.о.,Бизнес,Точно,2026-03-19,квартира,7,43.38,20794000.00,479345.32,Без отделки,ФЛ,Ипотека,ПАО Сбербанк России,216,2026-06-18 11:12:27.291 +0300
"9648a6234501850e715607d4d244b13a",Botanica Hills,Небуг с.,Туапсинский м.о.,Комфорт,Метрикс Develoрment,2026-03-19,квартира,2,39.18,10802260.00,275708.52,"Под чистовую, отделка как доп. опция",ФЛ,Нет,,0,2026-06-18 11:12:27.291 +0300
"9648a6234501850e715607d4d244b13a",Botanica Hills,Небуг с.,Туапсинский м.о.,Комфорт,Метрикс Develoрment,2026-03-19,квартира,6,31.61,9147270.00,289378.99,"Под чистовую, отделка как доп. опция",ФЛ,Ипотека,ПАО Сбербанк России,360,2026-06-18 11:12:27.291 +0300
fc98c3a43cd1680c1cb66c1523d44f4a,Дзенпарк,Марьянская ст.,Красноармейский м.о.,Комфорт,Средастрой,2026-03-19,квартира,2,20.10,2412000.00,120000.00,"Под чистовую, отделка как доп. опция",ФЛ,Нет,,0,2026-06-18 11:12:27.291 +0300
eca274b3055109ce9b54226b337d8781,Императорский парк,Анапа,Анапа м.о.,Комфорт,ОБД-Инвест,2026-03-19,квартира,11,45.20,9194764.00,203424.00,Под чистовую и отделка как доп. опция,ФЛ,Нет,,0,2026-06-18 11:12:27.291 +0300
"4808dce0ca7c80371054378e1592e294",Marine Garden Sochi 4*,Сочи,Сочи г.о.,Бизнес,Еврострой,2026-03-19,апартаменты,6,49.81,42338500.00,850000.00,С отделкой и мебелью,ФЛ,Нет,,0,2026-06-18 11:12:27.291 +0300
"71fa66dc65922c6a4364c32224375107",Центральный (Анапа),Анапа,Анапа м.о.,Комфорт,Гамма,2026-03-20,квартира,13,60.79,15197500.00,250000.00,Под чистовую и отделка как доп. опция,ФЛ,Нет,,0,2026-06-18 11:12:27.291 +0300
fc98c3a43cd1680c1cb66c1523d44f4a,Дзенпарк,Марьянская ст.,Красноармейский м.о.,Комфорт,Средастрой,2026-03-20,квартира,1,18.40,2208000.00,120000.00,"Под чистовую, отделка как доп. опция",ФЛ,Нет,,0,2026-06-18 11:12:27.291 +0300
"54d8db3c6f1f18c3cd3c93aa1ce1a529",Белые ночи,Сочи,Сочи г.о.,Бизнес+,PARAD DEVELOPMENT,2026-03-20,апартаменты,5,66.56,55144960.00,828500.00,С отделкой и мебелью,ФЛ,Нет,,0,2026-06-18 11:12:27.291 +0300
"77436a7722b713cff3de7d8e1397b4c2",Светский лес,Сочи,Сочи г.о.,Бизнес,Точно,2026-03-20,квартира,6,37.32,16041691.00,429841.67,Без отделки,ФЛ,Нет,,0,2026-06-18 11:12:27.291 +0300
f158b53bd4c44a603ef7f54d61d1f267,Море тут,Голубицкая ст-ца,Темрюк м.о.,Бизнес,Каскад,2026-03-23,апартаменты,4,30.80,10164000.00,330000.00,С отделкой и мебелью,ФЛ,Нет,,0,2026-06-18 11:12:27.291 +0300
"657f63e930fe997bbb51f758ed370fb0",Кутузовский,Новороссийск,Новороссийск м.о.,Комфорт,МПМК Краснодарская-1,2026-03-23,квартира,13,45.80,7376227.00,161053.00,Без отделки,ФЛ,Ипотека,ПАО Сбербанк России,180,2026-06-18 11:12:27.291 +0300
"391f8308731bd4ce69f7dcd46a0391de",Южно,Новороссийск,Новороссийск м.о.,Комфорт,ССК,2026-03-23,квартира,9,40.10,7017500.00,175000.00,Отделка как доп. опция,ФЛ,Ипотека,АО Альфа-Банк,0,2026-06-18 11:12:27.291 +0300
e6d38729959f9b2f3f4d8a06dff18171,Кубанская усадьба,Ейск,Ейск г.о.,Эконом,КУБАНСКАЯ УСАДЬБА,2026-03-23,квартира,2,54.50,6616400.00,119000.00,Под чистовую,ФЛ,Ипотека,ПАО Сбербанк России,360,2026-06-18 11:12:27.291 +0300
"77436a7722b713cff3de7d8e1397b4c2",Светский лес,Сочи,Сочи г.о.,Бизнес,Точно,2026-03-23,квартира,12,33.88,16164000.00,477095.63,Без отделки,ФЛ,Ипотека,ПАО Сбербанк России,240,2026-06-18 11:12:27.291 +0300
"77436a7722b713cff3de7d8e1397b4c2",Светский лес,Сочи,Сочи г.о.,Бизнес,Точно,2026-03-23,квартира,5,35.73,15358242.00,429841.67,Без отделки,ФЛ,Нет,,0,2026-06-18 11:12:27.291 +0300
"819feb88bb07781a939c05c5132e26b6",ЭВО,Новокубанск,Новокубанский г.о.,Комфорт,Лендекс,2026-03-24,квартира,2,71.80,6445553.00,91817.00,"Под чистовую, отделка как доп. опция",ФЛ,Нет,,0,2026-06-18 11:12:27.291 +0300
"657f63e930fe997bbb51f758ed370fb0",Кутузовский,Новороссийск,Новороссийск м.о.,Комфорт,МПМК Краснодарская-1,2026-03-24,квартира,3,42.54,6615729.00,139897.00,Без отделки,ФЛ,Ипотека,ПАО Сбербанк России,360,2026-06-18 11:12:27.291 +0300
"391f8308731bd4ce69f7dcd46a0391de",Южно,Мысхако с.,Новороссийск м.о.,Комфорт,ССК,2026-03-24,квартира,6,37.89,7009650.00,185000.00,Отделка как доп. опция,ФЛ,Ипотека,ПАО Сбербанк России,336,2026-06-18 11:12:27.291 +0300
"83e4b77e4c81fe02646c0317f082a5b3",Эден / Eden Family Hotel,Анапа,Анапа м.о.,Комфорт,Развитие,2026-03-24,апартаменты,1,53.70,13329467.00,248221.00,С отделкой и мебелью,ФЛ,Нет,,0,2026-06-18 11:12:27.291 +0300
"77436a7722b713cff3de7d8e1397b4c2",Светский лес,Сочи,Сочи г.о.,Бизнес,Точно,2026-03-24,квартира,2,53.92,22799000.00,422830.12,Без отделки,ФЛ,Ипотека,ПАО Сбербанк России,336,2026-06-18 11:12:27.291 +0300
fc98c3a43cd1680c1cb66c1523d44f4a,Дзенпарк,Марьянская ст.,Красноармейский м.о.,Комфорт,Лендекс,2026-03-24,квартира,3,20.10,2412000.00,120000.00,"Под чистовую, отделка как доп. опция",ФЛ,Нет,,0,2026-06-18 11:12:27.291 +0300
b4cb6409b05834027aa53639fc98c937,Черноморский 2,Новороссийск,Новороссийск м.о.,Комфорт,ПИК,2026-03-25,квартира,2,35.60,0.00,0.00,,ФЛ,Нет,,0,2026-06-18 11:12:27.291 +0300
e6633db8b4c0466143c3ba2ad76172f0,Лучи,Анапа,Анапа м.о.,Комфорт,ADM group / Вертикаль,2026-03-25,апартаменты,3,29.10,16599620.00,601000.00,С отделкой и мебелью,ФЛ,Нет,,0,2026-06-18 11:12:27.291 +0300
"657f63e930fe997bbb51f758ed370fb0",Кутузовский,Новороссийск,Новороссийск м.о.,Комфорт,МПМК Краснодарская-1,2026-03-25,квартира,4,47.29,6941935.00,146795.00,Без отделки,ФЛ,Нет,,0,2026-06-18 11:12:27.291 +0300
"3b768d7a3423d87ca2500e86b3aa26e8",Мореград,Анапа,Анапа м.о.,Комфорт,ССК,2026-03-25,апартаменты,7,26.40,9504000.00,360000.00,С отделкой и мебелью,ФЛ,Ипотека,АО Альфа-Банк,0,2026-06-18 11:12:27.291 +0300
"77436a7722b713cff3de7d8e1397b4c2",Светский лес,Сочи,Сочи г.о.,Бизнес,Точно,2026-03-25,квартира,2,73.15,30787345.00,420879.64,Без отделки,ФЛ,Нет,,0,2026-06-18 11:12:27.291 +0300
"54d8db3c6f1f18c3cd3c93aa1ce1a529",Белые ночи,Сочи,Сочи г.о.,Бизнес+,PARAD DEVELOPMENT,2026-03-25,апартаменты,6,29.99,29165275.00,972500.00,С отделкой и мебелью,ФЛ,Нет,,0,2026-06-18 11:12:27.291 +0300
"54d8db3c6f1f18c3cd3c93aa1ce1a529",Белые ночи,Сочи,Сочи г.о.,Бизнес+,PARAD DEVELOPMENT,2026-03-25,апартаменты,6,28.98,28183050.00,972500.00,С отделкой и мебелью,ФЛ,Ипотека,ПАО Сбербанк России,288,2026-06-18 11:12:27.291 +0300
"391f8308731bd4ce69f7dcd46a0391de",Южно,Мысхако с.,Новороссийск м.о.,Комфорт,ССК,2026-03-25,квартира,2,28.64,5133548.00,179244.00,Отделка как доп. опция,ФЛ,Ипотека,АО Альфа-Банк,0,2026-06-18 11:12:27.291 +0300
"391f8308731bd4ce69f7dcd46a0391de",Южно,Новороссийск,Новороссийск м.о.,Комфорт,ССК,2026-03-25,квартира,3,41.96,7343000.00,175000.00,Отделка как доп. опция,ФЛ,Ипотека,ПАО Совкомбанк,0,2026-06-18 11:12:27.291 +0300
"391f8308731bd4ce69f7dcd46a0391de",Южно,Новороссийск,Новороссийск м.о.,Комфорт,ССК,2026-03-25,квартира,3,28.64,4777352.00,166807.00,Отделка как доп. опция,ФЛ,Ипотека,ПАО Сбербанк России,360,2026-06-18 11:12:27.291 +0300
"391f8308731bd4ce69f7dcd46a0391de",Южно,Новороссийск,Новороссийск м.о.,Комфорт,ССК,2026-03-25,квартира,3,28.64,4777352.00,166807.00,Отделка как доп. опция,ФЛ,Ипотека,АО Альфа-Банк,324,2026-06-18 11:12:27.291 +0300
"391f8308731bd4ce69f7dcd46a0391de",Южно,Новороссийск,Новороссийск м.о.,Комфорт,ССК,2026-03-25,квартира,8,40.10,7017500.00,175000.00,Отделка как доп. опция,ФЛ,Ипотека,ПАО Сбербанк России,0,2026-06-18 11:12:27.291 +0300
"83e4b77e4c81fe02646c0317f082a5b3",Эден / Eden Family Hotel,Анапа,Анапа м.о.,Комфорт,Развитие,2026-03-25,апартаменты,5,53.70,13693539.00,169265.01,С отделкой и мебелью,ФЛ,Ипотека,ПАО Сбербанк России,0,2026-06-18 11:12:27.291 +0300
d21921fe8bb3cacb784b2f956744d149,Золотой Берег,Новороссийск,Новороссийск м.о.,Бизнес,Средастрой,2026-03-25,квартира,7,50.77,10678140.00,198000.00,"Под чистовую, отделка как доп. опция",ФЛ,Нет,,0,2026-06-18 11:12:27.291 +0300
eca274b3055109ce9b54226b337d8781,Императорский парк,Анапа,Анапа м.о.,Комфорт,ОБД-Инвест,2026-03-26,квартира,9,45.90,9337161.00,203424.00,Под чистовую и отделка как доп. опция,ФЛ,Ипотека,ПАО Сбербанк России,0,2026-06-18 11:12:27.291 +0300
"83e4b77e4c81fe02646c0317f082a5b3",Эден / Eden Family Hotel,Анапа,Анапа м.о.,Комфорт,Развитие,2026-03-26,апартаменты,4,53.70,13804605.00,257069.01,С отделкой и мебелью,ФЛ,Нет,,0,2026-06-18 11:12:27.291 +0300
"1deed4029fc2ec67c021fcacf049861a",Ливингстон / Livingston,Сочи,Сочи г.о.,Элитный,СОЧИОЙЛСТРОЙ,2026-03-26,апартаменты,8,23.40,42942586.00,1835153.25,С отделкой и мебелью,ФЛ,Нет,,0,2026-06-18 11:12:27.291 +0300
d21921fe8bb3cacb784b2f956744d149,Золотой Берег,Новороссийск,Новороссийск м.о.,Бизнес,Средастрой,2026-03-26,квартира,14,83.29,17157740.00,206000.00,"Под чистовую, отделка как доп. опция",ФЛ,Нет,,0,2026-06-18 11:12:27.291 +0300
"391f8308731bd4ce69f7dcd46a0391de",Южно,Мысхако с.,Новороссийск м.о.,Комфорт,ССК,2026-03-26,квартира,5,37.89,7009650.00,185000.00,Отделка как доп. опция,ФЛ,Ипотека,ПАО Сбербанк России,360,2026-06-18 11:12:27.291 +0300
"391f8308731bd4ce69f7dcd46a0391de",Южно,Новороссийск,Новороссийск м.о.,Комфорт,ССК,2026-03-26,квартира,5,41.55,7271250.00,175000.00,Отделка как доп. опция,ФЛ,Ипотека,ПАО Сбербанк России,0,2026-06-18 11:12:27.291 +0300
"391f8308731bd4ce69f7dcd46a0391de",Южно,Новороссийск,Новороссийск м.о.,Комфорт,ССК,2026-03-26,квартира,5,40.10,7017500.00,175000.00,Отделка как доп. опция,ФЛ,Ипотека,АО Альфа-Банк,0,2026-06-18 11:12:27.291 +0300
"391f8308731bd4ce69f7dcd46a0391de",Южно,Новороссийск,Новороссийск м.о.,Комфорт,ССК,2026-03-26,квартира,7,28.64,4777352.00,166807.00,Отделка как доп. опция,ФЛ,Ипотека,АО Альфа-Банк,108,2026-06-18 11:12:27.291 +0300
"3b768d7a3423d87ca2500e86b3aa26e8",Мореград,Анапа,Анапа м.о.,Комфорт,ССК,2026-03-26,апартаменты,4,47.00,15792000.00,336000.00,С отделкой и мебелью,ФЛ,Ипотека,АО Альфа-Банк,180,2026-06-18 11:12:27.291 +0300
"3b768d7a3423d87ca2500e86b3aa26e8",Мореград,Анапа,Анапа м.о.,Комфорт,ССК,2026-03-26,апартаменты,7,24.10,9037500.00,375000.00,С отделкой и мебелью,ФЛ,Ипотека,ПАО Сбербанк России,0,2026-06-18 11:12:27.291 +0300
"89f537fda6bcc1df310625c68de74f15",Корсаков,Анапа,Анапа м.о.,Комфорт,ССК,2026-03-26,апартаменты,2,34.41,11778750.00,375000.00,С отделкой и мебелью,ФЛ,Ипотека,АО Альфа-Банк,240,2026-06-18 11:12:27.291 +0300
"657f63e930fe997bbb51f758ed370fb0",Кутузовский,Новороссийск,Новороссийск м.о.,Комфорт,МПМК Краснодарская-1,2026-03-26,квартира,2,40.51,6100908.00,139897.00,Без отделки,ФЛ,Ипотека,ПАО Сбербанк России,360,2026-06-18 11:12:27.291 +0300
"77436a7722b713cff3de7d8e1397b4c2",Светский лес,Сочи,Сочи г.о.,Бизнес,Точно,2026-03-26,квартира,16,52.47,22553792.00,429841.67,Без отделки,ФЛ,Ипотека,ПАО Сбербанк России,240,2026-06-18 11:12:27.291 +0300
"9648a6234501850e715607d4d244b13a",Botanica Hills,Небуг с.,Туапсинский м.о.,Комфорт,Метрикс Develoрment,2026-03-26,квартира,8,31.61,9558270.00,302381.21,"Под чистовую, отделка как доп. опция",ФЛ,Ипотека,ПАО Сбербанк России,360,2026-06-18 11:12:27.291 +0300
fc98c3a43cd1680c1cb66c1523d44f4a,Дзенпарк,Марьянская ст.,Красноармейский м.о.,Комфорт,Средастрой,2026-03-27,квартира,4,20.10,2412000.00,120000.00,"Под чистовую, отделка как доп. опция",ФЛ,Нет,,0,2026-06-18 11:12:27.291 +0300
ff419c6388dc514a57ae10206111048f,Южное море-2,Сочи,Сочи г.о.,Бизнес,Еврострой,2026-03-27,квартира,9,31.60,19908000.00,630000.00,Под чистовую и отделка как доп. опция,ФЛ,Ипотека,ПАО Сбербанк России,360,2026-06-18 11:12:27.291 +0300
ff419c6388dc514a57ae10206111048f,Южное море-2,Сочи,Сочи г.о.,Бизнес,Еврострой,2026-03-27,квартира,9,48.60,28917000.00,595000.00,Под чистовую и отделка как доп. опция,ФЛ,Ипотека,АО Альфа-Банк,360,2026-06-18 11:12:27.291 +0300
"391f8308731bd4ce69f7dcd46a0391de",Южно,Мысхако с.,Новороссийск м.о.,Комфорт,ССК,2026-03-27,квартира,5,37.89,7009650.00,185000.00,Отделка как доп. опция,ФЛ,Ипотека,ПАО Сбербанк России,0,2026-06-18 11:12:27.291 +0300
"391f8308731bd4ce69f7dcd46a0391de",Южно,Мысхако с.,Новороссийск м.о.,Комфорт,ССК,2026-03-27,квартира,5,28.64,5133548.00,179244.00,Отделка как доп. опция,ФЛ,Ипотека,ПАО Сбербанк России,360,2026-06-18 11:12:27.291 +0300
"391f8308731bd4ce69f7dcd46a0391de",Южно,Новороссийск,Новороссийск м.о.,Комфорт,ССК,2026-03-27,квартира,3,28.64,4777352.00,166807.00,Отделка как доп. опция,ФЛ,Ипотека,АО Альфа-Банк,0,2026-06-18 11:12:27.291 +0300
"391f8308731bd4ce69f7dcd46a0391de",Южно,Новороссийск,Новороссийск м.о.,Комфорт,ССК,2026-03-27,квартира,4,41.96,7343000.00,175000.00,Отделка как доп. опция,ФЛ,Ипотека,АО Альфа-Банк,0,2026-06-18 11:12:27.291 +0300
"391f8308731bd4ce69f7dcd46a0391de",Южно,Новороссийск,Новороссийск м.о.,Комфорт,ССК,2026-03-27,квартира,6,40.10,7017500.00,175000.00,Отделка как доп. опция,ФЛ,Ипотека,ПАО Сбербанк России,0,2026-06-18 11:12:27.291 +0300
"391f8308731bd4ce69f7dcd46a0391de",Южно,Новороссийск,Новороссийск м.о.,Комфорт,ССК,2026-03-27,квартира,7,69.06,11394900.00,165000.00,Отделка как доп. опция,ФЛ,Ипотека,АО Альфа-Банк,0,2026-06-18 11:12:27.291 +0300
"49320ec33d9518899800c82c52399a8e",Южный городок,Каневская ст-ца,Каневской м.о,Эконом,ФИРМА-ЮГ-УНИВЕРСАЛ,2026-03-27,квартира,3,62.90,5975500.00,95000.00,Под чистовую,ФЛ,Ипотека,ПАО Сбербанк России,180,2026-06-18 11:12:27.291 +0300
"2e950b4ca0aa9edccfc33804f92be08a",Сады у моря,Темрюк,Темрюк м.о.,Комфорт,Каскад,2026-03-27,квартира,1,23.30,4077500.00,175000.00,"Под чистовую, отделка как доп. опция",ФЛ,Ипотека,ПАО Сбербанк России,0,2026-06-18 11:12:27.291 +0300
de2aa2f5a366bc2350a3e192512ea3e6,Цветной бульвар,Северская ст-ца,Северский м.о.,Комфорт,Точно,2026-03-27,квартира,7,37.44,4305600.00,115000.00,"Под чистовую, отделка как доп. опция",ФЛ,Ипотека,ПАО Банк ВТБ,362,2026-06-18 11:12:27.291 +0300
"657f63e930fe997bbb51f758ed370fb0",Кутузовский,Новороссийск,Новороссийск м.о.,Комфорт,МПМК Краснодарская-1,2026-03-28,квартира,3,47.29,6941935.00,146795.00,Без отделки,ФЛ,Ипотека,ПАО Сбербанк России,360,2026-06-18 11:12:27.291 +0300
"89f537fda6bcc1df310625c68de74f15",Корсаков,Анапа,Анапа м.о.,Комфорт,ССК,2026-03-30,апартаменты,7,30.97,12078300.00,390000.00,С отделкой и мебелью,ФЛ,Ипотека,АО Альфа-Банк,0,2026-06-18 11:12:27.291 +0300
"3b768d7a3423d87ca2500e86b3aa26e8",Мореград,Анапа,Анапа м.о.,Комфорт,ССК,2026-03-30,апартаменты,2,24.50,8942500.00,365000.00,С отделкой и мебелью,ФЛ,Ипотека,АО Альфа-Банк,0,2026-06-18 11:12:27.291 +0300
"3b768d7a3423d87ca2500e86b3aa26e8",Мореград,Анапа,Анапа м.о.,Комфорт,ССК,2026-03-30,апартаменты,2,45.70,15355200.00,336000.00,С отделкой и мебелью,ФЛ,Ипотека,АО Альфа-Банк,0,2026-06-18 11:12:27.291 +0300
"391f8308731bd4ce69f7dcd46a0391de",Южно,Мысхако с.,Новороссийск м.о.,Комфорт,ССК,2026-03-30,квартира,6,37.89,7009650.00,185000.00,Отделка как доп. опция,ФЛ,Ипотека,ПАО Сбербанк России,0,2026-06-18 11:12:27.291 +0300
"391f8308731bd4ce69f7dcd46a0391de",Южно,Мысхако с.,Новороссийск м.о.,Комфорт,ССК,2026-03-30,квартира,7,37.89,7009650.00,185000.00,Отделка как доп. опция,ФЛ,Ипотека,ПАО Сбербанк России,360,2026-06-18 11:12:27.291 +0300
"391f8308731bd4ce69f7dcd46a0391de",Южно,Мысхако с.,Новороссийск м.о.,Комфорт,ССК,2026-03-30,квартира,8,28.64,5133548.00,179244.00,Отделка как доп. опция,ФЛ,Ипотека,АО Альфа-Банк,0,2026-06-18 11:12:27.291 +0300
"391f8308731bd4ce69f7dcd46a0391de",Южно,Новороссийск,Новороссийск м.о.,Комфорт,ССК,2026-03-30,квартира,2,28.64,4777352.00,166807.00,Отделка как доп. опция,ФЛ,Ипотека,ПАО Сбербанк России,0,2026-06-18 11:12:27.291 +0300
"391f8308731bd4ce69f7dcd46a0391de",Южно,Новороссийск,Новороссийск м.о.,Комфорт,ССК,2026-03-30,квартира,3,63.04,10401600.00,165000.00,Отделка как доп. опция,ФЛ,Ипотека,АО Альфа-Банк,0,2026-06-18 11:12:27.291 +0300
"391f8308731bd4ce69f7dcd46a0391de",Южно,Новороссийск,Новороссийск м.о.,Комфорт,ССК,2026-03-30,квартира,7,28.64,4777352.00,166807.00,Отделка как доп. опция,ФЛ,Ипотека,ПАО Сбербанк России,360,2026-06-18 11:12:27.291 +0300
"391f8308731bd4ce69f7dcd46a0391de",Южно,Новороссийск,Новороссийск м.о.,Комфорт,ССК,2026-03-30,квартира,4,28.64,4777352.00,166807.00,Отделка как доп. опция,ФЛ,Ипотека,ПАО Совкомбанк,0,2026-06-18 11:12:27.291 +0300
"391f8308731bd4ce69f7dcd46a0391de",Южно,Новороссийск,Новороссийск м.о.,Комфорт,ССК,2026-03-30,квартира,6,28.64,4777352.00,166807.00,Отделка как доп. опция,ФЛ,Ипотека,АО Альфа-Банк,360,2026-06-18 11:12:27.291 +0300
de2aa2f5a366bc2350a3e192512ea3e6,Цветной бульвар,Северская ст-ца,Северский м.о.,Комфорт,Точно,2026-03-30,квартира,6,38.87,4470050.00,115000.00,"Под чистовую, отделка как доп. опция",ФЛ,Ипотека,ПАО Банк ВТБ,0,2026-06-18 11:12:27.291 +0300
de2aa2f5a366bc2350a3e192512ea3e6,Цветной бульвар,Северская ст-ца,Северский м.о.,Комфорт,Точно,2026-03-30,квартира,5,38.90,4473500.00,115000.00,"Под чистовую, отделка как доп. опция",ФЛ,Нет,,0,2026-06-18 11:12:27.291 +0300
e5e61a34deb4e2a00a451c3583de406d,Поляна Пик,Красная поляна пгт,Сочи г.о.,Элитный,МЕТРОПОЛИС,2026-03-30,апартаменты,1,68.60,83437425.00,1216289.00,С отделкой и мебелью,ЮЛ,Нет,,0,2026-06-18 11:12:27.291 +0300
e5e61a34deb4e2a00a451c3583de406d,Поляна Пик,Красная поляна пгт,Сочи г.о.,Элитный,МЕТРОПОЛИС,2026-03-30,апартаменты,4,55.10,63365000.00,1150000.00,С отделкой и мебелью,ФЛ,Нет,,0,2026-06-18 11:12:27.291 +0300
"71fa66dc65922c6a4364c32224375107",Центральный (Анапа),Анапа,Анапа м.о.,Комфорт,Гамма,2026-03-30,квартира,16,42.12,11161800.00,265000.00,Под чистовую и отделка как доп. опция,ФЛ,Ипотека,ПАО Банк ВТБ,0,2026-06-18 11:12:27.291 +0300
"9648a6234501850e715607d4d244b13a",Botanica Hills,Небуг с.,Туапсинский м.о.,Комфорт,Метрикс Develoрment,2026-03-30,квартира,7,17.38,6083000.00,350000.00,"Под чистовую, отделка как доп. опция",ФЛ,Нет,,0,2026-06-18 11:12:27.291 +0300
"77436a7722b713cff3de7d8e1397b4c2",Светский лес,Сочи,Сочи г.о.,Бизнес,Точно,2026-03-31,квартира,11,47.49,22180800.00,480000.00,Без отделки,ФЛ,Ипотека,ПАО Сбербанк России,240,2026-06-18 11:12:27.291 +0300
"77436a7722b713cff3de7d8e1397b4c2",Светский лес,Сочи,Сочи г.о.,Бизнес,Точно,2026-03-31,квартира,6,35.73,12684150.00,355000.00,Без отделки,ФЛ,Ипотека,ПАО Сбербанк России,240,2026-06-18 11:12:27.291 +0300
"9648a6234501850e715607d4d244b13a",Botanica Hills,Небуг с.,Туапсинский м.о.,Комфорт,Метрикс Develoрment,2026-03-31,квартира,5,36.90,10817000.00,293143.63,"Под чистовую, отделка как доп. опция",ФЛ,Ипотека,ПАО Сбербанк России,360,2026-06-18 11:12:27.291 +0300
"89f537fda6bcc1df310625c68de74f15",Корсаков,Анапа,Анапа м.о.,Комфорт,ССК,2026-03-31,апартаменты,6,34.41,12655500.00,390000.00,С отделкой и мебелью,ФЛ,Ипотека,АО Альфа-Банк,0,2026-06-18 11:12:27.291 +0300
"89f537fda6bcc1df310625c68de74f15",Корсаков,Анапа,Анапа м.о.,Комфорт,ССК,2026-03-31,апартаменты,5,31.40,12246000.00,390000.00,С отделкой и мебелью,ФЛ,Ипотека,ПАО Сбербанк России,0,2026-06-18 11:12:27.291 +0300
"45131c4ef8b37326fa1ad3d957bf531d",Усадьба Гостагаевская,Нижняя Гостагайка х.,Анапа м.о.,Бизнес-,ССК,2026-03-31,квартира,3,35.50,7100000.00,200000.00,Под чистовую и отделка как доп. опция,ФЛ,Ипотека,АО Альфа-Банк,0,2026-06-18 11:12:27.291 +0300
"3b768d7a3423d87ca2500e86b3aa26e8",Мореград,Анапа,Анапа м.о.,Комфорт,ССК,2026-03-31,апартаменты,6,24.00,9000000.00,375000.00,С отделкой и мебелью,ФЛ,Ипотека,ПАО Совкомбанк,0,2026-06-18 11:12:27.291 +0300
db76211186418edf0a2732cb5784f84b,На ул. Ленина 95,Новороссийск,Новороссийск м.о.,Бизнес,Выбор,2026-03-31,квартира,3,72.80,13379402.00,183783.00,Без отделки,ФЛ,Нет,,0,2026-06-18 11:12:27.291 +0300
db76211186418edf0a2732cb5784f84b,На ул. Ленина 95,Новороссийск,Новороссийск м.о.,Бизнес,Выбор,2026-03-31,квартира,13,44.40,8203388.00,184761.00,Без отделки,ФЛ,Ипотека,ПАО Сбербанк России,360,2026-06-18 11:12:27.291 +0300
"657f63e930fe997bbb51f758ed370fb0",Кутузовский,Новороссийск,Новороссийск м.о.,Комфорт,МПМК Краснодарская-1,2026-03-31,квартира,7,43.11,7376227.00,161053.00,Без отделки,ФЛ,Ипотека,ПАО Сбербанк России,0,2026-06-18 11:12:27.291 +0300
"5338417a484eca51d14d28b59e51946f",История-3,Южный п.,Динской м.о.,Комфорт,НВМ,2026-03-31,квартира,4,43.08,7969800.00,185000.00,Под чистовую,ФЛ,Ипотека,АО Банк Дом.РФ,360,2026-06-18 11:12:27.291 +0300
"391f8308731bd4ce69f7dcd46a0391de",Южно,Мысхако с.,Новороссийск м.о.,Комфорт,ССК,2026-03-31,квартира,7,38.32,7089200.00,185000.00,Отделка как доп. опция,ФЛ,Ипотека,ПАО Сбербанк России,0,2026-06-18 11:12:27.291 +0300
"391f8308731bd4ce69f7dcd46a0391de",Южно,Мысхако с.,Новороссийск м.о.,Комфорт,ССК,2026-03-31,квартира,7,41.54,7684900.00,185000.00,Отделка как доп. опция,ФЛ,Ипотека,АО Альфа-Банк,0,2026-06-18 11:12:27.291 +0300
"391f8308731bd4ce69f7dcd46a0391de",Южно,Мысхако с.,Новороссийск м.о.,Комфорт,ССК,2026-03-31,квартира,7,37.89,7009650.00,185000.00,Отделка как доп. опция,ФЛ,Ипотека,ПАО Сбербанк России,0,2026-06-18 11:12:27.291 +0300
"391f8308731bd4ce69f7dcd46a0391de",Южно,Мысхако с.,Новороссийск м.о.,Комфорт,ССК,2026-03-31,квартира,6,40.10,7418500.00,185000.00,Отделка как доп. опция,ФЛ,Ипотека,АО Альфа-Банк,360,2026-06-18 11:12:27.291 +0300
"391f8308731bd4ce69f7dcd46a0391de",Южно,Новороссийск,Новороссийск м.о.,Комфорт,ССК,2026-03-31,квартира,3,41.55,7271250.00,175000.00,Отделка как доп. опция,ФЛ,Ипотека,ПАО Сбербанк России,360,2026-06-18 11:12:27.291 +0300
"391f8308731bd4ce69f7dcd46a0391de",Южно,Новороссийск,Новороссийск м.о.,Комфорт,ССК,2026-03-31,квартира,4,28.64,4777352.00,166807.00,Отделка как доп. опция,ФЛ,Нет,,0,2026-06-18 11:12:27.291 +0300
"391f8308731bd4ce69f7dcd46a0391de",Южно,Новороссийск,Новороссийск м.о.,Комфорт,ССК,2026-03-31,квартира,8,69.06,11394900.00,165000.00,Отделка как доп. опция,ФЛ,Ипотека,АО Альфа-Банк,0,2026-06-18 11:12:27.291 +0300
"391f8308731bd4ce69f7dcd46a0391de",Южно,Новороссийск,Новороссийск м.о.,Комфорт,ССК,2026-03-31,квартира,9,28.64,4777352.00,166807.00,Отделка как доп. опция,ФЛ,Ипотека,АО Альфа-Банк,0,2026-06-18 11:12:27.291 +0300
"391f8308731bd4ce69f7dcd46a0391de",Южно,Новороссийск,Новороссийск м.о.,Комфорт,ССК,2026-03-31,квартира,2,28.64,4777352.00,166807.00,Отделка как доп. опция,ФЛ,Ипотека,АО Альфа-Банк,0,2026-06-18 11:12:27.291 +0300
"391f8308731bd4ce69f7dcd46a0391de",Южно,Новороссийск,Новороссийск м.о.,Комфорт,ССК,2026-03-31,квартира,7,41.55,7271250.00,175000.00,Отделка как доп. опция,ФЛ,Ипотека,АО Альфа-Банк,0,2026-06-18 11:12:27.291 +0300
"391f8308731bd4ce69f7dcd46a0391de",Южно,Новороссийск,Новороссийск м.о.,Комфорт,ССК,2026-03-31,квартира,7,28.64,4777352.00,166807.00,Отделка как доп. опция,ФЛ,Ипотека,ПАО Совкомбанк,0,2026-06-18 11:12:27.291 +0300
"391f8308731bd4ce69f7dcd46a0391de",Южно,Новороссийск,Новороссийск м.о.,Комфорт,ССК,2026-03-31,квартира,7,28.64,4777352.00,166807.00,Отделка как доп. опция,ФЛ,Ипотека,АО Альфа-Банк,0,2026-06-18 11:12:27.291 +0300
"2e950b4ca0aa9edccfc33804f92be08a",Сады у моря,Темрюк,Темрюк м.о.,Комфорт,Каскад,2026-03-31,квартира,5,22.93,3783450.00,165000.00,"Под чистовую, отделка как доп. опция",ФЛ,Ипотека,ПАО Сбербанк России,0,2026-06-18 11:12:27.291 +0300
"1deed4029fc2ec67c021fcacf049861a",Ливингстон / Livingston,Сочи,Сочи г.о.,Элитный,СОЧИОЙЛСТРОЙ,2026-03-31,апартаменты,4,20.30,29200614.00,1438453.94,С отделкой и мебелью,ФЛ,Ипотека,ПАО Сбербанк России,0,2026-06-18 11:12:27.291 +0300
"9648a6234501850e715607d4d244b13a",Botanica Hills,Небуг с.,Туапсинский м.о.,Комфорт,Метрикс Develoрment,2026-03-31,квартира,4,31.50,8508000.00,270095.24,"Под чистовую, отделка как доп. опция",ФЛ,Нет,,0,2026-06-18 11:12:27.291 +0300
"9648a6234501850e715607d4d244b13a",Botanica Hills,Небуг с.,Туапсинский м.о.,Комфорт,Метрикс Develoрment,2026-03-31,квартира,8,17.21,6282000.00,365020.34,"Под чистовую, отделка как доп. опция",ФЛ,Ипотека,ПАО Сбербанк России,360,2026-06-18 11:12:27.291 +0300
"5338417a484eca51d14d28b59e51946f",История-3,Южный п.,Динской м.о.,Комфорт,НВМ,2026-04-01,квартира,3,35.70,6604500.00,185000.00,Под чистовую,ФЛ,Ипотека,АО Банк Дом.РФ,360,2026-06-18 11:12:27.291 +0300
"54d8db3c6f1f18c3cd3c93aa1ce1a529",Белые ночи,Сочи,Сочи г.о.,Бизнес+,PARAD DEVELOPMENT,2026-04-01,апартаменты,6,51.79,45911835.00,886500.00,С отделкой и мебелью,ФЛ,Нет,,0,2026-06-18 11:12:27.291 +0300
"391f8308731bd4ce69f7dcd46a0391de",Южно,Мысхако с.,Новороссийск м.о.,Комфорт,ССК,2026-04-01,квартира,7,40.37,7468450.00,185000.00,Отделка как доп. опция,ФЛ,Ипотека,ПАО Сбербанк России,360,2026-06-18 11:12:27.291 +0300
"391f8308731bd4ce69f7dcd46a0391de",Южно,Мысхако с.,Новороссийск м.о.,Комфорт,ССК,2026-04-01,квартира,5,28.64,5133548.00,179244.00,Отделка как доп. опция,ФЛ,Ипотека,ПАО Сбербанк России,0,2026-06-18 11:12:27.291 +0300
"391f8308731bd4ce69f7dcd46a0391de",Южно,Мысхако с.,Новороссийск м.о.,Комфорт,ССК,2026-04-01,квартира,6,28.64,5133548.00,179244.00,Отделка как доп. опция,ФЛ,Ипотека,ПАО Сбербанк России,0,2026-06-18 11:12:27.291 +0300
"391f8308731bd4ce69f7dcd46a0391de",Южно,Новороссийск,Новороссийск м.о.,Комфорт,ССК,2026-04-01,квартира,8,28.64,4777352.00,166807.00,Отделка как доп. опция,ФЛ,Ипотека,ПАО Сбербанк России,0,2026-06-18 11:12:27.291 +0300
"391f8308731bd4ce69f7dcd46a0391de",Южно,Новороссийск,Новороссийск м.о.,Комфорт,ССК,2026-04-01,квартира,9,41.96,7343000.00,175000.00,Отделка как доп. опция,ФЛ,Ипотека,АО Альфа-Банк,0,2026-06-18 11:12:27.291 +0300
"391f8308731bd4ce69f7dcd46a0391de",Южно,Новороссийск,Новороссийск м.о.,Комфорт,ССК,2026-04-01,квартира,5,28.64,4777352.00,166807.00,Отделка как доп. опция,ФЛ,Ипотека,АО Альфа-Банк,0,2026-06-18 11:12:27.291 +0300
"89f537fda6bcc1df310625c68de74f15",Корсаков,Анапа,Анапа м.о.,Комфорт,ССК,2026-04-01,апартаменты,4,31.41,11778750.00,375000.00,С отделкой и мебелью,ФЛ,Ипотека,АО Альфа-Банк,0,2026-06-18 11:12:27.291 +0300
"89f537fda6bcc1df310625c68de74f15",Корсаков,Анапа,Анапа м.о.,Комфорт,ССК,2026-04-01,апартаменты,6,31.40,12246000.00,390000.00,С отделкой и мебелью,ФЛ,Ипотека,АО Альфа-Банк,0,2026-06-18 11:12:27.291 +0300
e6d38729959f9b2f3f4d8a06dff18171,Кубанская усадьба,Ейск,Ейск г.о.,Эконом,КУБАНСКАЯ УСАДЬБА,2026-04-01,квартира,2,37.00,4724400.00,124000.00,"Под чистовую, отделка как доп. опция",ФЛ,Нет,,0,2026-06-18 11:12:27.291 +0300
"77436a7722b713cff3de7d8e1397b4c2",Светский лес,Сочи,Сочи г.о.,Бизнес,Точно,2026-04-01,квартира,4,35.50,14849930.00,418307.91,Без отделки,ФЛ,Нет,,0,2026-06-18 11:12:27.291 +0300
e5e61a34deb4e2a00a451c3583de406d,Поляна Пик,Красная поляна пгт,Сочи г.о.,Элитный,МЕТРОПОЛИС,2026-04-01,апартаменты,6,63.10,78875000.00,1250000.00,С отделкой и мебелью,ФЛ,Нет,,0,2026-06-18 11:12:27.291 +0300
e5e61a34deb4e2a00a451c3583de406d,Поляна Пик,Красная поляна пгт,Сочи г.о.,Элитный,МЕТРОПОЛИС,2026-04-01,апартаменты,6,117.50,146875000.00,1250000.00,С отделкой и мебелью,ФЛ,Нет,,0,2026-06-18 11:12:27.291 +0300
"9648a6234501850e715607d4d244b13a",Botanica Hills,Небуг с.,Туапсинский м.о.,Комфорт,Метрикс Develoрment,2026-04-01,квартира,2,18.65,5970000.00,320107.24,"Под чистовую, отделка как доп. опция",ФЛ,Нет,,0,2026-06-18 11:12:27.291 +0300
"3b768d7a3423d87ca2500e86b3aa26e8",Мореград,Анапа,Анапа м.о.,Комфорт,ССК,2026-04-02,апартаменты,2,24.10,8796500.00,365000.00,С отделкой и мебелью,ФЛ,Ипотека,АО Альфа-Банк,360,2026-06-18 11:12:27.291 +0300
"5338417a484eca51d14d28b59e51946f",История-3,Южный п.,Динской м.о.,Комфорт,НВМ,2026-04-02,квартира,4,24.72,4820400.00,195000.00,Под чистовую,ФЛ,Ипотека,ПАО Сбербанк России,0,2026-06-18 11:12:27.291 +0300
"391f8308731bd4ce69f7dcd46a0391de",Южно,Мысхако с.,Новороссийск м.о.,Комфорт,ССК,2026-04-02,квартира,2,28.64,5133548.00,179244.00,Отделка как доп. опция,ФЛ,Ипотека,ПАО Сбербанк России,0,2026-06-18 11:12:27.291 +0300
"391f8308731bd4ce69f7dcd46a0391de",Южно,Мысхако с.,Новороссийск м.о.,Комфорт,ССК,2026-04-02,квартира,4,40.10,7418500.00,185000.00,Отделка как доп. опция,ФЛ,Ипотека,АО Альфа-Банк,0,2026-06-18 11:12:27.291 +0300
"657f63e930fe997bbb51f758ed370fb0",Кутузовский,Новороссийск,Новороссийск м.о.,Комфорт,МПМК Краснодарская-1,2026-04-02,квартира,2,42.54,7093500.00,150000.00,Без отделки,ФЛ,Ипотека,ПАО Сбербанк России,0,2026-06-18 11:12:27.291 +0300
"2e950b4ca0aa9edccfc33804f92be08a",Сады у моря,Темрюк,Темрюк м.о.,Комфорт,Каскад,2026-04-03,квартира,3,41.05,6568000.00,160000.00,"Под чистовую, отделка как доп. опция",ФЛ,Ипотека,ПАО Сбербанк России,360,2026-06-18 11:12:27.291 +0300
"9648a6234501850e715607d4d244b13a",Botanica Hills,Небуг с.,Туапсинский м.о.,Комфорт,Метрикс Develoрment,2026-04-03,квартира,8,36.94,10343200.00,280000.00,"Под чистовую, отделка как доп. опция",ФЛ,Нет,,0,2026-06-18 11:12:27.291 +0300
"391f8308731bd4ce69f7dcd46a0391de",Южно,Мысхако с.,Новороссийск м.о.,Комфорт,ССК,2026-04-03,квартира,9,40.05,7409250.00,185000.00,Отделка как доп. опция,ФЛ,Ипотека,АО Альфа-Банк,0,2026-06-18 11:12:27.291 +0300
"391f8308731bd4ce69f7dcd46a0391de",Южно,Мысхако с.,Новороссийск м.о.,Комфорт,ССК,2026-04-03,квартира,7,28.64,5133548.00,179244.00,Отделка как доп. опция,ФЛ,Ипотека,ПАО Сбербанк России,0,2026-06-18 11:12:27.291 +0300
"391f8308731bd4ce69f7dcd46a0391de",Южно,Новороссийск,Новороссийск м.о.,Комфорт,ССК,2026-04-03,квартира,7,28.64,4777352.00,166807.00,Отделка как доп. опция,ФЛ,Ипотека,ПАО Сбербанк России,0,2026-06-18 11:12:27.291 +0300
"9648a6234501850e715607d4d244b13a",Botanica Hills,Небуг с.,Туапсинский м.о.,Комфорт,Метрикс Develoрment,2026-04-03,квартира,5,31.61,9217000.00,291584.94,"Под чистовую, отделка как доп. опция",ФЛ,Нет,,0,2026-06-18 11:12:27.291 +0300
"89f537fda6bcc1df310625c68de74f15",Корсаков,Анапа,Анапа м.о.,Комфорт,ССК,2026-04-03,апартаменты,6,31.41,12249900.00,390000.00,С отделкой и мебелью,ФЛ,Ипотека,АО Альфа-Банк,0,2026-06-18 11:12:27.291 +0300
"391f8308731bd4ce69f7dcd46a0391de",Южно,Мысхако с.,Новороссийск м.о.,Комфорт,ССК,2026-04-04,квартира,4,28.64,5264977.00,183833.00,Отделка как доп. опция,ФЛ,Ипотека,ПАО Сбербанк России,0,2026-06-18 11:12:27.291 +0300
"391f8308731bd4ce69f7dcd46a0391de",Южно,Мысхако с.,Новороссийск м.о.,Комфорт,ССК,2026-04-04,квартира,7,28.64,5264977.00,183833.00,Отделка как доп. опция,ФЛ,Ипотека,ПАО Сбербанк России,0,2026-06-18 11:12:27.291 +0300
"8ed0e7591eaa0574bd43b67f71525cee",Royal Beach Sochi,Сочи,Сочи г.о.,Премиум,Еврострой,2026-04-04,апартаменты,6,51.40,25957000.00,505000.00,Без отделки,ФЛ,Нет,,0,2026-06-18 11:12:27.291 +0300
"018074db013670b10cd1d3367521d2a2",Барса,Новороссийск,Новороссийск м.о.,Бизнес,Точно,2026-04-04,квартира,11,35.10,9115000.00,259686.61,Под чистовую и отделка как доп. опция,ФЛ,Ипотека,ПАО Сбербанк России,360,2026-06-18 11:12:27.291 +0300
"31e0758c3451b2b96255a4bdb4317e3b",Суворов,Кропоткин,Кропоткинский м.о.,Комфорт,Победа,2026-04-04,квартира,3,87.37,8685539.00,99411.00,"Под чистовую, отделка как доп. опция",ФЛ,Ипотека,ПАО Сбербанк России,360,2026-06-18 11:12:27.291 +0300
"5338417a484eca51d14d28b59e51946f",История-3,Южный п.,Динской м.о.,Комфорт,НВМ,2026-04-06,квартира,4,37.01,6846850.00,185000.00,Под чистовую,ФЛ,Ипотека,ПАО Сбербанк России,0,2026-06-18 11:12:27.291 +0300
db76211186418edf0a2732cb5784f84b,На ул. Ленина 95,Новороссийск,Новороссийск м.о.,Бизнес,Выбор,2026-04-06,квартира,14,72.80,14516538.00,199403.00,Без отделки,ФЛ,Нет,,0,2026-06-18 11:12:27.291 +0300
"391f8308731bd4ce69f7dcd46a0391de",Южно,Новороссийск,Новороссийск м.о.,Комфорт,ССК,2026-04-06,квартира,5,28.64,4737285.00,165408.00,Отделка как доп. опция,ФЛ,Ипотека,ПАО Сбербанк России,0,2026-06-18 11:12:27.291 +0300
"45131c4ef8b37326fa1ad3d957bf531d",Усадьба Гостагаевская,Нижняя Гостагайка х.,Анапа м.о.,Бизнес-,ССК,2026-04-06,квартира,3,50.23,9794850.00,195000.00,Под чистовую и отделка как доп. опция,ФЛ,Нет,,0,2026-06-18 11:12:27.291 +0300
"89f537fda6bcc1df310625c68de74f15",Корсаков,Анапа,Анапа м.о.,Комфорт,ССК,2026-04-06,апартаменты,2,31.41,11778750.00,375000.00,С отделкой и мебелью,ФЛ,Ипотека,АО Альфа-Банк,0,2026-06-18 11:12:27.291 +0300
db76211186418edf0a2732cb5784f84b,На ул. Ленина 95,Новороссийск,Новороссийск м.о.,Бизнес,Выбор,2026-04-06,квартира,18,40.20,8356735.00,207879.00,Без отделки,ФЛ,Нет,,0,2026-06-18 11:12:27.291 +0300
"77436a7722b713cff3de7d8e1397b4c2",Светский лес,Сочи,Сочи г.о.,Бизнес,Точно,2026-04-06,квартира,5,81.95,34651000.00,422830.99,Без отделки,ФЛ,Нет,,0,2026-06-18 11:12:27.291 +0300
"9648a6234501850e715607d4d244b13a",Botanica Hills,Небуг с.,Туапсинский м.о.,Комфорт,Метрикс Develoрment,2026-04-06,квартира,7,35.08,9822400.00,280000.00,"Под чистовую, отделка как доп. опция",ФЛ,Нет,,0,2026-06-18 11:12:27.291 +0300
"9648a6234501850e715607d4d244b13a",Botanica Hills,Небуг с.,Туапсинский м.о.,Комфорт,Метрикс Develoрment,2026-04-06,квартира,6,17.21,6024000.00,350029.05,"Под чистовую, отделка как доп. опция",ФЛ,Нет,,0,2026-06-18 11:12:27.291 +0300
d21921fe8bb3cacb784b2f956744d149,Золотой Берег,Новороссийск,Новороссийск м.о.,Бизнес,Средастрой,2026-04-06,квартира,7,93.15,18536550.00,191000.00,"Под чистовую, отделка как доп. опция",ФЛ,Нет,,0,2026-06-18 11:12:27.291 +0300
e31aa6038b5690b6941a9ce0cb0424e0,Суджук-Кале,Новороссийск,Новороссийск м.о.,Эконом,Черное море,2026-04-07,квартира,16,37.60,5051443.00,130562.00,Без отделки,ФЛ,Нет,,0,2026-06-18 11:12:27.291 +0300
"54d8db3c6f1f18c3cd3c93aa1ce1a529",Белые ночи,Сочи,Сочи г.о.,Бизнес+,PARAD DEVELOPMENT,2026-04-07,апартаменты,3,45.64,42308280.00,927000.00,С отделкой и мебелью,ФЛ,Нет,,0,2026-06-18 11:12:27.291 +0300
"391f8308731bd4ce69f7dcd46a0391de",Южно,Мысхако с.,Новороссийск м.о.,Комфорт,ССК,2026-04-07,квартира,9,37.89,7540110.00,199000.00,Отделка как доп. опция,ФЛ,Ипотека,ПАО Сбербанк России,360,2026-06-18 11:12:27.291 +0300
"391f8308731bd4ce69f7dcd46a0391de",Южно,Мысхако с.,Новороссийск м.о.,Комфорт,ССК,2026-04-07,квартира,2,28.64,5264977.00,183833.00,Отделка как доп. опция,ФЛ,Ипотека,ПАО Сбербанк России,0,2026-06-18 11:12:27.291 +0300
"89f537fda6bcc1df310625c68de74f15",Корсаков,Анапа,Анапа м.о.,Комфорт,ССК,2026-04-07,апартаменты,3,31.41,11778750.00,375000.00,С отделкой и мебелью,ФЛ,Ипотека,ПАО Банк ВТБ,0,2026-06-18 11:12:27.291 +0300
"657f63e930fe997bbb51f758ed370fb0",Кутузовский,Новороссийск,Новороссийск м.о.,Комфорт,МПМК Краснодарская-1,2026-04-07,квартира,4,50.66,8054940.00,159000.00,Без отделки,ФЛ,Ипотека,ПАО Сбербанк России,360,2026-06-18 11:12:27.291 +0300
"89f537fda6bcc1df310625c68de74f15",Корсаков,Анапа,Анапа м.о.,Комфорт,ССК,2026-04-08,апартаменты,6,31.33,12655500.00,390000.00,С отделкой и мебелью,ФЛ,Ипотека,АО Альфа-Банк,0,2026-06-18 11:12:27.291 +0300
"89f537fda6bcc1df310625c68de74f15",Корсаков,Анапа,Анапа м.о.,Комфорт,ССК,2026-04-08,апартаменты,7,29.32,11434800.00,390000.00,С отделкой и мебелью,ФЛ,Ипотека,АО Альфа-Банк,0,2026-06-18 11:12:27.291 +0300
"391f8308731bd4ce69f7dcd46a0391de",Южно,Новороссийск,Новороссийск м.о.,Комфорт,ССК,2026-04-08,квартира,7,41.55,7271250.00,175000.00,Отделка как доп. опция,ФЛ,Ипотека,ПАО Сбербанк России,0,2026-06-18 11:12:27.291 +0300
"391f8308731bd4ce69f7dcd46a0391de",Южно,Новороссийск,Новороссийск м.о.,Комфорт,ССК,2026-04-08,квартира,9,28.64,4737285.00,165408.00,Отделка как доп. опция,ФЛ,Ипотека,АО Альфа-Банк,360,2026-06-18 11:12:27.291 +0300
"391f8308731bd4ce69f7dcd46a0391de",Южно,Новороссийск,Новороссийск м.о.,Комфорт,ССК,2026-04-08,квартира,9,28.64,4737285.00,165408.00,Отделка как доп. опция,ФЛ,Ипотека,ПАО Сбербанк России,0,2026-06-18 11:12:27.291 +0300
db76211186418edf0a2732cb5784f84b,На ул. Ленина 95,Новороссийск,Новороссийск м.о.,Бизнес,Выбор,2026-04-08,квартира,8,72.80,14282632.00,196190.00,Без отделки,ФЛ,Нет,,0,2026-06-18 11:12:27.291 +0300
bcbe2f39504cb084713ca0f161f31273,Кумир,Армавир,Армавир г.о.,Комфорт,АРТ ГРУПП,2026-04-08,квартира,4,59.68,7880000.00,132037.53,С отделкой,ФЛ,Ипотека,ПАО Промсвязьбанк,250,2026-06-18 11:12:27.291 +0300
"2e950b4ca0aa9edccfc33804f92be08a",Сады у моря,Темрюк,Темрюк м.о.,Комфорт,Каскад,2026-04-08,квартира,8,30.56,5042400.00,165000.00,"Под чистовую, отделка как доп. опция",ФЛ,Ипотека,ПАО Сбербанк России,360,2026-06-18 11:12:27.291 +0300
"31e0758c3451b2b96255a4bdb4317e3b",Суворов,Кропоткин,Кропоткинский м.о.,Комфорт,Победа,2026-04-08,квартира,5,87.37,8685539.00,99411.00,"Под чистовую, отделка как доп. опция",ФЛ,Ипотека,ПАО Сбербанк России,360,2026-06-18 11:12:27.291 +0300
"1deed4029fc2ec67c021fcacf049861a",Ливингстон / Livingston,Сочи,Сочи г.о.,Элитный,СОЧИОЙЛСТРОЙ,2026-04-08,апартаменты,3,20.00,28769078.00,1438453.94,С отделкой и мебелью,ФЛ,Нет,,0,2026-06-18 11:12:27.291 +0300
"1deed4029fc2ec67c021fcacf049861a",Ливингстон / Livingston,Сочи,Сочи г.о.,Элитный,СОЧИОЙЛСТРОЙ,2026-04-08,апартаменты,6,23.00,35741542.00,1553980.09,С отделкой и мебелью,ФЛ,Нет,,0,2026-06-18 11:12:27.291 +0300
"2e950b4ca0aa9edccfc33804f92be08a",Сады у моря,Темрюк,Темрюк м.о.,Комфорт,Каскад,2026-04-08,квартира,8,22.93,3668800.00,160000.00,"Под чистовую, отделка как доп. опция",ФЛ,Нет,,0,2026-06-18 11:12:27.291 +0300
"31e0758c3451b2b96255a4bdb4317e3b",Суворов,Кропоткин,Кропоткинский м.о.,Комфорт,Победа,2026-04-09,квартира,1,41.28,4117184.00,99738.00,"Под чистовую, отделка как доп. опция",ФЛ,Нет,,0,2026-06-18 11:12:27.291 +0300
"18082a8dc54fc1d92036f82298474ddb",Лермонтов,Тамань,Темрюк м.о.,Комфорт,Каскад,2026-04-09,квартира,1,40.73,8146000.00,200000.00,"Под чистовую, отделка как доп. опция",ФЛ,Ипотека,ПАО Сбербанк России,0,2026-06-18 11:12:27.291 +0300
"391f8308731bd4ce69f7dcd46a0391de",Южно,Новороссийск,Новороссийск м.о.,Комфорт,ССК,2026-04-09,квартира,5,28.64,4737285.00,165408.00,Отделка как доп. опция,ФЛ,Ипотека,ПАО Сбербанк России,0,2026-06-18 11:12:27.291 +0300
d21921fe8bb3cacb784b2f956744d149,Золотой Берег,Новороссийск,Новороссийск м.о.,Бизнес,Средастрой,2026-04-10,квартира,16,57.54,12217920.00,208000.00,"Под чистовую, отделка как доп. опция",ФЛ,Ипотека,ПАО Сбербанк России,360,2026-06-18 11:12:27.291 +0300
"2e950b4ca0aa9edccfc33804f92be08a",Сады у моря,Темрюк,Темрюк м.о.,Комфорт,Каскад,2026-04-10,квартира,8,35.12,5443600.00,155000.00,"Под чистовую, отделка как доп. опция",ФЛ,Ипотека,ПАО Сбербанк России,360,2026-06-18 11:12:27.291 +0300
"3b768d7a3423d87ca2500e86b3aa26e8",Мореград,Анапа,Анапа м.о.,Комфорт,ССК,2026-04-10,апартаменты,2,24.10,8796500.00,365000.00,С отделкой и мебелью,ФЛ,Ипотека,АО Альфа-Банк,0,2026-06-18 11:12:27.291 +0300
"9648a6234501850e715607d4d244b13a",Botanica Hills,Небуг с.,Туапсинский м.о.,Комфорт,Метрикс Develoрment,2026-04-10,квартира,5,31.61,9147270.00,289378.99,"Под чистовую, отделка как доп. опция",ФЛ,Нет,,0,2026-06-18 11:12:27.291 +0300
"391f8308731bd4ce69f7dcd46a0391de",Южно,Мысхако с.,Новороссийск м.о.,Комфорт,ССК,2026-04-10,квартира,2,37.89,7009650.00,185000.00,Отделка как доп. опция,ФЛ,Ипотека,ПАО Совкомбанк,0,2026-06-18 11:12:27.291 +0300
"391f8308731bd4ce69f7dcd46a0391de",Южно,Мысхако с.,Новороссийск м.о.,Комфорт,ССК,2026-04-10,квартира,4,41.96,7762600.00,185000.00,Отделка как доп. опция,ФЛ,Ипотека,АО Альфа-Банк,0,2026-06-18 11:12:27.291 +0300
"391f8308731bd4ce69f7dcd46a0391de",Южно,Новороссийск,Новороссийск м.о.,Комфорт,ССК,2026-04-10,квартира,2,40.10,7017500.00,175000.00,Отделка как доп. опция,ФЛ,Ипотека,ПАО Совкомбанк,0,2026-06-18 11:12:27.291 +0300
"391f8308731bd4ce69f7dcd46a0391de",Южно,Новороссийск,Новороссийск м.о.,Комфорт,ССК,2026-04-10,квартира,2,28.64,4737285.00,165408.00,Отделка как доп. опция,ФЛ,Ипотека,ПАО Сбербанк России,360,2026-06-18 11:12:27.291 +0300
"391f8308731bd4ce69f7dcd46a0391de",Южно,Новороссийск,Новороссийск м.о.,Комфорт,ССК,2026-04-10,квартира,8,28.64,4737285.00,165408.00,Отделка как доп. опция,ФЛ,Ипотека,АО Альфа-Банк,360,2026-06-18 11:12:27.291 +0300
d21921fe8bb3cacb784b2f956744d149,Золотой Берег,Новороссийск,Новороссийск м.о.,Бизнес,Средастрой,2026-04-11,квартира,5,57.54,12838020.00,218000.00,"Под чистовую, отделка как доп. опция",ФЛ,Ипотека,ПАО Сбербанк России,348,2026-06-18 11:12:27.291 +0300
d21921fe8bb3cacb784b2f956744d149,Золотой Берег,Новороссийск,Новороссийск м.о.,Бизнес,Средастрой,2026-04-11,квартира,13,82.79,17054740.00,204763.36,"Под чистовую, отделка как доп. опция",ФЛ,Ипотека,ПАО Сбербанк России,360,2026-06-18 11:12:27.291 +0300
"83e4b77e4c81fe02646c0317f082a5b3",Эден / Eden Family Hotel,Анапа,Анапа м.о.,Комфорт,Развитие,2026-04-13,апартаменты,3,53.70,13858090.00,258065.00,С отделкой и мебелью,ФЛ,Нет,,0,2026-06-18 11:12:27.291 +0300
"77436a7722b713cff3de7d8e1397b4c2",Светский лес,Сочи,Сочи г.о.,Бизнес,Точно,2026-04-13,квартира,2,37.60,15388000.00,409255.32,Без отделки,ФЛ,Нет,,0,2026-06-18 11:12:27.291 +0300
"77436a7722b713cff3de7d8e1397b4c2",Светский лес,Сочи,Сочи г.о.,Бизнес,Точно,2026-04-13,квартира,6,43.38,20206000.00,465790.69,Без отделки,ФЛ,Нет,,0,2026-06-18 11:12:27.291 +0300
"9648a6234501850e715607d4d244b13a",Botanica Hills,Небуг с.,Туапсинский м.о.,Комфорт,Метрикс Develoрment,2026-04-13,квартира,9,33.46,10395000.00,310669.46,"Под чистовую, отделка как доп. опция",ФЛ,Нет,,0,2026-06-18 11:12:27.291 +0300
f158b53bd4c44a603ef7f54d61d1f267,Море тут,Голубицкая ст-ца,Темрюк м.о.,Бизнес,Каскад,2026-04-13,апартаменты,4,52.10,14848500.00,285000.00,С отделкой и мебелью,ФЛ,Нет,,0,2026-06-18 11:12:27.291 +0300
f158b53bd4c44a603ef7f54d61d1f267,Море тут,Голубицкая ст-ца,Темрюк м.о.,Бизнес,Каскад,2026-04-13,апартаменты,5,36.40,11284000.00,310000.00,"С отделкой, мебель как доп. опция",ФЛ,Нет,,0,2026-06-18 11:12:27.291 +0300
de2aa2f5a366bc2350a3e192512ea3e6,Цветной бульвар,Северская ст-ца,Северский м.о.,Комфорт,Точно,2026-04-13,квартира,5,38.90,4473500.00,115000.00,"Под чистовую, отделка как доп. опция",ФЛ,Ипотека,ПАО Банк ВТБ,362,2026-06-18 11:12:27.291 +0300
"83e4b77e4c81fe02646c0317f082a5b3",Эден / Eden Family Hotel,Анапа,Анапа м.о.,Комфорт,Развитие,2026-04-13,апартаменты,3,26.50,6851999.00,258566.00,С отделкой и мебелью,ФЛ,Нет,,0,2026-06-18 11:12:27.291 +0300
"441afa8fae5c94a584f16bc1baa6b237",Моренуар,Новороссийск,Новороссийск м.о.,Бизнес,Семья,2026-04-14,квартира,7,34.34,7774576.00,226400.00,Под чистовую,ФЛ,Нет,,0,2026-06-18 11:12:27.291 +0300
"391f8308731bd4ce69f7dcd46a0391de",Южно,Новороссийск,Новороссийск м.о.,Комфорт,ССК,2026-04-14,квартира,9,69.06,11394900.00,165000.00,Отделка как доп. опция,ФЛ,Нет,,0,2026-06-18 11:12:27.291 +0300
"391f8308731bd4ce69f7dcd46a0391de",Южно,Новороссийск,Новороссийск м.о.,Комфорт,ССК,2026-04-14,квартира,4,41.55,7271250.00,175000.00,Отделка как доп. опция,ФЛ,Ипотека,ПАО Совкомбанк,0,2026-06-18 11:12:27.291 +0300
"391f8308731bd4ce69f7dcd46a0391de",Южно,Новороссийск,Новороссийск м.о.,Комфорт,ССК,2026-04-14,квартира,9,28.64,4737285.00,165408.00,Отделка как доп. опция,ФЛ,Ипотека,ПАО Сбербанк России,360,2026-06-18 11:12:27.291 +0300
e6d38729959f9b2f3f4d8a06dff18171,Кубанская усадьба,Ейск,Ейск г.о.,Эконом,КУБАНСКАЯ УСАДЬБА,2026-04-14,квартира,3,44.20,5737500.00,125000.00,"Под чистовую, отделка как доп. опция",ФЛ,Нет,,0,2026-06-18 11:12:27.291 +0300
"3a26f70c9afc984e36f87b8dbbbff7a7",Скайвиль,Красная поляна пгт,Сочи г.о.,Премиум,ЗЕЛЕНАЯ ДОЛИНА,2026-04-14,апартаменты,4,20.56,29812000.00,1450000.00,С отделкой,ФЛ,Нет,,0,2026-06-18 11:12:27.291 +0300
"3a26f70c9afc984e36f87b8dbbbff7a7",Скайвиль,Красная поляна пгт,Сочи г.о.,Премиум,ЗЕЛЕНАЯ ДОЛИНА,2026-04-14,апартаменты,4,20.56,29812000.00,1450000.00,С отделкой,ФЛ,Нет,,0,2026-06-18 11:12:27.291 +0300
"3b768d7a3423d87ca2500e86b3aa26e8",Мореград,Анапа,Анапа м.о.,Комфорт,ССК,2026-04-14,апартаменты,9,24.00,9000000.00,375000.00,С отделкой и мебелью,ФЛ,Нет,,0,2026-06-18 11:12:27.291 +0300
"83e4b77e4c81fe02646c0317f082a5b3",Эден / Eden Family Hotel,Анапа,Анапа м.о.,Комфорт,Развитие,2026-04-14,апартаменты,4,47.70,12473568.00,259866.00,С отделкой и мебелью,ФЛ,Нет,,0,2026-06-18 11:12:27.291 +0300
"9648a6234501850e715607d4d244b13a",Botanica Hills,Небуг с.,Туапсинский м.о.,Комфорт,Метрикс Develoрment,2026-04-14,квартира,6,36.94,10158500.00,275000.00,"Под чистовую, отделка как доп. опция",ФЛ,Нет,,0,2026-06-18 11:12:27.291 +0300
"45131c4ef8b37326fa1ad3d957bf531d",Усадьба Гостагаевская,Нижняя Гостагайка х.,Анапа м.о.,Бизнес-,ССК,2026-04-15,нежилое помещение,1,45.68,0.00,0.00,Под чистовую и отделка как доп. опция,ФЛ,Нет,,0,2026-06-18 11:12:27.291 +0300
"3b768d7a3423d87ca2500e86b3aa26e8",Мореград,Анапа,Анапа м.о.,Комфорт,ССК,2026-04-15,апартаменты,3,24.10,8796500.00,365000.00,С отделкой и мебелью,ФЛ,Ипотека,АО Альфа-Банк,0,2026-06-18 11:12:27.291 +0300
"45131c4ef8b37326fa1ad3d957bf531d",Усадьба Гостагаевская,Нижняя Гостагайка х.,Анапа м.о.,Бизнес-,ССК,2026-04-15,квартира,3,35.50,7455000.00,210000.00,Под чистовую и отделка как доп. опция,ФЛ,Ипотека,ПАО Сбербанк России,216,2026-06-18 11:12:27.291 +0300
"89f537fda6bcc1df310625c68de74f15",Корсаков,Анапа,Анапа м.о.,Комфорт,ССК,2026-04-15,апартаменты,3,54.28,17641000.00,325000.00,С отделкой и мебелью,ФЛ,Ипотека,ПАО Сбербанк России,0,2026-06-18 11:12:27.291 +0300
"89f537fda6bcc1df310625c68de74f15",Корсаков,Анапа,Анапа м.о.,Комфорт,ССК,2026-04-15,апартаменты,3,31.40,11775000.00,375000.00,С отделкой и мебелью,ФЛ,Ипотека,АО Альфа-Банк,0,2026-06-18 11:12:27.291 +0300
"89f537fda6bcc1df310625c68de74f15",Корсаков,Анапа,Анапа м.о.,Комфорт,ССК,2026-04-15,апартаменты,7,31.41,12249900.00,390000.00,С отделкой и мебелью,ФЛ,Ипотека,АО Альфа-Банк,0,2026-06-18 11:12:27.291 +0300
"391f8308731bd4ce69f7dcd46a0391de",Южно,Мысхако с.,Новороссийск м.о.,Комфорт,ССК,2026-04-15,квартира,7,28.64,5264977.00,183833.00,Отделка как доп. опция,ФЛ,Ипотека,ПАО Совкомбанк,0,2026-06-18 11:12:27.291 +0300
"391f8308731bd4ce69f7dcd46a0391de",Южно,Новороссийск,Новороссийск м.о.,Комфорт,ССК,2026-04-15,квартира,5,38.57,7017500.00,175000.00,Отделка как доп. опция,ФЛ,Ипотека,ПАО Промсвязьбанк,0,2026-06-18 11:12:27.291 +0300
ca5b2783e990164d4ead64f45c38ab5e,ЛОК ВЕРА,Сочи,Сочи г.о.,Бизнес+,ЛОК ВЕРА,2026-04-15,апартаменты,2,34.41,25846968.00,751147.00,С отделкой и мебелью,ФЛ,Нет,,0,2026-06-18 11:12:27.291 +0300
"9065bc46a382fdfb02d1e85a46e108b7",COSMOS STAY ADLER,Сочи,Сочи г.о.,Бизнес,ИЗВЕСТИЯ ХИЛЛ,2026-04-15,апартаменты,7,22.00,14603875.00,679250.00,Отделка и мебель как доп. опция,ФЛ,Нет,,0,2026-06-18 11:12:27.291 +0300
"9648a6234501850e715607d4d244b13a",Botanica Hills,Небуг с.,Туапсинский м.о.,Комфорт,Метрикс Develoрment,2026-04-15,квартира,3,38.52,10400400.00,270000.00,"Под чистовую, отделка как доп. опция",ФЛ,Нет,,0,2026-06-18 11:12:27.291 +0300
"2e950b4ca0aa9edccfc33804f92be08a",Сады у моря,Темрюк,Темрюк м.о.,Комфорт,Каскад,2026-04-15,квартира,2,37.93,6068800.00,160000.00,"Под чистовую, отделка как доп. опция",ФЛ,Ипотека,ПАО Сбербанк России,360,2026-06-18 11:12:27.291 +0300
"2e950b4ca0aa9edccfc33804f92be08a",Сады у моря,Темрюк,Темрюк м.о.,Комфорт,Каскад,2026-04-16,квартира,4,35.20,5456000.00,155000.00,"Под чистовую, отделка как доп. опция",ФЛ,Ипотека,ПАО Сбербанк России,0,2026-06-18 11:12:27.291 +0300
"819feb88bb07781a939c05c5132e26b6",ЭВО,Новокубанск,Новокубанский г.о.,Комфорт,Средастрой,2026-04-16,квартира,4,29.60,3800000.00,125000.00,"Под чистовую, отделка как доп. опция",ФЛ,Ипотека,ПАО Сбербанк России,360,2026-06-18 11:12:27.291 +0300
bcbe2f39504cb084713ca0f161f31273,Кумир,Армавир,Армавир г.о.,Комфорт,АРТ ГРУПП,2026-04-16,квартира,7,64.09,8460000.00,132001.87,С отделкой,ФЛ,Нет,,0,2026-06-18 11:12:27.291 +0300
e6d38729959f9b2f3f4d8a06dff18171,Кубанская усадьба,Ейск,Ейск г.о.,Эконом,КУБАНСКАЯ УСАДЬБА,2026-04-16,квартира,3,66.40,7968000.00,120000.00,"Под чистовую, отделка как доп. опция",ФЛ,Ипотека,ПАО Сбербанк России,360,2026-06-18 11:12:27.291 +0300
"391f8308731bd4ce69f7dcd46a0391de",Южно,Новороссийск,Новороссийск м.о.,Комфорт,ССК,2026-04-16,квартира,6,28.64,4737285.00,165408.00,Отделка как доп. опция,ФЛ,Ипотека,ПАО Сбербанк России,0,2026-06-18 11:12:27.291 +0300
"391f8308731bd4ce69f7dcd46a0391de",Южно,Новороссийск,Новороссийск м.о.,Комфорт,ССК,2026-04-16,квартира,2,28.64,4737285.00,165408.00,Отделка как доп. опция,ФЛ,Ипотека,АО Альфа-Банк,0,2026-06-18 11:12:27.291 +0300
"018074db013670b10cd1d3367521d2a2",Барса,Новороссийск,Новороссийск м.о.,Бизнес,Точно,2026-04-17,квартира,9,35.30,9074000.00,257053.82,Под чистовую и отделка как доп. опция,ФЛ,Ипотека,АО Альфа-Банк,180,2026-06-18 11:12:27.291 +0300
"5338417a484eca51d14d28b59e51946f",История-3,Южный п.,Динской м.о.,Комфорт,НВМ,2026-04-17,квартира,4,51.14,8438100.00,165000.00,Под чистовую,ФЛ,Ипотека,ПАО Сбербанк России,0,2026-06-18 11:12:27.291 +0300
"391f8308731bd4ce69f7dcd46a0391de",Южно,Мысхако с.,Новороссийск м.о.,Комфорт,ССК,2026-04-17,квартира,3,37.89,7009650.00,185000.00,Отделка как доп. опция,ФЛ,Ипотека,ПАО Совкомбанк,0,2026-06-18 11:12:27.291 +0300
"391f8308731bd4ce69f7dcd46a0391de",Южно,Новороссийск,Новороссийск м.о.,Комфорт,ССК,2026-04-17,квартира,2,40.10,7017500.00,175000.00,Отделка как доп. опция,ФЛ,Ипотека,ПАО Сбербанк России,0,2026-06-18 11:12:27.291 +0300
"391f8308731bd4ce69f7dcd46a0391de",Южно,Новороссийск,Новороссийск м.о.,Комфорт,ССК,2026-04-17,квартира,4,28.64,4737285.00,165408.00,Отделка как доп. опция,ФЛ,Ипотека,ПАО Сбербанк России,0,2026-06-18 11:12:27.291 +0300
"77436a7722b713cff3de7d8e1397b4c2",Светский лес,Сочи,Сочи г.о.,Бизнес,Точно,2026-04-17,квартира,5,53.92,24018000.00,445437.69,Без отделки,ФЛ,Нет,,0,2026-06-18 11:12:27.291 +0300
"89f537fda6bcc1df310625c68de74f15",Корсаков,Анапа,Анапа м.о.,Комфорт,ССК,2026-04-17,апартаменты,7,39.22,15217360.00,388000.00,С отделкой и мебелью,ФЛ,Нет,,0,2026-06-18 11:12:27.291 +0300
"391f8308731bd4ce69f7dcd46a0391de",Южно,Мысхако с.,Новороссийск м.о.,Комфорт,ССК,2026-04-18,квартира,3,28.64,5264977.00,183833.00,Отделка как доп. опция,ФЛ,Ипотека,ПАО Сбербанк России,0,2026-06-18 11:12:27.291 +0300
"391f8308731bd4ce69f7dcd46a0391de",Южно,Новороссийск,Новороссийск м.о.,Комфорт,ССК,2026-04-18,квартира,7,28.64,4737285.00,165408.00,Отделка как доп. опция,ФЛ,Ипотека,ПАО Сбербанк России,0,2026-06-18 11:12:27.291 +0300
"391f8308731bd4ce69f7dcd46a0391de",Южно,Новороссийск,Новороссийск м.о.,Комфорт,ССК,2026-04-18,квартира,3,28.64,4737285.00,165408.00,Отделка как доп. опция,ФЛ,Ипотека,ПАО Сбербанк России,0,2026-06-18 11:12:27.291 +0300
"89f537fda6bcc1df310625c68de74f15",Корсаков,Анапа,Анапа м.о.,Комфорт,ССК,2026-04-20,апартаменты,4,39.30,14658900.00,373000.00,С отделкой и мебелью,ФЛ,Ипотека,ПАО Банк ВТБ,0,2026-06-18 11:12:27.291 +0300
"391f8308731bd4ce69f7dcd46a0391de",Южно,Мысхако с.,Новороссийск м.о.,Комфорт,ССК,2026-04-20,квартира,3,38.16,7059600.00,185000.00,Отделка как доп. опция,ФЛ,Ипотека,ПАО Сбербанк России,0,2026-06-18 11:12:27.291 +0300
"391f8308731bd4ce69f7dcd46a0391de",Южно,Новороссийск,Новороссийск м.о.,Комфорт,ССК,2026-04-20,квартира,3,28.64,4820484.00,168313.00,Отделка как доп. опция,ФЛ,Ипотека,ПАО Сбербанк России,0,2026-06-18 11:12:27.291 +0300
"45131c4ef8b37326fa1ad3d957bf531d",Усадьба Гостагаевская,Нижняя Гостагайка х.,Анапа м.о.,Бизнес-,ССК,2026-04-20,квартира,4,31.33,6266000.00,200000.00,Под чистовую,ФЛ,Ипотека,ПАО Сбербанк России,0,2026-06-18 11:12:27.291 +0300
"3b768d7a3423d87ca2500e86b3aa26e8",Мореград,Анапа,Анапа м.о.,Комфорт,ССК,2026-04-20,апартаменты,5,23.50,8812500.00,375000.00,С отделкой и мебелью,ФЛ,Нет,,0,2026-06-18 11:12:27.291 +0300
"3b768d7a3423d87ca2500e86b3aa26e8",Мореград,Анапа,Анапа м.о.,Комфорт,ССК,2026-04-20,апартаменты,7,23.70,8887500.00,375000.00,С отделкой и мебелью,ФЛ,Ипотека,ПАО Банк ВТБ,0,2026-06-18 11:12:27.291 +0300
"018074db013670b10cd1d3367521d2a2",Барса,Новороссийск,Новороссийск м.о.,Бизнес,Точно,2026-04-20,квартира,8,36.40,9022000.00,257037.04,Под чистовую и отделка как доп. опция,ФЛ,Ипотека,ПАО Сбербанк России,0,2026-06-18 11:12:27.291 +0300
f158b53bd4c44a603ef7f54d61d1f267,Море тут,Голубицкая ст-ца,Темрюк м.о.,Бизнес,Каскад,2026-04-20,апартаменты,2,30.90,8961000.00,290000.00,"С отделкой, мебель как доп. опция",ФЛ,Нет,,0,2026-06-18 11:12:27.291 +0300
"89f537fda6bcc1df310625c68de74f15",Корсаков,Анапа,Анапа м.о.,Комфорт,ССК,2026-04-21,апартаменты,4,31.40,12168750.00,375000.00,С отделкой и мебелью,ФЛ,Ипотека,АО Альфа-Банк,0,2026-06-18 11:12:27.291 +0300
"3b768d7a3423d87ca2500e86b3aa26e8",Мореград,Анапа,Анапа м.о.,Комфорт,ССК,2026-04-21,апартаменты,6,23.70,8887500.00,375000.00,С отделкой и мебелью,ФЛ,Нет,,0,2026-06-18 11:12:27.291 +0300
"45131c4ef8b37326fa1ad3d957bf531d",Усадьба Гостагаевская,Нижняя Гостагайка х.,Анапа м.о.,Бизнес-,ССК,2026-04-21,квартира,2,37.50,7500000.00,200000.00,Под чистовую и отделка как доп. опция,ФЛ,Ипотека,АО Альфа-Банк,0,2026-06-18 11:12:27.291 +0300
"657f63e930fe997bbb51f758ed370fb0",Кутузовский,Новороссийск,Новороссийск м.о.,Комфорт,МПМК Краснодарская-1,2026-04-21,квартира,4,61.12,9985710.00,147000.00,Без отделки,ФЛ,Ипотека,ПАО Сбербанк России,0,2026-06-18 11:12:27.291 +0300
"18082a8dc54fc1d92036f82298474ddb",Лермонтов,Тамань,Темрюк м.о.,Комфорт,Каскад,2026-04-21,квартира,2,28.16,5068800.00,180000.00,"Под чистовую, отделка как доп. опция",ФЛ,Ипотека,ПАО Совкомбанк,0,2026-06-18 11:12:27.291 +0300
"89f537fda6bcc1df310625c68de74f15",Корсаков,Анапа,Анапа м.о.,Комфорт,ССК,2026-04-22,апартаменты,8,39.41,15291080.00,388000.00,С отделкой и мебелью,ФЛ,Ипотека,ПАО Банк ВТБ,0,2026-06-18 11:12:27.291 +0300
fc98c3a43cd1680c1cb66c1523d44f4a,Дзенпарк,Марьянская ст.,Красноармейский м.о.,Комфорт,Средастрой,2026-04-22,квартира,2,20.10,2412000.00,120000.00,"Под чистовую, отделка как доп. опция",ФЛ,Нет,,0,2026-06-18 11:12:27.291 +0300
"657f63e930fe997bbb51f758ed370fb0",Кутузовский,Новороссийск,Новороссийск м.о.,Комфорт,МПМК Краснодарская-1,2026-04-22,квартира,11,42.54,7093500.00,150000.00,Без отделки,ФЛ,Нет,,0,2026-06-18 11:12:27.291 +0300
"12054ab7fd7e8f66e6d9382e72dec615",Мандарин Гарден,Сочи,Сочи г.о.,Премиум,Солнечный луч,2026-04-22,апартаменты,3,55.70,77980000.00,1400000.00,С отделкой и мебелью,ФЛ,Нет,,0,2026-06-18 11:12:27.291 +0300
"441afa8fae5c94a584f16bc1baa6b237",Моренуар,Новороссийск,Новороссийск м.о.,Бизнес,Семья,2026-04-22,квартира,7,35.22,7375068.00,209400.00,Без отделки,ФЛ,Ипотека,ПАО Банк ВТБ,362,2026-06-18 11:12:27.291 +0300
db76211186418edf0a2732cb5784f84b,На ул. Ленина 95,Новороссийск,Новороссийск м.о.,Бизнес,Выбор,2026-04-22,квартира,3,40.20,8753710.00,217754.00,Без отделки,ФЛ,Ипотека,ПАО Сбербанк России,0,2026-06-18 11:12:27.291 +0300
"35a72d196e250ef1eb9982bb9c378ef1",Сиалия,Сочи,Сочи г.о.,Бизнес+,GRAVION,2026-04-22,апартаменты,2,30.77,30400760.00,988000.00,С отделкой и мебелью,ФЛ,Нет,,0,2026-06-18 11:12:27.291 +0300
"391f8308731bd4ce69f7dcd46a0391de",Южно,Мысхако с.,Новороссийск м.о.,Комфорт,ССК,2026-04-22,квартира,4,37.89,7009650.00,185000.00,Отделка как доп. опция,ФЛ,Нет,,0,2026-06-18 11:12:27.291 +0300
"391f8308731bd4ce69f7dcd46a0391de",Южно,Мысхако с.,Новороссийск м.о.,Комфорт,ССК,2026-04-22,квартира,9,28.64,5285683.00,184556.00,Отделка как доп. опция,ФЛ,Ипотека,АО Альфа-Банк,0,2026-06-18 11:12:27.291 +0300
"391f8308731bd4ce69f7dcd46a0391de",Южно,Новороссийск,Новороссийск м.о.,Комфорт,ССК,2026-04-22,квартира,7,63.67,10505550.00,165000.00,Отделка как доп. опция,ФЛ,Ипотека,АО Альфа-Банк,0,2026-06-18 11:12:27.291 +0300
"018074db013670b10cd1d3367521d2a2",Барса,Новороссийск,Новороссийск м.о.,Бизнес,Точно,2026-04-22,квартира,24,34.20,10526000.00,318006.04,Под чистовую и отделка как доп. опция,ФЛ,Нет,,0,2026-06-18 11:12:27.291 +0300
"54d8db3c6f1f18c3cd3c93aa1ce1a529",Белые ночи,Сочи,Сочи г.о.,Бизнес+,PARAD DEVELOPMENT,2026-04-23,апартаменты,3,66.56,55144960.00,828500.00,С отделкой и мебелью,ФЛ,Ипотека,ПАО Сбербанк России,228,2026-06-18 11:12:27.291 +0300
"391f8308731bd4ce69f7dcd46a0391de",Южно,Новороссийск,Новороссийск м.о.,Комфорт,ССК,2026-04-23,квартира,3,28.64,4820484.00,168313.00,Отделка как доп. опция,ФЛ,Ипотека,ПАО Сбербанк России,0,2026-06-18 11:12:27.291 +0300
"77436a7722b713cff3de7d8e1397b4c2",Светский лес,Сочи,Сочи г.о.,Бизнес,Точно,2026-04-23,квартира,2,35.73,14623035.00,409264.91,Без отделки,ФЛ,Ипотека,ПАО Совкомбанк,240,2026-06-18 11:12:27.291 +0300
"18082a8dc54fc1d92036f82298474ddb",Лермонтов,Тамань,Темрюк м.о.,Комфорт,Каскад,2026-04-23,квартира,1,41.12,8224000.00,200000.00,"Под чистовую, отделка как доп. опция",ФЛ,Ипотека,ПАО Сбербанк России,288,2026-06-18 11:12:27.291 +0300
"2e950b4ca0aa9edccfc33804f92be08a",Сады у моря,Темрюк,Темрюк м.о.,Комфорт,Каскад,2026-04-23,квартира,2,35.12,5443600.00,155000.00,"Под чистовую, отделка как доп. опция",ФЛ,Ипотека,ПАО Сбербанк России,348,2026-06-18 11:12:27.291 +0300
"657f63e930fe997bbb51f758ed370fb0",Кутузовский,Новороссийск,Новороссийск м.о.,Комфорт,МПМК Краснодарская-1,2026-04-24,квартира,2,64.39,9947490.00,147000.00,Без отделки,ФЛ,Ипотека,ПАО Сбербанк России,0,2026-06-18 11:12:27.291 +0300
"657f63e930fe997bbb51f758ed370fb0",Кутузовский,Новороссийск,Новороссийск м.о.,Комфорт,МПМК Краснодарская-1,2026-04-24,квартира,9,82.12,11968990.00,145750.00,Без отделки,ФЛ,Ипотека,ПАО Сбербанк России,0,2026-06-18 11:12:27.291 +0300
"60cc5097d90214abba1f37a69a60142b",Greenmont / Нескучный сад,Сочи,Сочи г.о.,Бизнес,Неометрия,2026-04-24,апартаменты,7,24.30,26587699.00,1094144.03,Отделка как доп. опция,ФЛ,Нет,,0,2026-06-18 11:12:27.291 +0300
"54d8db3c6f1f18c3cd3c93aa1ce1a529",Белые ночи,Сочи,Сочи г.о.,Бизнес+,PARAD DEVELOPMENT,2026-04-24,апартаменты,6,28.98,28246806.00,974700.00,С отделкой и мебелью,ФЛ,Нет,,0,2026-06-18 11:12:27.291 +0300
"391f8308731bd4ce69f7dcd46a0391de",Южно,Мысхако с.,Новороссийск м.о.,Комфорт,ССК,2026-04-24,квартира,3,28.64,5285683.00,184556.00,Отделка как доп. опция,ФЛ,Ипотека,ПАО Совкомбанк,0,2026-06-18 11:12:27.291 +0300
"391f8308731bd4ce69f7dcd46a0391de",Южно,Мысхако с.,Новороссийск м.о.,Комфорт,ССК,2026-04-24,квартира,3,28.64,5285683.00,184556.00,Отделка как доп. опция,ФЛ,Ипотека,АО Альфа-Банк,0,2026-06-18 11:12:27.291 +0300
"391f8308731bd4ce69f7dcd46a0391de",Южно,Мысхако с.,Новороссийск м.о.,Комфорт,ССК,2026-04-24,квартира,6,28.64,5285683.00,184556.00,Отделка как доп. опция,ФЛ,Ипотека,ПАО Сбербанк России,0,2026-06-18 11:12:27.291 +0300
"77436a7722b713cff3de7d8e1397b4c2",Светский лес,Сочи,Сочи г.о.,Бизнес,Точно,2026-04-24,квартира,6,36.05,15080000.00,418307.91,Без отделки,ФЛ,Ипотека,ПАО Совкомбанк,360,2026-06-18 11:12:27.291 +0300
"77436a7722b713cff3de7d8e1397b4c2",Светский лес,Сочи,Сочи г.о.,Бизнес,Точно,2026-04-24,квартира,6,71.30,26740000.00,407001.52,Без отделки,ФЛ,Ипотека,ПАО Сбербанк России,240,2026-06-18 11:12:27.291 +0300
"45131c4ef8b37326fa1ad3d957bf531d",Усадьба Гостагаевская,Нижняя Гостагайка х.,Анапа м.о.,Бизнес-,ССК,2026-04-24,квартира,2,50.23,8790250.00,175000.00,Под чистовую и отделка как доп. опция,ФЛ,Ипотека,АО Альфа-Банк,0,2026-06-18 11:12:27.291 +0300
"5338417a484eca51d14d28b59e51946f",История-3,Южный п.,Динской м.о.,Комфорт,НВМ,2026-04-26,квартира,8,55.32,9127800.00,165000.00,Под чистовую,ФЛ,Ипотека,ПАО Сбербанк России,0,2026-06-18 11:12:27.291 +0300
"5338417a484eca51d14d28b59e51946f",История-3,Южный п.,Динской м.о.,Комфорт,НВМ,2026-04-26,квартира,4,56.35,9297750.00,165000.00,Под чистовую,ФЛ,Ипотека,ПАО Сбербанк России,0,2026-06-18 11:12:27.291 +0300
"3b768d7a3423d87ca2500e86b3aa26e8",Мореград,Анапа,Анапа м.о.,Комфорт,ССК,2026-04-27,апартаменты,8,21.60,8100000.00,375000.00,С отделкой и мебелью,ФЛ,Ипотека,АО Альфа-Банк,0,2026-06-18 11:12:27.291 +0300
"114265fbbd12eef28cca19fc11278cc4",Город у моря,Новороссийск,Новороссийск м.о.,Комфорт,ВКБ-Новостройки,2026-04-27,квартира,5,59.83,9484000.00,158515.79,С отделкой,ФЛ,Нет,,0,2026-06-18 11:12:27.291 +0300
"45131c4ef8b37326fa1ad3d957bf531d",Усадьба Гостагаевская,Нижняя Гостагайка х.,Анапа м.о.,Бизнес-,ССК,2026-04-27,квартира,3,50.23,9794850.00,195000.00,Под чистовую и отделка как доп. опция,ФЛ,Ипотека,АО Альфа-Банк,240,2026-06-18 11:12:27.291 +0300
"54d8db3c6f1f18c3cd3c93aa1ce1a529",Белые ночи,Сочи,Сочи г.о.,Бизнес+,PARAD DEVELOPMENT,2026-04-27,апартаменты,6,41.54,38736050.00,932500.00,С отделкой и мебелью,ФЛ,Нет,,0,2026-06-18 11:12:27.291 +0300
"391f8308731bd4ce69f7dcd46a0391de",Южно,Новороссийск,Новороссийск м.о.,Комфорт,ССК,2026-04-27,квартира,6,28.64,4820484.00,168313.00,Отделка как доп. опция,ФЛ,Ипотека,АО Альфа-Банк,0,2026-06-18 11:12:27.291 +0300
"391f8308731bd4ce69f7dcd46a0391de",Южно,Новороссийск,Новороссийск м.о.,Комфорт,ССК,2026-04-27,квартира,8,69.06,11394900.00,165000.00,Отделка как доп. опция,ФЛ,Ипотека,АО Альфа-Банк,0,2026-06-18 11:12:27.291 +0300
"31e0758c3451b2b96255a4bdb4317e3b",Суворов,Кропоткин,Кропоткинский м.о.,Комфорт,Победа,2026-04-27,квартира,7,23.35,2335000.00,100000.00,"Под чистовую, отделка как доп. опция",ФЛ,Нет,,0,2026-06-18 11:12:27.291 +0300
"71fa66dc65922c6a4364c32224375107",Центральный (Анапа),Анапа,Анапа м.о.,Комфорт,Гамма,2026-04-28,квартира,4,38.12,10483000.00,275000.00,Под чистовую и отделка как доп. опция,ФЛ,Ипотека,ПАО Сбербанк России,360,2026-06-18 11:12:27.291 +0300
"3b768d7a3423d87ca2500e86b3aa26e8",Мореград,Анапа,Анапа м.о.,Комфорт,ССК,2026-04-28,апартаменты,7,24.60,9225000.00,375000.00,С отделкой и мебелью,ФЛ,Ипотека,АО Альфа-Банк,0,2026-06-18 11:12:27.291 +0300
"114265fbbd12eef28cca19fc11278cc4",Город у моря,Новороссийск,Новороссийск м.о.,Комфорт,ВКБ-Новостройки,2026-04-28,квартира,2,85.96,10642564.00,123808.33,С отделкой,ФЛ,Ипотека,ПАО Сбербанк России,0,2026-06-18 11:12:27.291 +0300
"45131c4ef8b37326fa1ad3d957bf531d",Усадьба Гостагаевская,Нижняя Гостагайка х.,Анапа м.о.,Бизнес-,ССК,2026-04-28,квартира,2,35.50,7100000.00,200000.00,Под чистовую и отделка как доп. опция,ФЛ,Ипотека,ПАО Совкомбанк,0,2026-06-18 11:12:27.291 +0300
"89f537fda6bcc1df310625c68de74f15",Корсаков,Анапа,Анапа м.о.,Комфорт,ССК,2026-04-28,апартаменты,2,31.41,11778750.00,375000.00,С отделкой и мебелью,ФЛ,Ипотека,АО Альфа-Банк,0,2026-06-18 11:12:27.291 +0300
"89f537fda6bcc1df310625c68de74f15",Корсаков,Анапа,Анапа м.о.,Комфорт,ССК,2026-04-28,апартаменты,5,30.97,10384000.00,320000.00,С отделкой и мебелью,ФЛ,Ипотека,АО Альфа-Банк,0,2026-06-18 11:12:27.291 +0300
fc98c3a43cd1680c1cb66c1523d44f4a,Дзенпарк,Марьянская ст.,Красноармейский м.о.,Комфорт,Средастрой,2026-04-28,квартира,4,49.70,5467000.00,110000.00,"Под чистовую, отделка как доп. опция",ФЛ,Ипотека,ПАО Сбербанк России,0,2026-06-18 11:12:27.291 +0300
fc98c3a43cd1680c1cb66c1523d44f4a,Дзенпарк,Марьянская ст.,Красноармейский м.о.,Комфорт,Средастрой,2026-04-28,квартира,2,24.00,2880000.00,120000.00,"Под чистовую, отделка как доп. опция",ФЛ,Нет,,0,2026-06-18 11:12:27.291 +0300
"54d8db3c6f1f18c3cd3c93aa1ce1a529",Белые ночи,Сочи,Сочи г.о.,Бизнес+,PARAD DEVELOPMENT,2026-04-28,апартаменты,6,28.98,28246806.00,974700.00,С отделкой и мебелью,ФЛ,Нет,,0,2026-06-18 11:12:27.291 +0300
"391f8308731bd4ce69f7dcd46a0391de",Южно,Мысхако с.,Новороссийск м.о.,Комфорт,ССК,2026-04-28,квартира,8,60.67,10617250.00,175000.00,Отделка как доп. опция,ФЛ,Ипотека,АО Банк Дом.РФ,0,2026-06-18 11:12:27.291 +0300
"391f8308731bd4ce69f7dcd46a0391de",Южно,Мысхако с.,Новороссийск м.о.,Комфорт,ССК,2026-04-28,квартира,5,41.54,7684900.00,185000.00,Отделка как доп. опция,ФЛ,Ипотека,ПАО Сбербанк России,0,2026-06-18 11:12:27.291 +0300
d21921fe8bb3cacb784b2f956744d149,Золотой Берег,Новороссийск,Новороссийск м.о.,Бизнес,Средастрой,2026-04-28,квартира,13,58.74,13099020.00,222431.99,"Под чистовую, отделка как доп. опция",ФЛ,Нет,,0,2026-06-18 11:12:27.291 +0300
e6633db8b4c0466143c3ba2ad76172f0,Лучи,Анапа,Анапа м.о.,Комфорт,ADM group / Вертикаль,2026-04-29,апартаменты,2,50.88,27675120.00,484000.00,С отделкой и мебелью,ФЛ,Нет,,0,2026-06-18 11:12:27.291 +0300
e6633db8b4c0466143c3ba2ad76172f0,Лучи,Анапа,Анапа м.о.,Комфорт,ADM group / Вертикаль,2026-04-29,апартаменты,4,24.30,16599620.00,601000.00,С отделкой и мебелью,ФЛ,Нет,,0,2026-06-18 11:12:27.291 +0300
e6633db8b4c0466143c3ba2ad76172f0,Лучи,Анапа,Анапа м.о.,Комфорт,ADM group / Вертикаль,2026-04-29,апартаменты,4,24.30,16599620.00,601000.00,С отделкой и мебелью,ФЛ,Нет,,0,2026-06-18 11:12:27.291 +0300
e6633db8b4c0466143c3ba2ad76172f0,Лучи,Анапа,Анапа м.о.,Комфорт,ADM group / Вертикаль,2026-04-29,апартаменты,4,28.90,17224660.00,601000.00,С отделкой и мебелью,ФЛ,Нет,,0,2026-06-18 11:12:27.291 +0300
e6633db8b4c0466143c3ba2ad76172f0,Лучи,Анапа,Анапа м.о.,Комфорт,ADM group / Вертикаль,2026-04-29,апартаменты,7,24.10,18651150.00,651000.00,С отделкой и мебелью,ФЛ,Нет,,0,2026-06-18 11:12:27.291 +0300
"77436a7722b713cff3de7d8e1397b4c2",Светский лес,Сочи,Сочи г.о.,Бизнес,Точно,2026-04-29,квартира,6,61.43,26669253.00,434140.55,Без отделки,ФЛ,Ипотека,ПАО Сбербанк России,240,2026-06-18 11:12:27.291 +0300
"391f8308731bd4ce69f7dcd46a0391de",Южно,Новороссийск,Новороссийск м.о.,Комфорт,ССК,2026-04-29,квартира,8,28.64,4820484.00,168313.00,Отделка как доп. опция,ФЛ,Ипотека,ПАО Сбербанк России,360,2026-06-18 11:12:27.291 +0300
"391f8308731bd4ce69f7dcd46a0391de",Южно,Новороссийск,Новороссийск м.о.,Комфорт,ССК,2026-04-29,квартира,4,28.64,4820484.00,168313.00,Отделка как доп. опция,ФЛ,Ипотека,ПАО Совкомбанк,0,2026-06-18 11:12:27.291 +0300
"657f63e930fe997bbb51f758ed370fb0",Кутузовский,Новороссийск,Новороссийск м.о.,Комфорт,МПМК Краснодарская-1,2026-04-30,квартира,16,48.67,8054940.00,159000.00,Без отделки,ФЛ,Ипотека,ПАО Сбербанк России,360,2026-06-18 11:12:27.291 +0300
"89f537fda6bcc1df310625c68de74f15",Корсаков,Анапа,Анапа м.о.,Комфорт,ССК,2026-04-30,апартаменты,3,22.97,19064030.00,373000.00,С отделкой и мебелью,ФЛ,Нет,,0,2026-06-18 11:12:27.291 +0300
fc98c3a43cd1680c1cb66c1523d44f4a,Дзенпарк,Марьянская ст.,Красноармейский м.о.,Комфорт,Средастрой,2026-04-30,квартира,3,24.00,2880000.00,120000.00,"Под чистовую, отделка как доп. опция",ФЛ,Ипотека,ПАО Сбербанк России,0,2026-06-18 11:12:27.291 +0300
"54d8db3c6f1f18c3cd3c93aa1ce1a529",Белые ночи,Сочи,Сочи г.о.,Бизнес+,PARAD DEVELOPMENT,2026-04-30,апартаменты,5,28.85,28120095.00,974700.00,С отделкой и мебелью,ФЛ,Нет,,0,2026-06-18 11:12:27.291 +0300
"54d8db3c6f1f18c3cd3c93aa1ce1a529",Белые ночи,Сочи,Сочи г.о.,Бизнес+,PARAD DEVELOPMENT,2026-04-30,апартаменты,5,29.99,29231253.00,974700.00,С отделкой и мебелью,ФЛ,Нет,,0,2026-06-18 11:12:27.291 +0300
"54d8db3c6f1f18c3cd3c93aa1ce1a529",Белые ночи,Сочи,Сочи г.о.,Бизнес+,PARAD DEVELOPMENT,2026-04-30,апартаменты,5,28.98,28246806.00,974700.00,С отделкой и мебелью,ФЛ,Нет,,0,2026-06-18 11:12:27.291 +0300
"54d8db3c6f1f18c3cd3c93aa1ce1a529",Белые ночи,Сочи,Сочи г.о.,Бизнес+,PARAD DEVELOPMENT,2026-04-30,апартаменты,5,29.94,29182518.00,974700.00,С отделкой и мебелью,ФЛ,Нет,,0,2026-06-18 11:12:27.291 +0300
"54d8db3c6f1f18c3cd3c93aa1ce1a529",Белые ночи,Сочи,Сочи г.о.,Бизнес+,PARAD DEVELOPMENT,2026-04-30,апартаменты,5,28.98,28246806.00,974700.00,С отделкой и мебелью,ФЛ,Нет,,0,2026-06-18 11:12:27.291 +0300
"54d8db3c6f1f18c3cd3c93aa1ce1a529",Белые ночи,Сочи,Сочи г.о.,Бизнес+,PARAD DEVELOPMENT,2026-04-30,апартаменты,6,28.85,28120095.00,974700.00,С отделкой и мебелью,ФЛ,Нет,,0,2026-06-18 11:12:27.291 +0300
"54d8db3c6f1f18c3cd3c93aa1ce1a529",Белые ночи,Сочи,Сочи г.о.,Бизнес+,PARAD DEVELOPMENT,2026-04-30,апартаменты,6,25.87,28246806.00,974700.00,С отделкой и мебелью,ФЛ,Нет,,0,2026-06-18 11:12:27.291 +0300
"54d8db3c6f1f18c3cd3c93aa1ce1a529",Белые ночи,Сочи,Сочи г.о.,Бизнес+,PARAD DEVELOPMENT,2026-04-30,апартаменты,6,29.99,29231253.00,974700.00,С отделкой и мебелью,ФЛ,Нет,,0,2026-06-18 11:12:27.291 +0300
"391f8308731bd4ce69f7dcd46a0391de",Южно,Мысхако с.,Новороссийск м.о.,Комфорт,ССК,2026-04-30,квартира,6,38.16,7593840.00,199000.00,Отделка как доп. опция,ФЛ,Ипотека,АО Альфа-Банк,0,2026-06-18 11:12:27.291 +0300
"391f8308731bd4ce69f7dcd46a0391de",Южно,Мысхако с.,Новороссийск м.о.,Комфорт,ССК,2026-04-30,квартира,3,28.64,5285683.00,184556.00,Отделка как доп. опция,ФЛ,Ипотека,ПАО Сбербанк России,0,2026-06-18 11:12:27.291 +0300
"391f8308731bd4ce69f7dcd46a0391de",Южно,Новороссийск,Новороссийск м.о.,Комфорт,ССК,2026-04-30,квартира,4,41.55,7271250.00,175000.00,Отделка как доп. опция,ФЛ,Ипотека,АО Альфа-Банк,0,2026-06-18 11:12:27.291 +0300
"391f8308731bd4ce69f7dcd46a0391de",Южно,Новороссийск,Новороссийск м.о.,Комфорт,ССК,2026-04-30,квартира,8,40.10,7578900.00,189000.00,Отделка как доп. опция,ФЛ,Ипотека,ПАО Совкомбанк,0,2026-06-18 11:12:27.291 +0300
"391f8308731bd4ce69f7dcd46a0391de",Южно,Новороссийск,Новороссийск м.о.,Комфорт,ССК,2026-05-03,квартира,3,28.64,4820484.00,168313.00,Отделка как доп. опция,ФЛ,Ипотека,ПАО Сбербанк России,0,2026-06-18 11:12:27.291 +0300
"77436a7722b713cff3de7d8e1397b4c2",Светский лес,Сочи,Сочи г.о.,Бизнес,Точно,2026-05-04,квартира,5,35.70,14933592.00,418307.91,Без отделки,ФЛ,Нет,,0,2026-06-18 11:12:27.291 +0300
d21921fe8bb3cacb784b2f956744d149,Золотой Берег,Новороссийск,Новороссийск м.о.,Бизнес,Средастрой,2026-05-04,квартира,14,91.42,17918320.00,196000.00,"Под чистовую, отделка как доп. опция",ФЛ,Нет,,0,2026-06-18 11:12:27.291 +0300
"45131c4ef8b37326fa1ad3d957bf531d",Усадьба Гостагаевская,Нижняя Гостагайка х.,Анапа м.о.,Бизнес-,ССК,2026-05-04,квартира,1,79.65,17523000.00,220000.00,Под чистовую и отделка как доп. опция,ЮЛ,Нет,,0,2026-06-18 11:12:27.291 +0300
"45131c4ef8b37326fa1ad3d957bf531d",Усадьба Гостагаевская,Нижняя Гостагайка х.,Анапа м.о.,Бизнес-,ССК,2026-05-04,квартира,1,58.23,13169250.00,225000.00,Под чистовую и отделка как доп. опция,ЮЛ,Нет,,0,2026-06-18 11:12:27.291 +0300
"45131c4ef8b37326fa1ad3d957bf531d",Усадьба Гостагаевская,Нижняя Гостагайка х.,Анапа м.о.,Бизнес-,ССК,2026-05-04,квартира,1,58.53,13169250.00,225000.00,Под чистовую и отделка как доп. опция,ЮЛ,Нет,,0,2026-06-18 11:12:27.291 +0300
"45131c4ef8b37326fa1ad3d957bf531d",Усадьба Гостагаевская,Нижняя Гостагайка х.,Анапа м.о.,Бизнес-,ССК,2026-05-04,квартира,1,63.84,14044800.00,220000.00,Под чистовую и отделка как доп. опция,ЮЛ,Нет,,0,2026-06-18 11:12:27.291 +0300
"45131c4ef8b37326fa1ad3d957bf531d",Усадьба Гостагаевская,Нижняя Гостагайка х.,Анапа м.о.,Бизнес-,ССК,2026-05-04,квартира,2,69.92,15732000.00,225000.00,Под чистовую и отделка как доп. опция,ЮЛ,Нет,,0,2026-06-18 11:12:27.291 +0300
"45131c4ef8b37326fa1ad3d957bf531d",Усадьба Гостагаевская,Нижняя Гостагайка х.,Анапа м.о.,Бизнес-,ССК,2026-05-04,квартира,1,50.60,11385000.00,225000.00,Под чистовую и отделка как доп. опция,ЮЛ,Нет,,0,2026-06-18 11:12:27.291 +0300
"45131c4ef8b37326fa1ad3d957bf531d",Усадьба Гостагаевская,Нижняя Гостагайка х.,Анапа м.о.,Бизнес-,ССК,2026-05-04,квартира,1,58.94,13261500.00,225000.00,Под чистовую и отделка как доп. опция,ЮЛ,Нет,,0,2026-06-18 11:12:27.291 +0300
"45131c4ef8b37326fa1ad3d957bf531d",Усадьба Гостагаевская,Нижняя Гостагайка х.,Анапа м.о.,Бизнес-,ССК,2026-05-04,квартира,1,81.18,17859600.00,220000.00,Под чистовую и отделка как доп. опция,ЮЛ,Нет,,0,2026-06-18 11:12:27.291 +0300
"45131c4ef8b37326fa1ad3d957bf531d",Усадьба Гостагаевская,Нижняя Гостагайка х.,Анапа м.о.,Бизнес-,ССК,2026-05-04,квартира,1,58.82,13234500.00,225000.00,Под чистовую и отделка как доп. опция,ЮЛ,Нет,,0,2026-06-18 11:12:27.291 +0300
"45131c4ef8b37326fa1ad3d957bf531d",Усадьба Гостагаевская,Нижняя Гостагайка х.,Анапа м.о.,Бизнес-,ССК,2026-05-04,квартира,1,73.06,16073200.00,220000.00,Под чистовую и отделка как доп. опция,ЮЛ,Нет,,0,2026-06-18 11:12:27.291 +0300
"45131c4ef8b37326fa1ad3d957bf531d",Усадьба Гостагаевская,Нижняя Гостагайка х.,Анапа м.о.,Бизнес-,ССК,2026-05-04,квартира,1,58.14,13081500.00,225000.00,Под чистовую и отделка как доп. опция,ЮЛ,Нет,,0,2026-06-18 11:12:27.291 +0300
"45131c4ef8b37326fa1ad3d957bf531d",Усадьба Гостагаевская,Нижняя Гостагайка х.,Анапа м.о.,Бизнес-,ССК,2026-05-04,квартира,1,51.79,11911700.00,230000.00,Под чистовую и отделка как доп. опция,ЮЛ,Нет,,0,2026-06-18 11:12:27.291 +0300
e7435571144b9a3d7cd4ab24dd71543f,На Высоком берегу,Анапа,Анапа м.о.,Бизнес,ССК,2026-05-04,квартира,2,52.60,0.00,0.00,Под чистовую,ЮЛ,Нет,,0,2026-06-18 11:12:27.291 +0300
e7435571144b9a3d7cd4ab24dd71543f,На Высоком берегу,Анапа,Анапа м.о.,Бизнес,ССК,2026-05-04,квартира,2,54.90,0.00,0.00,Под чистовую,ЮЛ,Нет,,0,2026-06-18 11:12:27.291 +0300
e7435571144b9a3d7cd4ab24dd71543f,На Высоком берегу,Анапа,Анапа м.о.,Бизнес,ССК,2026-05-04,квартира,2,55.75,0.00,0.00,Под чистовую,ЮЛ,Нет,,0,2026-06-18 11:12:27.291 +0300
e6633db8b4c0466143c3ba2ad76172f0,Лучи,Анапа,Анапа м.о.,Комфорт,ADM group / Вертикаль,2026-05-04,апартаменты,4,52.84,26876520.00,484000.00,С отделкой и мебелью,ФЛ,Нет,,0,2026-06-18 11:12:27.291 +0300
"9648a6234501850e715607d4d244b13a",Botanica Hills,Небуг с.,Туапсинский м.о.,Комфорт,Метрикс Develoрment,2026-05-04,квартира,9,28.64,8235720.00,287560.06,"Под чистовую, отделка как доп. опция",ФЛ,Ипотека,ПАО Сбербанк России,360,2026-06-18 11:12:27.291 +0300
e5e61a34deb4e2a00a451c3583de406d,Поляна Пик,Красная поляна пгт,Сочи г.о.,Элитный,МЕТРОПОЛИС,2026-05-04,апартаменты,3,47.30,49665000.00,1050000.00,С отделкой и мебелью,ФЛ,Нет,,0,2026-06-18 11:12:27.291 +0300
e5e61a34deb4e2a00a451c3583de406d,Поляна Пик,Красная поляна пгт,Сочи г.о.,Элитный,МЕТРОПОЛИС,2026-05-04,апартаменты,3,47.40,49770000.00,1050000.00,С отделкой и мебелью,ФЛ,Нет,,0,2026-06-18 11:12:27.291 +0300
"3b768d7a3423d87ca2500e86b3aa26e8",Мореград,Анапа,Анапа м.о.,Комфорт,ССК,2026-05-05,апартаменты,9,47.00,15792000.00,336000.00,С отделкой и мебелью,ФЛ,Ипотека,АО Альфа-Банк,0,2026-06-18 11:12:27.291 +0300
"441afa8fae5c94a584f16bc1baa6b237",Моренуар,Новороссийск,Новороссийск м.о.,Бизнес,Семья,2026-05-05,квартира,9,38.03,7864604.00,206800.00,Без отделки,ФЛ,Ипотека,ПАО Банк ВТБ,0,2026-06-18 11:12:27.291 +0300
"391f8308731bd4ce69f7dcd46a0391de",Южно,Мысхако с.,Новороссийск м.о.,Комфорт,ССК,2026-05-05,квартира,4,38.16,7059600.00,185000.00,Отделка как доп. опция,ФЛ,Ипотека,АО Альфа-Банк,312,2026-06-18 11:12:27.291 +0300
"18082a8dc54fc1d92036f82298474ddb",Лермонтов,Тамань,Темрюк м.о.,Комфорт,Каскад,2026-05-05,квартира,4,30.85,6478500.00,210000.00,"Под чистовую, отделка как доп. опция",ФЛ,Ипотека,ПАО Сбербанк России,0,2026-06-18 11:12:27.291 +0300
"77436a7722b713cff3de7d8e1397b4c2",Светский лес,Сочи,Сочи г.о.,Бизнес,Точно,2026-05-06,квартира,4,35.73,14946141.00,418307.91,Без отделки,ФЛ,Нет,,0,2026-06-18 11:12:27.291 +0300
"89f537fda6bcc1df310625c68de74f15",Корсаков,Анапа,Анапа м.о.,Комфорт,ССК,2026-05-06,апартаменты,5,31.41,10051200.00,320000.00,С отделкой и мебелью,ФЛ,Ипотека,АО Альфа-Банк,0,2026-06-18 11:12:27.291 +0300
"441afa8fae5c94a584f16bc1baa6b237",Моренуар,Новороссийск,Новороссийск м.о.,Бизнес,Семья,2026-05-07,квартира,4,36.17,7788544.00,204800.00,Без отделки,ФЛ,Нет,,0,2026-06-18 11:12:27.291 +0300
"391f8308731bd4ce69f7dcd46a0391de",Южно,Новороссийск,Новороссийск м.о.,Комфорт,ССК,2026-05-07,квартира,4,28.64,4820484.00,168313.00,Отделка как доп. опция,ФЛ,Ипотека,ПАО Сбербанк России,0,2026-06-18 11:12:27.291 +0300
"391f8308731bd4ce69f7dcd46a0391de",Южно,Новороссийск,Новороссийск м.о.,Комфорт,ССК,2026-05-07,квартира,2,28.64,4820484.00,168313.00,Отделка как доп. опция,ФЛ,Ипотека,АО Альфа-Банк,0,2026-06-18 11:12:27.291 +0300
"819feb88bb07781a939c05c5132e26b6",ЭВО,Новокубанск,Новокубанский г.о.,Комфорт,Лендекс,2026-05-07,квартира,4,31.50,3355380.00,106520.00,"Под чистовую, отделка как доп. опция",ФЛ,Ипотека,АО Альфа-Банк,360,2026-06-18 11:12:27.291 +0300
"77436a7722b713cff3de7d8e1397b4c2",Светский лес,Сочи,Сочи г.о.,Бизнес,Точно,2026-05-07,квартира,9,70.56,30792241.00,436397.98,Без отделки,ФЛ,Нет,,0,2026-06-18 11:12:27.291 +0300
"3b768d7a3423d87ca2500e86b3aa26e8",Мореград,Анапа,Анапа м.о.,Комфорт,ССК,2026-05-07,апартаменты,7,24.50,8820000.00,360000.00,С отделкой и мебелью,ФЛ,Ипотека,АО Альфа-Банк,0,2026-06-18 11:12:27.291 +0300
"2e950b4ca0aa9edccfc33804f92be08a",Сады у моря,Темрюк,Темрюк м.о.,Комфорт,Каскад,2026-05-08,квартира,4,58.64,9089200.00,155000.00,"Под чистовую, отделка как доп. опция",ФЛ,Ипотека,ПАО Сбербанк России,0,2026-06-18 11:12:27.291 +0300
"3b768d7a3423d87ca2500e86b3aa26e8",Мореград,Анапа,Анапа м.о.,Комфорт,ССК,2026-05-08,апартаменты,5,24.10,9037500.00,375000.00,С отделкой и мебелью,ФЛ,Ипотека,АО Альфа-Банк,0,2026-06-18 11:12:27.291 +0300
"3b768d7a3423d87ca2500e86b3aa26e8",Мореград,Анапа,Анапа м.о.,Комфорт,ССК,2026-05-08,апартаменты,7,27.60,10238716.00,370968.00,С отделкой и мебелью,ФЛ,Ипотека,АО Альфа-Банк,0,2026-06-18 11:12:27.291 +0300
ca5b2783e990164d4ead64f45c38ab5e,ЛОК ВЕРА,Сочи,Сочи г.о.,Бизнес+,ЛОК ВЕРА,2026-05-08,апартаменты,8,33.51,26137800.00,780000.00,С отделкой и мебелью,ФЛ,Нет,,0,2026-06-18 11:12:27.291 +0300
e6633db8b4c0466143c3ba2ad76172f0,Лучи,Анапа,Анапа м.о.,Комфорт,ADM group / Вертикаль,2026-05-08,апартаменты,2,33.75,22477500.00,666000.00,С отделкой и мебелью,ФЛ,Нет,,0,2026-06-18 11:12:27.291 +0300
e6633db8b4c0466143c3ba2ad76172f0,Лучи,Анапа,Анапа м.о.,Комфорт,ADM group / Вертикаль,2026-05-08,апартаменты,3,33.75,22477500.00,666000.00,С отделкой и мебелью,ФЛ,Нет,,0,2026-06-18 11:12:27.291 +0300
e6633db8b4c0466143c3ba2ad76172f0,Лучи,Анапа,Анапа м.о.,Комфорт,ADM group / Вертикаль,2026-05-08,апартаменты,3,31.33,21098880.00,666000.00,С отделкой и мебелью,ФЛ,Нет,,0,2026-06-18 11:12:27.291 +0300
e6633db8b4c0466143c3ba2ad76172f0,Лучи,Анапа,Анапа м.о.,Комфорт,ADM group / Вертикаль,2026-05-08,апартаменты,4,33.75,22477500.00,666000.00,С отделкой и мебелью,ФЛ,Нет,,0,2026-06-18 11:12:27.291 +0300
"5338417a484eca51d14d28b59e51946f",История-3,Южный п.,Динской м.о.,Комфорт,НВМ,2026-05-11,квартира,4,55.75,9198750.00,165000.00,Под чистовую,ФЛ,Ипотека,ПАО Сбербанк России,0,2026-06-18 11:12:27.291 +0300
"3b768d7a3423d87ca2500e86b3aa26e8",Мореград,Анапа,Анапа м.о.,Комфорт,ССК,2026-05-12,апартаменты,2,47.00,14664000.00,312000.00,С отделкой и мебелью,ФЛ,Ипотека,АО Альфа-Банк,0,2026-06-18 11:12:27.291 +0300
"89f537fda6bcc1df310625c68de74f15",Корсаков,Анапа,Анапа м.о.,Комфорт,ССК,2026-05-12,апартаменты,3,39.22,14629060.00,373000.00,С отделкой и мебелью,ФЛ,Нет,,0,2026-06-18 11:12:27.291 +0300
"9648a6234501850e715607d4d244b13a",Botanica Hills,Небуг с.,Туапсинский м.о.,Комфорт,Метрикс Develoрment,2026-05-12,квартира,18,38.39,12836999.00,334383.95,"Под чистовую, отделка как доп. опция",ФЛ,Нет,,0,2026-06-18 11:12:27.291 +0300
de2aa2f5a366bc2350a3e192512ea3e6,Цветной бульвар,Северская ст-ца,Северский м.о.,Комфорт,Точно,2026-05-12,нежилое помещение,-1,3.25,0.00,0.00,"Под чистовую, отделка как доп. опция",ФЛ,Нет,,0,2026-06-18 11:12:27.291 +0300
e6633db8b4c0466143c3ba2ad76172f0,Лучи,Анапа,Анапа м.о.,Комфорт,ADM group / Вертикаль,2026-05-12,апартаменты,3,49.96,28361100.00,510000.00,С отделкой и мебелью,ФЛ,Нет,,0,2026-06-18 11:12:27.291 +0300
e6633db8b4c0466143c3ba2ad76172f0,Лучи,Анапа,Анапа м.о.,Комфорт,ADM group / Вертикаль,2026-05-12,апартаменты,6,67.84,29636700.00,446000.00,С отделкой и мебелью,ФЛ,Нет,,0,2026-06-18 11:12:27.291 +0300
e7435571144b9a3d7cd4ab24dd71543f,На Высоком берегу,Анапа,Анапа м.о.,Бизнес,ССК,2026-05-12,квартира,3,37.50,11677312.00,311395.00,Под чистовую,ФЛ,Нет,,0,2026-06-18 11:12:27.291 +0300
"71fa66dc65922c6a4364c32224375107",Центральный (Анапа),Анапа,Анапа м.о.,Комфорт,Гамма,2026-05-13,квартира,13,42.12,11161800.00,265000.00,Под чистовую и отделка как доп. опция,ФЛ,Нет,,0,2026-06-18 11:12:27.291 +0300
"9648a6234501850e715607d4d244b13a",Botanica Hills,Небуг с.,Туапсинский м.о.,Комфорт,Метрикс Develoрment,2026-05-13,квартира,9,38.52,11093760.00,288000.00,"Под чистовую, отделка как доп. опция",ФЛ,Нет,,0,2026-06-18 11:12:27.291 +0300
d21921fe8bb3cacb784b2f956744d149,Золотой Берег,Новороссийск,Новороссийск м.о.,Бизнес,Средастрой,2026-05-13,квартира,5,91.42,17461220.00,191000.00,"Под чистовую, отделка как доп. опция",ФЛ,Нет,,0,2026-06-18 11:12:27.291 +0300
d21921fe8bb3cacb784b2f956744d149,Золотой Берег,Новороссийск,Новороссийск м.о.,Бизнес,Средастрой,2026-05-13,квартира,9,65.84,14550640.00,221000.00,"Под чистовую, отделка как доп. опция",ФЛ,Нет,,0,2026-06-18 11:12:27.291 +0300
d21921fe8bb3cacb784b2f956744d149,Золотой Берег,Новороссийск,Новороссийск м.о.,Бизнес,Средастрой,2026-05-13,квартира,10,90.92,17820320.00,196000.00,"Под чистовую, отделка как доп. опция",ФЛ,Нет,,0,2026-06-18 11:12:27.291 +0300
d21921fe8bb3cacb784b2f956744d149,Золотой Берег,Новороссийск,Новороссийск м.о.,Бизнес,Средастрой,2026-05-13,квартира,14,86.95,17918320.00,196000.00,"Под чистовую, отделка как доп. опция",ФЛ,Нет,,0,2026-06-18 11:12:27.291 +0300
d21921fe8bb3cacb784b2f956744d149,Золотой Берег,Новороссийск,Новороссийск м.о.,Бизнес,Средастрой,2026-05-13,квартира,15,65.84,14550640.00,221000.00,"Под чистовую, отделка как доп. опция",ФЛ,Нет,,0,2026-06-18 11:12:27.291 +0300
"31e0758c3451b2b96255a4bdb4317e3b",Суворов,Кропоткин,Кропоткинский м.о.,Комфорт,Победа,2026-05-13,квартира,7,87.37,8685539.00,99411.00,"Под чистовую, отделка как доп. опция",ФЛ,Нет,,0,2026-06-18 11:12:27.291 +0300
"31e0758c3451b2b96255a4bdb4317e3b",Суворов,Кропоткин,Кропоткинский м.о.,Комфорт,Победа,2026-05-13,квартира,7,23.88,2388000.00,100000.00,"Под чистовую, отделка как доп. опция",ФЛ,Нет,,0,2026-06-18 11:12:27.291 +0300
"12054ab7fd7e8f66e6d9382e72dec615",Мандарин Гарден,Сочи,Сочи г.о.,Премиум,Солнечный луч,2026-05-13,апартаменты,3,55.70,77980000.00,1400000.00,С отделкой и мебелью,ФЛ,Нет,,0,2026-06-18 11:12:27.291 +0300
"5338417a484eca51d14d28b59e51946f",История-3,Южный п.,Динской м.о.,Комфорт,НВМ,2026-05-13,квартира,5,54.22,9198750.00,165000.00,Под чистовую,ФЛ,Ипотека,ПАО Сбербанк России,0,2026-06-18 11:12:27.291 +0300
"35a72d196e250ef1eb9982bb9c378ef1",Сиалия,Сочи,Сочи г.о.,Бизнес+,GRAVION,2026-05-13,апартаменты,4,32.32,39225801.00,1213669.59,С отделкой и мебелью,ФЛ,Нет,,0,2026-06-18 11:12:27.291 +0300
"35a72d196e250ef1eb9982bb9c378ef1",Сиалия,Сочи,Сочи г.о.,Бизнес+,GRAVION,2026-05-13,апартаменты,4,32.42,39347168.00,1213669.59,С отделкой и мебелью,ФЛ,Нет,,0,2026-06-18 11:12:27.291 +0300
"35a72d196e250ef1eb9982bb9c378ef1",Сиалия,Сочи,Сочи г.о.,Бизнес+,GRAVION,2026-05-13,апартаменты,4,30.76,32867737.00,1068522.01,С отделкой и мебелью,ФЛ,Нет,,0,2026-06-18 11:12:27.291 +0300
"77436a7722b713cff3de7d8e1397b4c2",Светский лес,Сочи,Сочи г.о.,Бизнес,Точно,2026-05-13,квартира,6,71.34,30164261.00,422823.96,Без отделки,ФЛ,Нет,,0,2026-06-18 11:12:27.291 +0300
"3b768d7a3423d87ca2500e86b3aa26e8",Мореград,Анапа,Анапа м.о.,Комфорт,ССК,2026-05-14,апартаменты,9,24.10,9037500.00,375000.00,С отделкой и мебелью,ФЛ,Ипотека,ПАО Сбербанк России,0,2026-06-18 11:12:27.291 +0300
"114265fbbd12eef28cca19fc11278cc4",Город у моря,Новороссийск,Новороссийск м.о.,Комфорт,ВКБ-Новостройки,2026-05-14,квартира,2,59.83,9214000.00,154003.01,С отделкой,ФЛ,Ипотека,ПАО Сбербанк России,360,2026-06-18 11:12:27.291 +0300
"114265fbbd12eef28cca19fc11278cc4",Город у моря,Новороссийск,Новороссийск м.о.,Комфорт,ВКБ-Новостройки,2026-05-14,квартира,11,83.39,11148152.00,129690.00,С отделкой,ФЛ,Ипотека,Кубань Кредит,240,2026-06-18 11:12:27.291 +0300
ca5b2783e990164d4ead64f45c38ab5e,ЛОК ВЕРА,Сочи,Сочи г.о.,Бизнес+,ЛОК ВЕРА,2026-05-14,апартаменты,8,34.61,26995800.00,780000.00,С отделкой и мебелью,ФЛ,Нет,,0,2026-06-18 11:12:27.291 +0300
e7435571144b9a3d7cd4ab24dd71543f,На Высоком берегу,Анапа,Анапа м.о.,Бизнес,ССК,2026-05-14,квартира,11,38.00,11833010.00,311395.00,Под чистовую,ФЛ,Нет,,0,2026-06-18 11:12:27.291 +0300
e7435571144b9a3d7cd4ab24dd71543f,На Высоком берегу,Анапа,Анапа м.о.,Бизнес,ССК,2026-05-14,квартира,11,52.50,0.00,0.00,Под чистовую,ФЛ,Нет,,0,2026-06-18 11:12:27.291 +0300
"77436a7722b713cff3de7d8e1397b4c2",Светский лес,Сочи,Сочи г.о.,Бизнес,Точно,2026-05-14,квартира,10,85.63,37300999.00,470437.63,Без отделки,ФЛ,Ипотека,ПАО Совкомбанк,240,2026-06-18 11:12:27.291 +0300
"77436a7722b713cff3de7d8e1397b4c2",Светский лес,Сочи,Сочи г.о.,Бизнес,Точно,2026-05-14,квартира,5,60.65,24643000.00,436391.00,Без отделки,ФЛ,Ипотека,ПАО Сбербанк России,240,2026-06-18 11:12:27.291 +0300
"657f63e930fe997bbb51f758ed370fb0",Кутузовский,Новороссийск,Новороссийск м.о.,Комфорт,МПМК Краснодарская-1,2026-05-14,квартира,5,68.63,10088610.00,147000.00,Без отделки,ФЛ,Ипотека,АО Альфа-Банк,360,2026-06-18 11:12:27.291 +0300
e5e61a34deb4e2a00a451c3583de406d,Поляна Пик,Красная поляна пгт,Сочи г.о.,Элитный,МЕТРОПОЛИС,2026-05-14,апартаменты,1,47.40,54510000.00,1150000.00,С отделкой и мебелью,ФЛ,Нет,,0,2026-06-18 11:12:27.291 +0300
"89f537fda6bcc1df310625c68de74f15",Корсаков,Анапа,Анапа м.о.,Комфорт,ССК,2026-05-15,апартаменты,7,22.97,19830680.00,388000.00,С отделкой и мебелью,ФЛ,Ипотека,ПАО Сбербанк России,0,2026-06-18 11:12:27.291 +0300
"391f8308731bd4ce69f7dcd46a0391de",Южно,Мысхако с.,Новороссийск м.о.,Комфорт,ССК,2026-05-15,квартира,8,41.96,8350040.00,199000.00,Отделка как доп. опция,ФЛ,Ипотека,АО Альфа-Банк,0,2026-06-18 11:12:27.291 +0300
"114265fbbd12eef28cca19fc11278cc4",Город у моря,Новороссийск,Новороссийск м.о.,Комфорт,ВКБ-Новостройки,2026-05-15,квартира,13,30.35,6786000.00,223591.43,С отделкой,ФЛ,Ипотека,Кубань Кредит,0,2026-06-18 11:12:27.291 +0300
e6633db8b4c0466143c3ba2ad76172f0,Лучи,Анапа,Анапа м.о.,Комфорт,ADM group / Вертикаль,2026-05-15,апартаменты,4,29.30,17453040.00,601000.00,С отделкой и мебелью,ФЛ,Нет,,0,2026-06-18 11:12:27.291 +0300
"391f8308731bd4ce69f7dcd46a0391de",Южно,Новороссийск,Новороссийск м.о.,Комфорт,ССК,2026-05-16,квартира,8,28.64,4820885.00,168327.00,Отделка как доп. опция,ФЛ,Ипотека,ПАО Сбербанк России,0,2026-06-18 11:12:27.291 +0300
"89f537fda6bcc1df310625c68de74f15",Корсаков,Анапа,Анапа м.о.,Комфорт,ССК,2026-05-18,апартаменты,8,54.28,18455200.00,340000.00,С отделкой и мебелью,ФЛ,Ипотека,ПАО Сбербанк России,0,2026-06-18 11:12:27.291 +0300
"441afa8fae5c94a584f16bc1baa6b237",Моренуар,Новороссийск,Новороссийск м.о.,Бизнес,Семья,2026-05-18,квартира,3,24.16,6291264.00,260400.00,Под чистовую,ФЛ,Ипотека,ПАО Банк ВТБ,362,2026-06-18 11:12:27.291 +0300
"391f8308731bd4ce69f7dcd46a0391de",Южно,Новороссийск,Новороссийск м.о.,Комфорт,ССК,2026-05-18,квартира,5,28.64,4820885.00,168327.00,Отделка как доп. опция,ФЛ,Ипотека,ПАО Совкомбанк,0,2026-06-18 11:12:27.291 +0300
"54d8db3c6f1f18c3cd3c93aa1ce1a529",Белые ночи,Сочи,Сочи г.о.,Бизнес+,PARAD DEVELOPMENT,2026-05-18,апартаменты,7,54.42,51045960.00,938000.00,С отделкой и мебелью,ФЛ,Нет,,0,2026-06-18 11:12:27.291 +0300
e7435571144b9a3d7cd4ab24dd71543f,На Высоком берегу,Анапа,Анапа м.о.,Бизнес,ССК,2026-05-18,квартира,12,58.25,18149884.00,311586.00,Под чистовую,ФЛ,Нет,,0,2026-06-18 11:12:27.291 +0300
"9648a6234501850e715607d4d244b13a",Botanica Hills,Небуг с.,Туапсинский м.о.,Комфорт,Метрикс Develoрment,2026-05-18,квартира,7,31.49,8818000.00,280025.40,"Под чистовую, отделка как доп. опция",ФЛ,Нет,,0,2026-06-18 11:12:27.291 +0300
eca274b3055109ce9b54226b337d8781,Императорский парк,Анапа,Анапа м.о.,Комфорт,ОБД-Инвест,2026-05-18,квартира,12,65.40,12250008.00,187309.00,Под чистовую и отделка как доп. опция,ФЛ,Ипотека,Кубань Кредит,240,2026-06-18 11:12:27.291 +0300
f158b53bd4c44a603ef7f54d61d1f267,Море тут,Голубицкая ст-ца,Темрюк м.о.,Бизнес,Каскад,2026-05-18,апартаменты,5,38.50,11165000.00,290000.00,"С отделкой, мебель как доп. опция",ФЛ,Нет,,0,2026-06-18 11:12:27.291 +0300
"018074db013670b10cd1d3367521d2a2",Барса,Новороссийск,Новороссийск м.о.,Бизнес,Точно,2026-05-19,квартира,3,62.90,13560000.00,225249.17,Под чистовую и отделка как доп. опция,ФЛ,Нет,,0,2026-06-18 11:12:27.291 +0300
e5e61a34deb4e2a00a451c3583de406d,Поляна Пик,Красная поляна пгт,Сочи г.о.,Элитный,МЕТРОПОЛИС,2026-05-19,апартаменты,9,47.20,63720000.00,1350000.00,С отделкой и мебелью,ФЛ,Нет,,0,2026-06-18 11:12:27.291 +0300
"441afa8fae5c94a584f16bc1baa6b237",Моренуар,Новороссийск,Новороссийск м.о.,Бизнес,Семья,2026-05-19,нежилое помещение,1,22.82,0.00,0.00,Под чистовую,ФЛ,Нет,,0,2026-06-18 11:12:27.291 +0300
"54d8db3c6f1f18c3cd3c93aa1ce1a529",Белые ночи,Сочи,Сочи г.о.,Бизнес+,PARAD DEVELOPMENT,2026-05-19,апартаменты,4,28.85,27975845.00,969700.00,С отделкой и мебелью,ФЛ,Нет,,0,2026-06-18 11:12:27.291 +0300
"54d8db3c6f1f18c3cd3c93aa1ce1a529",Белые ночи,Сочи,Сочи г.о.,Бизнес+,PARAD DEVELOPMENT,2026-05-19,апартаменты,5,51.79,45911835.00,886500.00,С отделкой и мебелью,ФЛ,Нет,,0,2026-06-18 11:12:27.291 +0300
ca5b2783e990164d4ead64f45c38ab5e,ЛОК ВЕРА,Сочи,Сочи г.о.,Бизнес+,ЛОК ВЕРА,2026-05-19,апартаменты,3,33.80,25350000.00,750000.00,С отделкой и мебелью,ФЛ,Нет,,0,2026-06-18 11:12:27.291 +0300
ca5b2783e990164d4ead64f45c38ab5e,ЛОК ВЕРА,Сочи,Сочи г.о.,Бизнес+,ЛОК ВЕРА,2026-05-19,апартаменты,3,33.51,25132500.00,750000.00,С отделкой и мебелью,ФЛ,Нет,,0,2026-06-18 11:12:27.291 +0300
e7435571144b9a3d7cd4ab24dd71543f,На Высоком берегу,Анапа,Анапа м.о.,Бизнес,ССК,2026-05-19,квартира,9,38.00,11833010.00,311395.00,Под чистовую,ФЛ,Нет,,0,2026-06-18 11:12:27.291 +0300
e7435571144b9a3d7cd4ab24dd71543f,На Высоком берегу,Анапа,Анапа м.о.,Бизнес,ССК,2026-05-19,квартира,12,52.50,16936027.00,322591.00,Под чистовую,ФЛ,Нет,,0,2026-06-18 11:12:27.291 +0300
"114265fbbd12eef28cca19fc11278cc4",Город у моря,Новороссийск,Новороссийск м.о.,Комфорт,ВКБ-Новостройки,2026-05-19,квартира,1,64.66,9379740.00,141006.31,С отделкой,ФЛ,Нет,,0,2026-06-18 11:12:27.291 +0300
"114265fbbd12eef28cca19fc11278cc4",Город у моря,Новороссийск,Новороссийск м.о.,Комфорт,ВКБ-Новостройки,2026-05-19,квартира,4,59.83,9154000.00,153000.17,С отделкой,ФЛ,Ипотека,ПАО Сбербанк России,360,2026-06-18 11:12:27.291 +0300
"9648a6234501850e715607d4d244b13a",Botanica Hills,Небуг с.,Туапсинский м.о.,Комфорт,Метрикс Develoрment,2026-05-19,квартира,4,34.83,9578250.00,275000.00,"Под чистовую, отделка как доп. опция",ФЛ,Нет,,0,2026-06-18 11:12:27.291 +0300
de2aa2f5a366bc2350a3e192512ea3e6,Цветной бульвар,Северская ст-ца,Северский м.о.,Комфорт,Точно,2026-05-20,квартира,4,74.42,6697800.00,90000.00,"Под чистовую, отделка как доп. опция",ФЛ,Ипотека,ПАО Сбербанк России,0,2026-06-18 11:12:27.291 +0300
eca274b3055109ce9b54226b337d8781,Императорский парк,Анапа,Анапа м.о.,Комфорт,ОБД-Инвест,2026-05-20,квартира,13,65.40,12250008.00,187309.00,Под чистовую и отделка как доп. опция,ФЛ,Ипотека,ПАО Сбербанк России,0,2026-06-18 11:12:27.291 +0300
eca274b3055109ce9b54226b337d8781,Императорский парк,Анапа,Анапа м.о.,Комфорт,ОБД-Инвест,2026-05-20,квартира,14,66.10,14689997.00,222239.00,Под чистовую и отделка как доп. опция,ФЛ,Нет,,0,2026-06-18 11:12:27.291 +0300
"114265fbbd12eef28cca19fc11278cc4",Город у моря,Новороссийск,Новороссийск м.о.,Комфорт,ВКБ-Новостройки,2026-05-20,квартира,1,60.07,8890965.00,148010.07,С отделкой,ФЛ,Ипотека,ПАО Сбербанк России,360,2026-06-18 11:12:27.291 +0300
"114265fbbd12eef28cca19fc11278cc4",Город у моря,Новороссийск,Новороссийск м.о.,Комфорт,ВКБ-Новостройки,2026-05-20,квартира,6,59.83,9184000.00,153501.59,С отделкой,ФЛ,Ипотека,ПАО Сбербанк России,0,2026-06-18 11:12:27.291 +0300
"441afa8fae5c94a584f16bc1baa6b237",Моренуар,Новороссийск,Новороссийск м.о.,Бизнес,Семья,2026-05-20,нежилое помещение,1,66.44,0.00,0.00,Под чистовую,ФЛ,Нет,,0,2026-06-18 11:12:27.291 +0300
"391f8308731bd4ce69f7dcd46a0391de",Южно,Новороссийск,Новороссийск м.о.,Комфорт,ССК,2026-05-20,квартира,6,41.96,7930440.00,189000.00,Отделка как доп. опция,ФЛ,Ипотека,ПАО Совкомбанк,0,2026-06-18 11:12:27.291 +0300
"77436a7722b713cff3de7d8e1397b4c2",Светский лес,Сочи,Сочи г.о.,Бизнес,Точно,2026-05-21,квартира,6,73.15,30929572.00,422823.96,Без отделки,ФЛ,Ипотека,ПАО Сбербанк России,276,2026-06-18 11:12:27.291 +0300
"441afa8fae5c94a584f16bc1baa6b237",Моренуар,Новороссийск,Новороссийск м.о.,Бизнес,Семья,2026-05-21,нежилое помещение,0,41.91,0.00,0.00,Без отделки,ФЛ,Ипотека,ООО СЗ СЕМЬЯ-НОВОРОССИЙСК-2,0,2026-06-18 11:12:27.291 +0300
"54d8db3c6f1f18c3cd3c93aa1ce1a529",Белые ночи,Сочи,Сочи г.о.,Бизнес+,PARAD DEVELOPMENT,2026-05-21,апартаменты,6,41.54,38736050.00,932500.00,С отделкой и мебелью,ФЛ,Нет,,0,2026-06-18 11:12:27.291 +0300
"391f8308731bd4ce69f7dcd46a0391de",Южно,Мысхако с.,Новороссийск м.о.,Комфорт,ССК,2026-05-21,квартира,6,28.64,6157600.00,215000.00,Отделка как доп. опция,ФЛ,Ипотека,ПАО Сбербанк России,0,2026-06-18 11:12:27.291 +0300
e6633db8b4c0466143c3ba2ad76172f0,Лучи,Анапа,Анапа м.о.,Комфорт,ADM group / Вертикаль,2026-05-21,апартаменты,6,50.25,26708700.00,510000.00,С отделкой и мебелью,ФЛ,Нет,,0,2026-06-18 11:12:27.291 +0300
"1deed4029fc2ec67c021fcacf049861a",Ливингстон / Livingston,Сочи,Сочи г.о.,Элитный,СОЧИОЙЛСТРОЙ,2026-05-21,апартаменты,8,23.40,42942586.00,1835153.25,С отделкой и мебелью,ЮЛ,Нет,,0,2026-06-18 11:12:27.291 +0300
"1deed4029fc2ec67c021fcacf049861a",Ливингстон / Livingston,Сочи,Сочи г.о.,Элитный,СОЧИОЙЛСТРОЙ,2026-05-21,апартаменты,8,23.40,42942586.00,1835153.25,С отделкой и мебелью,ЮЛ,Нет,,0,2026-06-18 11:12:27.291 +0300
"1deed4029fc2ec67c021fcacf049861a",Ливингстон / Livingston,Сочи,Сочи г.о.,Элитный,СОЧИОЙЛСТРОЙ,2026-05-21,апартаменты,8,23.20,42575555.00,1835153.23,С отделкой и мебелью,ЮЛ,Нет,,0,2026-06-18 11:12:27.291 +0300
"1deed4029fc2ec67c021fcacf049861a",Ливингстон / Livingston,Сочи,Сочи г.о.,Элитный,СОЧИОЙЛСТРОЙ,2026-05-21,апартаменты,8,20.30,37253610.00,1835153.25,С отделкой и мебелью,ЮЛ,Нет,,0,2026-06-18 11:12:27.291 +0300
"1deed4029fc2ec67c021fcacf049861a",Ливингстон / Livingston,Сочи,Сочи г.о.,Элитный,СОЧИОЙЛСТРОЙ,2026-05-21,апартаменты,8,20.30,37253610.00,1835153.25,С отделкой и мебелью,ЮЛ,Нет,,0,2026-06-18 11:12:27.291 +0300
"1deed4029fc2ec67c021fcacf049861a",Ливингстон / Livingston,Сочи,Сочи г.о.,Элитный,СОЧИОЙЛСТРОЙ,2026-05-21,апартаменты,8,20.30,37253610.00,1835153.25,С отделкой и мебелью,ЮЛ,Нет,,0,2026-06-18 11:12:27.291 +0300
"1deed4029fc2ec67c021fcacf049861a",Ливингстон / Livingston,Сочи,Сочи г.о.,Элитный,СОЧИОЙЛСТРОЙ,2026-05-21,апартаменты,8,20.30,37253610.00,1835153.25,С отделкой и мебелью,ЮЛ,Нет,,0,2026-06-18 11:12:27.291 +0300
"1deed4029fc2ec67c021fcacf049861a",Ливингстон / Livingston,Сочи,Сочи г.о.,Элитный,СОЧИОЙЛСТРОЙ,2026-05-21,апартаменты,8,20.30,37253610.00,1835153.25,С отделкой и мебелью,ЮЛ,Нет,,0,2026-06-18 11:12:27.291 +0300
"1deed4029fc2ec67c021fcacf049861a",Ливингстон / Livingston,Сочи,Сочи г.о.,Элитный,СОЧИОЙЛСТРОЙ,2026-05-21,апартаменты,8,20.30,37253610.00,1835153.25,С отделкой и мебелью,ЮЛ,Нет,,0,2026-06-18 11:12:27.291 +0300
"2e950b4ca0aa9edccfc33804f92be08a",Сады у моря,Темрюк,Темрюк м.о.,Комфорт,Каскад,2026-05-21,квартира,7,41.05,6568000.00,160000.00,"Под чистовую, отделка как доп. опция",ФЛ,Ипотека,ПАО Сбербанк России,360,2026-06-18 11:12:27.291 +0300
ecdd2060c65010326879068843af8e13,Хозяин морей,Анапа,Анапа м.о.,Бизнес,Точно,2026-05-22,квартира,4,38.00,9477000.00,262520.78,Под чистовую и отделка как доп. опция,ФЛ,Ипотека,ПАО Сбербанк России,0,2026-06-18 11:12:27.291 +0300
fc98c3a43cd1680c1cb66c1523d44f4a,Дзенпарк,Марьянская ст.,Красноармейский м.о.,Комфорт,Средастрой,2026-05-22,квартира,4,20.10,2412000.00,120000.00,"Под чистовую, отделка как доп. опция",ФЛ,Ипотека,АО Альфа-Банк,0,2026-06-18 11:12:27.291 +0300
"12054ab7fd7e8f66e6d9382e72dec615",Мандарин Гарден,Сочи,Сочи г.о.,Премиум,Солнечный луч,2026-05-22,апартаменты,2,55.70,75195000.00,1350000.00,С отделкой и мебелью,ФЛ,Нет,,0,2026-06-18 11:12:27.291 +0300
"441afa8fae5c94a584f16bc1baa6b237",Моренуар,Новороссийск,Новороссийск м.о.,Бизнес,Семья,2026-05-22,квартира,6,40.71,8451396.00,207600.00,Без отделки,ФЛ,Ипотека,ПАО Банк ВТБ,0,2026-06-18 11:12:27.291 +0300
"441afa8fae5c94a584f16bc1baa6b237",Моренуар,Новороссийск,Новороссийск м.о.,Бизнес,Семья,2026-05-22,квартира,2,21.65,5590200.00,231000.00,Без отделки,ФЛ,Ипотека,АО Банк Дом.РФ,360,2026-06-18 11:12:27.291 +0300
"114265fbbd12eef28cca19fc11278cc4",Город у моря,Новороссийск,Новороссийск м.о.,Комфорт,ВКБ-Новостройки,2026-05-22,квартира,5,57.32,9364000.00,156510.11,С отделкой,ФЛ,Ипотека,ПАО Сбербанк России,360,2026-06-18 11:12:27.291 +0300
"31e0758c3451b2b96255a4bdb4317e3b",Суворов,Кропоткин,Кропоткинский м.о.,Комфорт,Победа,2026-05-22,квартира,1,22.85,2285000.00,100000.00,"Под чистовую, отделка как доп. опция",ФЛ,Нет,,0,2026-06-18 11:12:27.291 +0300
"83e4b77e4c81fe02646c0317f082a5b3",Эден / Eden Family Hotel,Анапа,Анапа м.о.,Комфорт,Развитие,2026-05-22,апартаменты,4,31.50,6927889.00,219933.00,С отделкой и мебелью,ФЛ,Ипотека,ПАО Сбербанк России,0,2026-06-18 11:12:27.291 +0300
"114265fbbd12eef28cca19fc11278cc4",Город у моря,Новороссийск,Новороссийск м.о.,Комфорт,ВКБ-Новостройки,2026-05-23,квартира,3,57.32,9394000.00,157011.53,С отделкой,ФЛ,Ипотека,ПАО Сбербанк России,0,2026-06-18 11:12:27.291 +0300
e7435571144b9a3d7cd4ab24dd71543f,На Высоком берегу,Анапа,Анапа м.о.,Бизнес,ССК,2026-05-25,квартира,8,38.60,12159000.00,315000.00,Под чистовую,ФЛ,Нет,,0,2026-06-18 11:12:27.291 +0300
"114265fbbd12eef28cca19fc11278cc4",Город у моря,Новороссийск,Новороссийск м.о.,Комфорт,ВКБ-Новостройки,2026-05-25,квартира,4,57.32,9034000.00,150994.48,С отделкой,ФЛ,Ипотека,ПАО Сбербанк России,0,2026-06-18 11:12:27.291 +0300
"77436a7722b713cff3de7d8e1397b4c2",Светский лес,Сочи,Сочи г.о.,Бизнес,Точно,2026-05-26,квартира,5,61.43,26802459.00,436308.96,Без отделки,ФЛ,Ипотека,ПАО Сбербанк России,240,2026-06-18 11:12:27.291 +0300
"77436a7722b713cff3de7d8e1397b4c2",Светский лес,Сочи,Сочи г.о.,Бизнес,Точно,2026-05-26,квартира,10,36.63,16398000.00,447665.85,Без отделки,ФЛ,Нет,,0,2026-06-18 11:12:27.291 +0300
"391f8308731bd4ce69f7dcd46a0391de",Южно,Новороссийск,Новороссийск м.о.,Комфорт,ССК,2026-05-26,квартира,4,63.67,10505550.00,165000.00,Отделка как доп. опция,ФЛ,Ипотека,ПАО Сбербанк России,0,2026-06-18 11:12:27.291 +0300
"391f8308731bd4ce69f7dcd46a0391de",Южно,Новороссийск,Новороссийск м.о.,Комфорт,ССК,2026-05-26,квартира,3,40.10,7017500.00,175000.00,Отделка как доп. опция,ФЛ,Ипотека,ПАО Сбербанк России,0,2026-06-18 11:12:27.291 +0300
e6633db8b4c0466143c3ba2ad76172f0,Лучи,Анапа,Анапа м.о.,Комфорт,ADM group / Вертикаль,2026-05-26,апартаменты,4,27.63,18588930.00,601000.00,С отделкой и мебелью,ФЛ,Нет,,0,2026-06-18 11:12:27.291 +0300
d21921fe8bb3cacb784b2f956744d149,Золотой Берег,Новороссийск,Новороссийск м.о.,Бизнес,Средастрой,2026-05-26,квартира,7,82.79,16226840.00,196000.00,"Под чистовую, отделка как доп. опция",ФЛ,Ипотека,ПАО Сбербанк России,0,2026-06-18 11:12:27.291 +0300
"31e0758c3451b2b96255a4bdb4317e3b",Суворов,Кропоткин,Кропоткинский м.о.,Комфорт,Победа,2026-05-26,квартира,7,22.85,2621077.00,114708.00,"Под чистовую, отделка как доп. опция",ФЛ,Ипотека,ПАО Сбербанк России,0,2026-06-18 11:12:27.291 +0300
"2e950b4ca0aa9edccfc33804f92be08a",Сады у моря,Темрюк,Темрюк м.о.,Комфорт,Каскад,2026-05-27,квартира,7,46.58,6521200.00,140000.00,"Под чистовую, отделка как доп. опция",ФЛ,Ипотека,ПАО Сбербанк России,0,2026-06-18 11:12:27.291 +0300
"2e950b4ca0aa9edccfc33804f92be08a",Сады у моря,Темрюк,Темрюк м.о.,Комфорт,Каскад,2026-05-27,квартира,3,30.56,5042400.00,165000.00,"Под чистовую, отделка как доп. опция",ФЛ,Ипотека,ПАО Сбербанк России,0,2026-06-18 11:12:27.291 +0300
"2e950b4ca0aa9edccfc33804f92be08a",Сады у моря,Темрюк,Темрюк м.о.,Комфорт,Каскад,2026-05-27,квартира,6,31.27,5159550.00,165000.00,"Под чистовую, отделка как доп. опция",ФЛ,Ипотека,ПАО Сбербанк России,360,2026-06-18 11:12:27.291 +0300
"391f8308731bd4ce69f7dcd46a0391de",Южно,Новороссийск,Новороссийск м.о.,Комфорт,ССК,2026-05-27,квартира,3,28.64,5871200.00,205000.00,Отделка как доп. опция,ФЛ,Ипотека,ПАО Сбербанк России,0,2026-06-18 11:12:27.291 +0300
e7435571144b9a3d7cd4ab24dd71543f,На Высоком берегу,Анапа,Анапа м.о.,Бизнес,ССК,2026-05-27,квартира,6,57.20,17160000.00,300000.00,Под чистовую,ЮЛ,Нет,,0,2026-06-18 11:12:27.291 +0300
"3b768d7a3423d87ca2500e86b3aa26e8",Мореград,Анапа,Анапа м.о.,Комфорт,ССК,2026-05-27,апартаменты,2,23.70,8650500.00,365000.00,С отделкой и мебелью,ФЛ,Ипотека,ПАО Сбербанк России,0,2026-06-18 11:12:27.291 +0300
"114265fbbd12eef28cca19fc11278cc4",Город у моря,Новороссийск,Новороссийск м.о.,Комфорт,ВКБ-Новостройки,2026-05-27,квартира,14,30.35,6817000.00,224612.85,С отделкой,ФЛ,Ипотека,Кубань Кредит,0,2026-06-18 11:12:27.291 +0300
"2e950b4ca0aa9edccfc33804f92be08a",Сады у моря,Темрюк,Темрюк м.о.,Комфорт,Каскад,2026-05-28,квартира,2,35.20,5596800.00,159000.00,"Под чистовую, отделка как доп. опция",ФЛ,Ипотека,ПАО Сбербанк России,312,2026-06-18 11:12:27.291 +0300
"2e950b4ca0aa9edccfc33804f92be08a",Сады у моря,Темрюк,Темрюк м.о.,Комфорт,Каскад,2026-05-28,квартира,7,30.56,5042400.00,165000.00,"Под чистовую, отделка как доп. опция",ФЛ,Ипотека,ПАО Сбербанк России,360,2026-06-18 11:12:27.291 +0300
c5fc682cef8e118ca6caaa2ddeaeb433,Sun Garden Hotel,Анапа,Анапа м.о.,Премиум,Развитие,2026-01-09,апартаменты,2,53.50,20330020.00,380712.00,С отделкой и мебелью,ФЛ,Ипотека,ПАО Сбербанк России,0,2026-06-18 11:12:27.291 +0300
"1a68fefaed7fdf11972da0eb1d6a51bd",Чайные холмы,Дагомыс пгт.,Сочи г.о.,Комфорт,ЦЕНТРАЛЬНАЯ ИНВЕСТИЦИОННАЯ КОМПАНИЯ,2026-01-12,квартира,1,55.40,14007557.00,252844.00,Без отделки,ФЛ,Ипотека,АО Альфа-Банк,360,2026-06-18 11:12:27.291 +0300
"71fa66dc65922c6a4364c32224375107",Центральный (Анапа),Анапа,Анапа м.о.,Комфорт,Гамма,2026-01-13,квартира,11,60.04,15010000.00,250000.00,Под чистовую и отделка как доп. опция,ФЛ,Нет,,0,2026-06-18 11:12:27.291 +0300
"71fa66dc65922c6a4364c32224375107",Центральный (Анапа),Анапа,Анапа м.о.,Комфорт,Гамма,2026-01-14,квартира,5,81.41,20759550.00,255000.00,Под чистовую и отделка как доп. опция,ФЛ,Нет,,0,2026-06-18 11:12:27.291 +0300
"1a68fefaed7fdf11972da0eb1d6a51bd",Чайные холмы,Дагомыс пгт.,Сочи г.о.,Комфорт,ЦЕНТРАЛЬНАЯ ИНВЕСТИЦИОННАЯ КОМПАНИЯ,2026-01-15,квартира,6,30.50,11110326.00,364272.98,Без отделки,ФЛ,Ипотека,ПАО Банк ВТБ,362,2026-06-18 11:12:27.291 +0300
"1a68fefaed7fdf11972da0eb1d6a51bd",Чайные холмы,Дагомыс пгт.,Сочи г.о.,Комфорт,ЦЕНТРАЛЬНАЯ ИНВЕСТИЦИОННАЯ КОМПАНИЯ,2026-01-15,квартира,10,48.10,13443950.00,279500.00,Без отделки,ФЛ,Ипотека,ПАО БАНК УРАЛСИБ,0,2026-06-18 11:12:27.291 +0300
"0fd8a9684833d1c7045dbb36bd3c14e2",Кислород,Сочи,Сочи г.о.,Бизнес,AVA Group,2026-01-16,квартира,5,21.10,10599750.00,471100.00,Без отделки,ФЛ,Ипотека,ПАО Банк ВТБ,362,2026-06-18 11:12:27.291 +0300
"45131c4ef8b37326fa1ad3d957bf531d",Усадьба Гостагаевская,Нижняя Гостагайка х.,Анапа м.о.,Бизнес-,ССК,2026-01-19,квартира,2,32.70,6867000.00,210000.00,Под чистовую и отделка как доп. опция,ФЛ,Ипотека,ПАО Сбербанк России,0,2026-06-18 11:12:27.291 +0300
"89193a6e125ab2ccd47dc06abd28b9ea",Николай I Hotel & SPA,Анапа,Анапа м.о.,Премиум,АН ИНВЕСТИЦИИ,2026-01-20,апартаменты,5,41.40,22811400.00,551000.00,С отделкой и мебелью,ФЛ,Нет,,0,2026-06-18 11:12:27.291 +0300
"45131c4ef8b37326fa1ad3d957bf531d",Усадьба Гостагаевская,Нижняя Гостагайка х.,Анапа м.о.,Бизнес-,ССК,2026-01-20,квартира,4,32.29,6780900.00,210000.00,Под чистовую и отделка как доп. опция,ФЛ,Ипотека,ПАО Совкомбанк,0,2026-06-18 11:12:27.291 +0300
"45131c4ef8b37326fa1ad3d957bf531d",Усадьба Гостагаевская,Нижняя Гостагайка х.,Анапа м.о.,Бизнес-,ССК,2026-01-21,квартира,4,30.45,6394500.00,210000.00,Под чистовую и отделка как доп. опция,ФЛ,Ипотека,ПАО Сбербанк России,0,2026-06-18 11:12:27.291 +0300
"89193a6e125ab2ccd47dc06abd28b9ea",Николай I Hotel & SPA,Анапа,Анапа м.о.,Премиум,АН ИНВЕСТИЦИИ,2026-01-22,апартаменты,5,41.40,23349600.00,564000.00,С отделкой и мебелью,ФЛ,Нет,,0,2026-06-18 11:12:27.291 +0300
"45131c4ef8b37326fa1ad3d957bf531d",Усадьба Гостагаевская,Нижняя Гостагайка х.,Анапа м.о.,Бизнес-,ССК,2026-01-22,квартира,1,47.24,9211800.00,195000.00,Под чистовую и отделка как доп. опция,ФЛ,Ипотека,ПАО Совкомбанк,0,2026-06-18 11:12:27.291 +0300
"45131c4ef8b37326fa1ad3d957bf531d",Усадьба Гостагаевская,Нижняя Гостагайка х.,Анапа м.о.,Бизнес-,ССК,2026-01-22,квартира,2,31.19,6549900.00,210000.00,Под чистовую и отделка как доп. опция,ФЛ,Ипотека,ПАО Сбербанк России,0,2026-06-18 11:12:27.291 +0300
"0fd8a9684833d1c7045dbb36bd3c14e2",Кислород,Сочи,Сочи г.о.,Бизнес,AVA Group,2026-01-22,квартира,11,16.59,8136040.00,496100.00,Без отделки,ФЛ,Ипотека,АО Альфа-Банк,0,2026-06-18 11:12:27.291 +0300
"0fd8a9684833d1c7045dbb36bd3c14e2",Кислород,Сочи,Сочи г.о.,Бизнес,AVA Group,2026-01-23,квартира,13,16.89,7993360.00,487400.00,Без отделки,ФЛ,Ипотека,ПАО Банк ВТБ,362,2026-06-18 11:12:27.291 +0300
"0fd8a9684833d1c7045dbb36bd3c14e2",Кислород,Сочи,Сочи г.о.,Бизнес,AVA Group,2026-01-23,квартира,4,16.29,7794920.00,475300.00,Без отделки,ФЛ,Ипотека,ПАО Совкомбанк,360,2026-06-18 11:12:27.291 +0300
"71fa66dc65922c6a4364c32224375107",Центральный (Анапа),Анапа,Анапа м.о.,Комфорт,Гамма,2026-01-23,квартира,3,38.34,10543500.00,275000.00,Под чистовую и отделка как доп. опция,ФЛ,Ипотека,ПАО Сбербанк России,0,2026-06-18 11:12:27.291 +0300
"0fd8a9684833d1c7045dbb36bd3c14e2",Кислород,Сочи,Сочи г.о.,Бизнес,AVA Group,2026-01-27,квартира,11,16.89,8136040.00,496100.00,Без отделки,ФЛ,Ипотека,ПАО Совкомбанк,-1,2026-06-18 11:12:27.291 +0300
"89193a6e125ab2ccd47dc06abd28b9ea",Николай I Hotel & SPA,Анапа,Анапа м.о.,Премиум,АН ИНВЕСТИЦИИ,2026-01-27,апартаменты,4,57.60,29088000.00,505000.00,С отделкой и мебелью,ФЛ,Нет,,0,2026-06-18 11:12:27.291 +0300
"89193a6e125ab2ccd47dc06abd28b9ea",Николай I Hotel & SPA,Анапа,Анапа м.о.,Премиум,АН ИНВЕСТИЦИИ,2026-01-28,апартаменты,4,36.50,28908000.00,792000.00,С отделкой и мебелью,ФЛ,Нет,,0,2026-06-18 11:12:27.291 +0300
"89193a6e125ab2ccd47dc06abd28b9ea",Николай I Hotel & SPA,Анапа,Анапа м.о.,Премиум,АН ИНВЕСТИЦИИ,2026-01-28,апартаменты,3,41.40,23763600.00,574000.00,С отделкой и мебелью,ФЛ,Нет,,0,2026-06-18 11:12:27.291 +0300
"45131c4ef8b37326fa1ad3d957bf531d",Усадьба Гостагаевская,Нижняя Гостагайка х.,Анапа м.о.,Бизнес-,ССК,2026-01-28,квартира,3,32.29,6780900.00,210000.00,Под чистовую и отделка как доп. опция,ФЛ,Ипотека,ПАО Сбербанк России,0,2026-06-18 11:12:27.291 +0300
"0fd8a9684833d1c7045dbb36bd3c14e2",Кислород,Сочи,Сочи г.о.,Бизнес,AVA Group,2026-01-28,квартира,3,21.10,8816940.00,402600.00,Без отделки,ФЛ,Ипотека,ПАО Банк ВТБ,362,2026-06-18 11:12:27.291 +0300
"0fd8a9684833d1c7045dbb36bd3c14e2",Кислород,Сочи,Сочи г.о.,Бизнес,AVA Group,2026-01-28,квартира,4,21.10,9058500.00,402600.00,Без отделки,ФЛ,Ипотека,ПАО Банк ВТБ,362,2026-06-18 11:12:27.291 +0300
"0fd8a9684833d1c7045dbb36bd3c14e2",Кислород,Сочи,Сочи г.о.,Бизнес,AVA Group,2026-01-30,квартира,9,46.02,14343680.00,344800.00,Без отделки,ФЛ,Ипотека,ПАО Совкомбанк,299,2026-06-18 11:12:27.291 +0300
"0fd8a9684833d1c7045dbb36bd3c14e2",Кислород,Сочи,Сочи г.о.,Бизнес,AVA Group,2026-01-30,квартира,16,63.61,18457033.00,317677.00,Без отделки,ФЛ,Ипотека,ПАО Совкомбанк,359,2026-06-18 11:12:27.291 +0300
"0fd8a9684833d1c7045dbb36bd3c14e2",Кислород,Сочи,Сочи г.о.,Бизнес,AVA Group,2026-01-30,квартира,17,41.42,12684073.00,360343.00,Без отделки,ФЛ,Ипотека,ПАО Совкомбанк,239,2026-06-18 11:12:27.291 +0300
"0fd8a9684833d1c7045dbb36bd3c14e2",Кислород,Сочи,Сочи г.о.,Бизнес,AVA Group,2026-01-30,квартира,19,36.97,13438800.00,373300.00,Без отделки,ФЛ,Ипотека,ПАО Совкомбанк,359,2026-06-18 11:12:27.291 +0300
"89193a6e125ab2ccd47dc06abd28b9ea",Николай I Hotel & SPA,Анапа,Анапа м.о.,Премиум,АН ИНВЕСТИЦИИ,2026-01-30,апартаменты,3,57.60,29376000.00,510000.00,С отделкой и мебелью,ФЛ,Нет,,0,2026-06-18 11:12:27.291 +0300
"89193a6e125ab2ccd47dc06abd28b9ea",Николай I Hotel & SPA,Анапа,Анапа м.о.,Премиум,АН ИНВЕСТИЦИИ,2026-01-30,апартаменты,1,41.40,20658600.00,499000.00,С отделкой и мебелью,ФЛ,Нет,,0,2026-06-18 11:12:27.291 +0300
"45131c4ef8b37326fa1ad3d957bf531d",Усадьба Гостагаевская,Нижняя Гостагайка х.,Анапа м.о.,Бизнес-,ССК,2026-01-31,квартира,2,48.00,6394500.00,210000.00,Под чистовую и отделка как доп. опция,ФЛ,Ипотека,ПАО Совкомбанк,0,2026-06-18 11:12:27.291 +0300
"89193a6e125ab2ccd47dc06abd28b9ea",Николай I Hotel & SPA,Анапа,Анапа м.о.,Премиум,АН ИНВЕСТИЦИИ,2026-02-03,нежилое помещение,1,41.40,0.00,0.00,С отделкой и мебелью,ФЛ,Нет,,0,2026-06-18 11:12:27.291 +0300
"71fa66dc65922c6a4364c32224375107",Центральный (Анапа),Анапа,Анапа м.о.,Комфорт,Гамма,2026-02-04,квартира,13,58.50,15502500.00,265000.00,Под чистовую и отделка как доп. опция,ФЛ,Нет,,0,2026-06-18 11:12:27.291 +0300
"45131c4ef8b37326fa1ad3d957bf531d",Усадьба Гостагаевская,Нижняя Гостагайка х.,Анапа м.о.,Бизнес-,ССК,2026-02-10,квартира,2,49.95,9740250.00,195000.00,Под чистовую и отделка как доп. опция,ФЛ,Ипотека,ПАО Совкомбанк,0,2026-06-18 11:12:27.291 +0300
c5fc682cef8e118ca6caaa2ddeaeb433,Sun Garden Hotel,Анапа,Анапа м.о.,Премиум,Развитие,2026-02-17,апартаменты,7,39.90,21346500.00,535000.00,С отделкой и мебелью,ФЛ,Нет,,0,2026-06-18 11:12:27.291 +0300
"45131c4ef8b37326fa1ad3d957bf531d",Усадьба Гостагаевская,Нижняя Гостагайка х.,Анапа м.о.,Бизнес-,ССК,2026-02-18,квартира,2,33.35,7003500.00,210000.00,Под чистовую и отделка как доп. опция,ФЛ,Ипотека,ПАО Сбербанк России,360,2026-06-18 11:12:27.291 +0300
"45131c4ef8b37326fa1ad3d957bf531d",Усадьба Гостагаевская,Нижняя Гостагайка х.,Анапа м.о.,Бизнес-,ССК,2026-02-18,квартира,4,31.19,6549900.00,210000.00,Под чистовую и отделка как доп. опция,ФЛ,Ипотека,ПАО Сбербанк России,0,2026-06-18 11:12:27.291 +0300
"89193a6e125ab2ccd47dc06abd28b9ea",Николай I Hotel & SPA,Анапа,Анапа м.о.,Премиум,АН ИНВЕСТИЦИИ,2026-02-26,апартаменты,3,57.20,27742000.00,485000.00,С отделкой и мебелью,ФЛ,Нет,,0,2026-06-18 11:12:27.291 +0300
"45131c4ef8b37326fa1ad3d957bf531d",Усадьба Гостагаевская,Нижняя Гостагайка х.,Анапа м.о.,Бизнес-,ССК,2026-03-04,квартира,2,43.66,9168600.00,210000.00,Под чистовую и отделка как доп. опция,ФЛ,Ипотека,АО Альфа-Банк,0,2026-06-18 11:12:27.291 +0300
"89193a6e125ab2ccd47dc06abd28b9ea",Николай I Hotel & SPA,Анапа,Анапа м.о.,Премиум,АН ИНВЕСТИЦИИ,2026-03-10,нежилое помещение,1,41.40,0.00,0.00,С отделкой и мебелью,ФЛ,Нет,,0,2026-06-18 11:12:27.291 +0300
"45131c4ef8b37326fa1ad3d957bf531d",Усадьба Гостагаевская,Нижняя Гостагайка х.,Анапа м.о.,Бизнес-,ССК,2026-03-10,квартира,1,32.70,6867000.00,210000.00,Под чистовую и отделка как доп. опция,ФЛ,Ипотека,ПАО Совкомбанк,0,2026-06-18 11:12:27.291 +0300
"89193a6e125ab2ccd47dc06abd28b9ea",Николай I Hotel & SPA,Анапа,Анапа м.о.,Премиум,АН ИНВЕСТИЦИИ,2026-03-12,апартаменты,5,61.00,39650000.00,650000.00,С отделкой и мебелью,ФЛ,Нет,,0,2026-06-18 11:12:27.291 +0300
"89193a6e125ab2ccd47dc06abd28b9ea",Николай I Hotel & SPA,Анапа,Анапа м.о.,Премиум,АН ИНВЕСТИЦИИ,2026-03-17,апартаменты,5,57.60,27936000.00,485000.00,С отделкой и мебелью,ФЛ,Ипотека,ПАО Совкомбанк,0,2026-06-18 11:12:27.291 +0300
"89193a6e125ab2ccd47dc06abd28b9ea",Николай I Hotel & SPA,Анапа,Анапа м.о.,Премиум,АН ИНВЕСТИЦИИ,2026-03-20,нежилое помещение,1,41.40,0.00,0.00,С отделкой и мебелью,ФЛ,Нет,,0,2026-06-18 11:12:27.291 +0300
"89193a6e125ab2ccd47dc06abd28b9ea",Николай I Hotel & SPA,Анапа,Анапа м.о.,Премиум,АН ИНВЕСТИЦИИ,2026-03-23,апартаменты,3,57.20,27742000.00,485000.00,С отделкой и мебелью,ФЛ,Нет,,0,2026-06-18 11:12:27.291 +0300
"89193a6e125ab2ccd47dc06abd28b9ea",Николай I Hotel & SPA,Анапа,Анапа м.о.,Премиум,АН ИНВЕСТИЦИИ,2026-03-23,нежилое помещение,1,56.80,0.00,0.00,С отделкой и мебелью,ФЛ,Нет,,0,2026-06-18 11:12:27.291 +0300
"89193a6e125ab2ccd47dc06abd28b9ea",Николай I Hotel & SPA,Анапа,Анапа м.о.,Премиум,АН ИНВЕСТИЦИИ,2026-03-23,апартаменты,4,44.00,23496000.00,534000.00,С отделкой и мебелью,ФЛ,Нет,,0,2026-06-18 11:12:27.291 +0300
"89193a6e125ab2ccd47dc06abd28b9ea",Николай I Hotel & SPA,Анапа,Анапа м.о.,Премиум,АН ИНВЕСТИЦИИ,2026-03-23,апартаменты,4,57.60,27936000.00,485000.00,С отделкой и мебелью,ФЛ,Нет,,0,2026-06-18 11:12:27.291 +0300
"89193a6e125ab2ccd47dc06abd28b9ea",Николай I Hotel & SPA,Анапа,Анапа м.о.,Премиум,АН ИНВЕСТИЦИИ,2026-03-23,апартаменты,4,41.40,23349600.00,564000.00,С отделкой и мебелью,ФЛ,Нет,,0,2026-06-18 11:12:27.291 +0300
"89193a6e125ab2ccd47dc06abd28b9ea",Николай I Hotel & SPA,Анапа,Анапа м.о.,Премиум,АН ИНВЕСТИЦИИ,2026-03-25,апартаменты,3,41.40,23763600.00,574000.00,С отделкой и мебелью,ФЛ,Нет,,0,2026-06-18 11:12:27.291 +0300
"89193a6e125ab2ccd47dc06abd28b9ea",Николай I Hotel & SPA,Анапа,Анапа м.о.,Премиум,АН ИНВЕСТИЦИИ,2026-03-25,апартаменты,3,41.40,23763600.00,574000.00,С отделкой и мебелью,ФЛ,Нет,,0,2026-06-18 11:12:27.291 +0300
"89193a6e125ab2ccd47dc06abd28b9ea",Николай I Hotel & SPA,Анапа,Анапа м.о.,Премиум,АН ИНВЕСТИЦИИ,2026-03-25,апартаменты,4,44.00,23496000.00,534000.00,С отделкой и мебелью,ФЛ,Нет,,0,2026-06-18 11:12:27.291 +0300
"89193a6e125ab2ccd47dc06abd28b9ea",Николай I Hotel & SPA,Анапа,Анапа м.о.,Премиум,АН ИНВЕСТИЦИИ,2026-03-26,нежилое помещение,2,41.40,0.00,0.00,С отделкой и мебелью,ФЛ,Нет,,0,2026-06-18 11:12:27.291 +0300
"89193a6e125ab2ccd47dc06abd28b9ea",Николай I Hotel & SPA,Анапа,Анапа м.о.,Премиум,АН ИНВЕСТИЦИИ,2026-03-26,нежилое помещение,2,41.40,0.00,0.00,С отделкой и мебелью,ФЛ,Нет,,0,2026-06-18 11:12:27.291 +0300
"89193a6e125ab2ccd47dc06abd28b9ea",Николай I Hotel & SPA,Анапа,Анапа м.о.,Премиум,АН ИНВЕСТИЦИИ,2026-03-26,нежилое помещение,2,41.40,0.00,0.00,С отделкой и мебелью,ФЛ,Нет,,0,2026-06-18 11:12:27.291 +0300
"89193a6e125ab2ccd47dc06abd28b9ea",Николай I Hotel & SPA,Анапа,Анапа м.о.,Премиум,АН ИНВЕСТИЦИИ,2026-03-26,нежилое помещение,2,41.40,0.00,0.00,С отделкой и мебелью,ФЛ,Нет,,0,2026-06-18 11:12:27.291 +0300
"89193a6e125ab2ccd47dc06abd28b9ea",Николай I Hotel & SPA,Анапа,Анапа м.о.,Премиум,АН ИНВЕСТИЦИИ,2026-03-26,нежилое помещение,2,41.40,0.00,0.00,С отделкой и мебелью,ФЛ,Нет,,0,2026-06-18 11:12:27.291 +0300
"89193a6e125ab2ccd47dc06abd28b9ea",Николай I Hotel & SPA,Анапа,Анапа м.о.,Премиум,АН ИНВЕСТИЦИИ,2026-03-26,апартаменты,3,41.40,22107600.00,534000.00,С отделкой и мебелью,ФЛ,Нет,,0,2026-06-18 11:12:27.291 +0300
"89193a6e125ab2ccd47dc06abd28b9ea",Николай I Hotel & SPA,Анапа,Анапа м.о.,Премиум,АН ИНВЕСТИЦИИ,2026-03-26,апартаменты,6,61.00,39040000.00,640000.00,С отделкой и мебелью,ФЛ,Нет,,0,2026-06-18 11:12:27.291 +0300
"89193a6e125ab2ccd47dc06abd28b9ea",Николай I Hotel & SPA,Анапа,Анапа м.о.,Премиум,АН ИНВЕСТИЦИИ,2026-03-26,апартаменты,4,36.50,28908000.00,792000.00,С отделкой и мебелью,ФЛ,Нет,,0,2026-06-18 11:12:27.291 +0300
c5fc682cef8e118ca6caaa2ddeaeb433,Sun Garden Hotel,Анапа,Анапа м.о.,Премиум,Развитие,2026-03-26,апартаменты,3,26.60,15029000.00,565000.00,С отделкой и мебелью,ФЛ,Нет,,0,2026-06-18 11:12:27.291 +0300
c5fc682cef8e118ca6caaa2ddeaeb433,Sun Garden Hotel,Анапа,Анапа м.о.,Премиум,Развитие,2026-03-26,апартаменты,6,33.30,16983000.00,510000.00,С отделкой и мебелью,ФЛ,Нет,,0,2026-06-18 11:12:27.291 +0300
"89193a6e125ab2ccd47dc06abd28b9ea",Николай I Hotel & SPA,Анапа,Анапа м.о.,Премиум,АН ИНВЕСТИЦИИ,2026-03-27,апартаменты,4,41.40,22107600.00,534000.00,С отделкой и мебелью,ФЛ,Нет,,0,2026-06-18 11:12:27.291 +0300
"89193a6e125ab2ccd47dc06abd28b9ea",Николай I Hotel & SPA,Анапа,Анапа м.о.,Премиум,АН ИНВЕСТИЦИИ,2026-04-02,апартаменты,5,41.40,22811400.00,551000.00,С отделкой и мебелью,ФЛ,Нет,,0,2026-06-18 11:12:27.291 +0300
"89193a6e125ab2ccd47dc06abd28b9ea",Николай I Hotel & SPA,Анапа,Анапа м.о.,Премиум,АН ИНВЕСТИЦИИ,2026-04-03,апартаменты,4,36.50,28908000.00,792000.00,С отделкой и мебелью,ФЛ,Нет,,0,2026-06-18 11:12:27.291 +0300
"71fa66dc65922c6a4364c32224375107",Центральный (Анапа),Анапа,Анапа м.о.,Комфорт,Гамма,2026-04-09,квартира,19,41.02,13091443.00,310813.00,Под чистовую,ФЛ,Нет,,0,2026-06-18 11:12:27.291 +0300
"45131c4ef8b37326fa1ad3d957bf531d",Усадьба Гостагаевская,Нижняя Гостагайка х.,Анапа м.о.,Бизнес-,ССК,2026-04-14,квартира,3,32.29,6780900.00,210000.00,Под чистовую и отделка как доп. опция,ФЛ,Ипотека,ПАО Сбербанк России,324,2026-06-18 11:12:27.291 +0300
c5fc682cef8e118ca6caaa2ddeaeb433,Sun Garden Hotel,Анапа,Анапа м.о.,Премиум,Развитие,2026-04-14,апартаменты,2,39.90,16837800.00,422000.00,С отделкой и мебелью,ФЛ,Нет,,0,2026-06-18 11:12:27.291 +0300
c5fc682cef8e118ca6caaa2ddeaeb433,Sun Garden Hotel,Анапа,Анапа м.о.,Премиум,Развитие,2026-04-15,апартаменты,2,71.40,23380500.00,327000.00,С отделкой и мебелью,ФЛ,Нет,,0,2026-06-18 11:12:27.291 +0300
"89193a6e125ab2ccd47dc06abd28b9ea",Николай I Hotel & SPA,Анапа,Анапа м.о.,Премиум,АН ИНВЕСТИЦИИ,2026-04-16,апартаменты,5,41.40,23225400.00,561000.00,С отделкой и мебелью,ФЛ,Нет,,0,2026-06-18 11:12:27.291 +0300
"89193a6e125ab2ccd47dc06abd28b9ea",Николай I Hotel & SPA,Анапа,Анапа м.о.,Премиум,АН ИНВЕСТИЦИИ,2026-04-21,нежилое помещение,2,57.20,0.00,0.00,С отделкой и мебелью,ФЛ,Нет,,0,2026-06-18 11:12:27.291 +0300
"89193a6e125ab2ccd47dc06abd28b9ea",Николай I Hotel & SPA,Анапа,Анапа м.о.,Премиум,АН ИНВЕСТИЦИИ,2026-04-21,апартаменты,6,60.50,31581000.00,522000.00,С отделкой и мебелью,ФЛ,Нет,,0,2026-06-18 11:12:27.291 +0300
"89193a6e125ab2ccd47dc06abd28b9ea",Николай I Hotel & SPA,Анапа,Анапа м.о.,Премиум,АН ИНВЕСТИЦИИ,2026-04-22,апартаменты,4,41.40,23349600.00,564000.00,С отделкой и мебелью,ФЛ,Нет,,0,2026-06-18 11:12:27.291 +0300
"89193a6e125ab2ccd47dc06abd28b9ea",Николай I Hotel & SPA,Анапа,Анапа м.о.,Премиум,АН ИНВЕСТИЦИИ,2026-04-22,апартаменты,4,41.40,23349600.00,564000.00,С отделкой и мебелью,ФЛ,Нет,,0,2026-06-18 11:12:27.291 +0300
"89193a6e125ab2ccd47dc06abd28b9ea",Николай I Hotel & SPA,Анапа,Анапа м.о.,Премиум,АН ИНВЕСТИЦИИ,2026-04-22,апартаменты,4,41.40,23349600.00,564000.00,С отделкой и мебелью,ФЛ,Нет,,0,2026-06-18 11:12:27.291 +0300
"89193a6e125ab2ccd47dc06abd28b9ea",Николай I Hotel & SPA,Анапа,Анапа м.о.,Премиум,АН ИНВЕСТИЦИИ,2026-04-22,апартаменты,4,41.40,22894200.00,553000.00,С отделкой и мебелью,ФЛ,Нет,,0,2026-06-18 11:12:27.291 +0300
"45131c4ef8b37326fa1ad3d957bf531d",Усадьба Гостагаевская,Нижняя Гостагайка х.,Анапа м.о.,Бизнес-,ССК,2026-04-22,квартира,2,32.70,6867000.00,210000.00,Под чистовую и отделка как доп. опция,ФЛ,Нет,,0,2026-06-18 11:12:27.291 +0300
"89193a6e125ab2ccd47dc06abd28b9ea",Николай I Hotel & SPA,Анапа,Анапа м.о.,Премиум,АН ИНВЕСТИЦИИ,2026-04-24,апартаменты,3,41.40,23598000.00,570000.00,С отделкой и мебелью,ФЛ,Нет,,0,2026-06-18 11:12:27.291 +0300
"71fa66dc65922c6a4364c32224375107",Центральный (Анапа),Анапа,Анапа м.о.,Комфорт,Гамма,2026-04-24,квартира,4,24.08,8428000.00,350000.00,Под чистовую и отделка как доп. опция,ФЛ,Нет,,0,2026-06-18 11:12:27.291 +0300
"71fa66dc65922c6a4364c32224375107",Центральный (Анапа),Анапа,Анапа м.о.,Комфорт,Гамма,2026-04-24,квартира,6,61.87,15467500.00,250000.00,Под чистовую и отделка как доп. опция,ФЛ,Нет,,0,2026-06-18 11:12:27.291 +0300
"89193a6e125ab2ccd47dc06abd28b9ea",Николай I Hotel & SPA,Анапа,Анапа м.о.,Премиум,АН ИНВЕСТИЦИИ,2026-04-27,апартаменты,4,41.40,22977000.00,555000.00,С отделкой и мебелью,ФЛ,Нет,,0,2026-06-18 11:12:27.291 +0300
"89193a6e125ab2ccd47dc06abd28b9ea",Николай I Hotel & SPA,Анапа,Анапа м.о.,Премиум,АН ИНВЕСТИЦИИ,2026-04-27,апартаменты,5,57.60,28800000.00,500000.00,С отделкой и мебелью,ФЛ,Нет,,0,2026-06-18 11:12:27.291 +0300
"89193a6e125ab2ccd47dc06abd28b9ea",Николай I Hotel & SPA,Анапа,Анапа м.о.,Премиум,АН ИНВЕСТИЦИИ,2026-04-28,апартаменты,4,57.60,29491200.00,512000.00,С отделкой и мебелью,ФЛ,Нет,,0,2026-06-18 11:12:27.291 +0300
"89193a6e125ab2ccd47dc06abd28b9ea",Николай I Hotel & SPA,Анапа,Анапа м.о.,Премиум,АН ИНВЕСТИЦИИ,2026-04-30,апартаменты,5,68.70,35174400.00,512000.00,С отделкой и мебелью,ФЛ,Нет,,0,2026-06-18 11:12:27.291 +0300
"89193a6e125ab2ccd47dc06abd28b9ea",Николай I Hotel & SPA,Анапа,Анапа м.о.,Премиум,АН ИНВЕСТИЦИИ,2026-04-30,апартаменты,5,41.40,22894200.00,553000.00,С отделкой и мебелью,ФЛ,Нет,,0,2026-06-18 11:12:27.291 +0300
"89193a6e125ab2ccd47dc06abd28b9ea",Николай I Hotel & SPA,Анапа,Анапа м.о.,Премиум,АН ИНВЕСТИЦИИ,2026-04-30,апартаменты,5,41.40,22894200.00,553000.00,С отделкой и мебелью,ФЛ,Нет,,0,2026-06-18 11:12:27.291 +0300
"89193a6e125ab2ccd47dc06abd28b9ea",Николай I Hotel & SPA,Анапа,Анапа м.о.,Премиум,АН ИНВЕСТИЦИИ,2026-05-08,апартаменты,6,57.60,45619200.00,792000.00,С отделкой и мебелью,ФЛ,Нет,,0,2026-06-18 11:12:27.291 +0300
"89193a6e125ab2ccd47dc06abd28b9ea",Николай I Hotel & SPA,Анапа,Анапа м.о.,Премиум,АН ИНВЕСТИЦИИ,2026-05-19,апартаменты,4,41.40,23308200.00,563000.00,С отделкой и мебелью,ФЛ,Нет,,0,2026-06-18 11:12:27.291 +0300
"89193a6e125ab2ccd47dc06abd28b9ea",Николай I Hotel & SPA,Анапа,Анапа м.о.,Премиум,АН ИНВЕСТИЦИИ,2026-05-19,апартаменты,4,41.40,23308200.00,563000.00,С отделкой и мебелью,ФЛ,Нет,,0,2026-06-18 11:12:27.291 +0300
"89193a6e125ab2ccd47dc06abd28b9ea",Николай I Hotel & SPA,Анапа,Анапа м.о.,Премиум,АН ИНВЕСТИЦИИ,2026-05-20,апартаменты,3,41.40,22977000.00,555000.00,С отделкой и мебелью,ФЛ,Нет,,0,2026-06-18 11:12:27.291 +0300
"89193a6e125ab2ccd47dc06abd28b9ea",Николай I Hotel & SPA,Анапа,Анапа м.о.,Премиум,АН ИНВЕСТИЦИИ,2026-05-25,апартаменты,2,96.10,52374500.00,545000.00,С отделкой и мебелью,ФЛ,Нет,,0,2026-06-18 11:12:27.291 +0300
"89193a6e125ab2ccd47dc06abd28b9ea",Николай I Hotel & SPA,Анапа,Анапа м.о.,Премиум,АН ИНВЕСТИЦИИ,2026-05-26,апартаменты,4,41.60,23004800.00,553000.00,С отделкой и мебелью,ФЛ,Нет,,0,2026-06-18 11:12:27.291 +0300
"114265fbbd12eef28cca19fc11278cc4",Город у моря,Новороссийск,Новороссийск м.о.,Комфорт,ВКБ-Новостройки,2026-01-05,квартира,8,85.96,10256000.00,119311.31,С отделкой,ФЛ,Ипотека,ПАО Сбербанк России,360,2026-06-18 11:12:27.291 +0300
"657f63e930fe997bbb51f758ed370fb0",Кутузовский,Новороссийск,Новороссийск м.о.,Комфорт,МПМК Краснодарская-1,2026-01-06,квартира,12,40.51,6565500.00,150000.00,Без отделки,ФЛ,Ипотека,ПАО Сбербанк России,360,2026-06-18 11:12:27.291 +0300
"5338417a484eca51d14d28b59e51946f",История-3,Южный п.,Динской м.о.,Комфорт,НВМ,2026-01-06,квартира,5,50.88,8395200.00,165000.00,Под чистовую,ФЛ,Ипотека,ПАО Сбербанк России,360,2026-06-18 11:12:27.291 +0300
"9648a6234501850e715607d4d244b13a",Botanica Hills,Небуг с.,Туапсинский м.о.,Комфорт,Метрикс Develoрment,2026-01-08,квартира,13,16.71,6684000.00,400000.00,"Под чистовую, отделка как доп. опция",ФЛ,Ипотека,ПАО Сбербанк России,360,2026-06-18 11:12:27.291 +0300
d83227169c3b10c28e16d938fe1747f2,Резиденция Морей,Новороссийск,Новороссийск м.о.,Бизнес,ССК,2026-01-10,квартира,3,54.62,13389430.00,252250.00,"Под чистовую, отделка как доп. опция",ФЛ,Ипотека,ПАО Сбербанк России,348,2026-06-18 11:12:27.291 +0300
"89f537fda6bcc1df310625c68de74f15",Корсаков,Анапа,Анапа м.о.,Комфорт,ССК,2026-01-12,апартаменты,3,29.83,11591250.00,375000.00,С отделкой и мебелью,ФЛ,Нет,,0,2026-06-18 11:12:27.291 +0300
c5fc682cef8e118ca6caaa2ddeaeb433,Sun Garden Hotel,Анапа,Анапа м.о.,Премиум,Развитие,2026-01-12,апартаменты,8,50.30,22590000.00,450000.00,С отделкой и мебелью,ФЛ,Нет,,0,2026-06-18 11:12:27.291 +0300
"018074db013670b10cd1d3367521d2a2",Барса,Новороссийск,Новороссийск м.о.,Бизнес,Точно,2026-01-12,квартира,8,33.10,8097020.00,244622.99,Под чистовую и отделка как доп. опция,ФЛ,Нет,,0,2026-06-18 11:12:27.291 +0300
"9648a6234501850e715607d4d244b13a",Botanica Hills,Небуг с.,Туапсинский м.о.,Комфорт,Метрикс Develoрment,2026-01-12,квартира,1,19.92,6706000.00,336646.59,"Под чистовую, отделка как доп. опция",ФЛ,Ипотека,АО Альфа-Банк,360,2026-06-18 11:12:27.291 +0300
b9d92574715ea90ea054b9078964a5d8,Лестория,Сочи,Сочи г.о.,Бизнес-,Неометрия,2026-01-12,квартира,16,20.30,12066320.00,594400.00,Под чистовую,ФЛ,Нет,,0,2026-06-18 11:12:27.291 +0300
d83227169c3b10c28e16d938fe1747f2,Резиденция Морей,Новороссийск,Новороссийск м.о.,Бизнес,ССК,2026-01-12,квартира,8,29.20,7008000.00,240000.00,"Под чистовую, отделка как доп. опция",ФЛ,Ипотека,ПАО Сбербанк России,0,2026-06-18 11:12:27.291 +0300
"3b768d7a3423d87ca2500e86b3aa26e8",Мореград,Анапа,Анапа м.о.,Комфорт,ССК,2026-01-12,апартаменты,7,23.60,8850000.00,375000.00,С отделкой и мебелью,ФЛ,Нет,,0,2026-06-18 11:12:27.291 +0300
"114265fbbd12eef28cca19fc11278cc4",Город у моря,Новороссийск,Новороссийск м.о.,Комфорт,ВКБ-Новостройки,2026-01-12,квартира,3,37.82,7117000.00,183617.13,С отделкой,ФЛ,Ипотека,Кубань Кредит,288,2026-06-18 11:12:27.291 +0300
d83227169c3b10c28e16d938fe1747f2,Резиденция Морей,Новороссийск,Новороссийск м.о.,Бизнес,ССК,2026-01-12,квартира,2,28.64,6492544.00,226695.00,"Под чистовую, отделка как доп. опция",ФЛ,Ипотека,ПАО Сбербанк России,0,2026-06-18 11:12:27.291 +0300
d83227169c3b10c28e16d938fe1747f2,Резиденция Морей,Новороссийск,Новороссийск м.о.,Бизнес,ССК,2026-01-12,квартира,6,27.74,6288519.00,226695.00,"Под чистовую, отделка как доп. опция",ФЛ,Ипотека,ПАО Сбербанк России,360,2026-06-18 11:12:27.291 +0300
"5338417a484eca51d14d28b59e51946f",История-3,Южный п.,Динской м.о.,Комфорт,НВМ,2026-01-12,квартира,3,50.88,8395200.00,165000.00,Под чистовую,ФЛ,Ипотека,ПАО Сбербанк России,0,2026-06-18 11:12:27.291 +0300
d83227169c3b10c28e16d938fe1747f2,Резиденция Морей,Новороссийск,Новороссийск м.о.,Бизнес,ССК,2026-01-13,квартира,9,62.82,13192200.00,210000.00,"Под чистовую, отделка как доп. опция",ФЛ,Нет,,0,2026-06-18 11:12:27.291 +0300
d83227169c3b10c28e16d938fe1747f2,Резиденция Морей,Новороссийск,Новороссийск м.о.,Бизнес,ССК,2026-01-13,квартира,7,41.54,10063065.00,242250.00,"Под чистовую, отделка как доп. опция",ФЛ,Нет,,0,2026-06-18 11:12:27.291 +0300
d83227169c3b10c28e16d938fe1747f2,Резиденция Морей,Новороссийск,Новороссийск м.о.,Бизнес,ССК,2026-01-13,квартира,6,26.44,6652025.00,252353.00,"Под чистовую, отделка как доп. опция",ФЛ,Ипотека,ПАО Сбербанк России,324,2026-06-18 11:12:27.291 +0300
"3b768d7a3423d87ca2500e86b3aa26e8",Мореград,Анапа,Анапа м.о.,Комфорт,ССК,2026-01-13,апартаменты,3,23.70,8650500.00,365000.00,С отделкой и мебелью,ФЛ,Ипотека,ПАО МОСКОВСКИЙ КРЕДИТНЫЙ БАНК,0,2026-06-18 11:12:27.291 +0300
"3b768d7a3423d87ca2500e86b3aa26e8",Мореград,Анапа,Анапа м.о.,Комфорт,ССК,2026-01-13,апартаменты,5,47.00,14664000.00,312000.00,С отделкой и мебелью,ФЛ,Нет,,0,2026-06-18 11:12:27.291 +0300
"83e4b77e4c81fe02646c0317f082a5b3",Эден / Eden Family Hotel,Анапа,Анапа м.о.,Комфорт,Развитие,2026-01-13,апартаменты,3,24.00,6365962.00,265248.44,С отделкой и мебелью,ФЛ,Ипотека,ПАО Сбербанк России,0,2026-06-18 11:12:27.291 +0300
d83227169c3b10c28e16d938fe1747f2,Резиденция Морей,Новороссийск,Новороссийск м.о.,Бизнес,ССК,2026-01-13,квартира,6,28.61,6700690.00,234208.00,"Под чистовую, отделка как доп. опция",ФЛ,Ипотека,АО Альфа-Банк,0,2026-06-18 11:12:27.291 +0300
fc98c3a43cd1680c1cb66c1523d44f4a,Дзенпарк,Марьянская ст.,Красноармейский м.о.,Комфорт,Средастрой,2026-01-13,квартира,2,17.70,2655000.00,150000.00,"Под чистовую, отделка как доп. опция",ФЛ,Нет,,0,2026-06-18 11:12:27.291 +0300
"9aa8b842445a7cec2bd4d81e48bebc3a",Новая Волна / Volna Residences,Сочи,Сочи г.о.,Элитный,Nedvex,2026-01-14,апартаменты,2,54.32,71501000.00,1316292.34,Отделка как доп. опция,ФЛ,Нет,,0,2026-06-18 11:12:27.291 +0300
de2aa2f5a366bc2350a3e192512ea3e6,Цветной бульвар,Северская ст-ца,Северский м.о.,Комфорт,Точно,2026-01-14,квартира,7,57.64,6340400.00,110000.00,С отделкой,ФЛ,Ипотека,ПАО Банк ВТБ,0,2026-06-18 11:12:27.291 +0300
c5fc682cef8e118ca6caaa2ddeaeb433,Sun Garden Hotel,Анапа,Анапа м.о.,Премиум,Развитие,2026-01-14,апартаменты,8,39.10,21239500.00,535000.00,С отделкой и мебелью,ФЛ,Ипотека,ПАО Сбербанк России,0,2026-06-18 11:12:27.291 +0300
e6633db8b4c0466143c3ba2ad76172f0,Лучи,Анапа,Анапа м.о.,Комфорт,ADM group / Вертикаль,2026-01-14,апартаменты,3,33.40,16299200.00,488000.00,С отделкой и мебелью,ФЛ,Нет,,0,2026-06-18 11:12:27.291 +0300
e6633db8b4c0466143c3ba2ad76172f0,Лучи,Анапа,Анапа м.о.,Комфорт,ADM group / Вертикаль,2026-01-14,апартаменты,7,34.22,16699360.00,488000.00,С отделкой и мебелью,ФЛ,Нет,,0,2026-06-18 11:12:27.291 +0300
d83227169c3b10c28e16d938fe1747f2,Резиденция Морей,Новороссийск,Новороссийск м.о.,Бизнес,ССК,2026-01-14,квартира,2,28.64,6492544.00,226695.00,"Под чистовую, отделка как доп. опция",ФЛ,Ипотека,АО Альфа-Банк,0,2026-06-18 11:12:27.291 +0300
d83227169c3b10c28e16d938fe1747f2,Резиденция Морей,Новороссийск,Новороссийск м.о.,Бизнес,ССК,2026-01-14,квартира,4,28.61,6700690.00,234208.00,"Под чистовую, отделка как доп. опция",ФЛ,Нет,,0,2026-06-18 11:12:27.291 +0300
"0fd8a9684833d1c7045dbb36bd3c14e2",Кислород,Сочи,Сочи г.о.,Бизнес,AVA Group,2026-01-14,квартира,9,37.19,14409175.00,377500.00,Без отделки,ФЛ,Ипотека,ПАО Совкомбанк,360,2026-06-18 11:12:27.291 +0300
"9648a6234501850e715607d4d244b13a",Botanica Hills,Небуг с.,Туапсинский м.о.,Комфорт,Метрикс Develoрment,2026-01-14,квартира,11,17.97,7188000.00,400000.00,"Под чистовую, отделка как доп. опция",ФЛ,Ипотека,ПАО Сбербанк России,360,2026-06-18 11:12:27.291 +0300
b9d92574715ea90ea054b9078964a5d8,Лестория,Сочи,Сочи г.о.,Бизнес-,Неометрия,2026-01-14,квартира,11,47.50,21208850.00,446502.11,Под чистовую и с отделкой,ФЛ,Ипотека,ПАО БАНК УРАЛСИБ,0,2026-06-18 11:12:27.291 +0300
"018074db013670b10cd1d3367521d2a2",Барса,Новороссийск,Новороссийск м.о.,Бизнес,Точно,2026-01-14,квартира,18,57.07,16118400.00,292000.00,Под чистовую и отделка как доп. опция,ФЛ,Нет,,0,2026-06-18 11:12:27.291 +0300
"9f774747a88c96336616fc5165908dba",Sun Hills Olginka,Ольгинка с.,Туапсинский м.о.,Комфорт,Метрикс Develoрment,2026-01-14,квартира,5,25.21,7494252.00,297272.99,Под чистовую,ФЛ,Ипотека,ПАО Сбербанк России,360,2026-06-18 11:12:27.291 +0300
"9f774747a88c96336616fc5165908dba",Sun Hills Olginka,Ольгинка с.,Туапсинский м.о.,Комфорт,Метрикс Develoрment,2026-01-14,квартира,11,16.94,5844300.00,345000.00,Под чистовую,ФЛ,Ипотека,ПАО Сбербанк России,360,2026-06-18 11:12:27.291 +0300
"068a5a3c5a4726c1ef2c4ae4a9e1359a",Cosmos Stay Olginka Moreol',Ольгинка с.,Туапсинский м.о.,Бизнес,НОСТА,2026-01-14,апартаменты,5,57.80,22657600.00,392000.00,С отделкой и мебелью,ФЛ,Ипотека,АО Альфа-Банк,360,2026-06-18 11:12:27.291 +0300
"9f774747a88c96336616fc5165908dba",Sun Hills Olginka,Ольгинка с.,Туапсинский м.о.,Комфорт,Метрикс Develoрment,2026-01-15,квартира,9,27.19,8190688.00,301238.99,Под чистовую,ФЛ,Ипотека,ПАО Сбербанк России,360,2026-06-18 11:12:27.291 +0300
c2600c4dfa1b97ac0b7b06040e1ddaec,Порто-Ново,Новороссийск,Новороссийск м.о.,Комфорт,DOGMA,2026-01-15,квартира,10,37.30,8034419.00,215399.97,"Под чистовую, отделка как доп. опция",ФЛ,Ипотека,ПАО Сбербанк России,0,2026-06-18 11:12:27.291 +0300
ecdd2060c65010326879068843af8e13,Хозяин морей,Анапа,Анапа м.о.,Бизнес,Точно,2026-01-15,квартира,9,43.00,14220600.00,346000.00,Под чистовую и отделка как доп. опция,ФЛ,Ипотека,АО Альфа-Банк,0,2026-06-18 11:12:27.291 +0300
c5fc682cef8e118ca6caaa2ddeaeb433,Sun Garden Hotel,Анапа,Анапа м.о.,Премиум,Развитие,2026-01-15,апартаменты,2,39.90,16758000.00,420000.00,С отделкой и мебелью,ФЛ,Нет,,0,2026-06-18 11:12:27.291 +0300
"508e2e152a644af269da402a71a52936",Облака,Новороссийск,Новороссийск м.о.,Комфорт,Неометрия,2026-01-15,квартира,21,42.40,9073230.00,208580.00,Без отделки,ФЛ,Ипотека,АО Альфа-Банк,360,2026-06-18 11:12:27.291 +0300
b9d92574715ea90ea054b9078964a5d8,Лестория,Сочи,Сочи г.о.,Бизнес-,Неометрия,2026-01-15,квартира,8,30.70,14643900.00,477000.00,Под чистовую,ФЛ,Ипотека,ПАО Сбербанк России,360,2026-06-18 11:12:27.291 +0300
b9d92574715ea90ea054b9078964a5d8,Лестория,Сочи,Сочи г.о.,Бизнес-,Неометрия,2026-01-15,квартира,10,30.70,14702230.00,478900.00,Под чистовую,ФЛ,Ипотека,ПАО Сбербанк России,360,2026-06-18 11:12:27.291 +0300
d83227169c3b10c28e16d938fe1747f2,Резиденция Морей,Новороссийск,Новороссийск м.о.,Бизнес,ССК,2026-01-15,квартира,7,28.64,6510931.00,227337.00,"Под чистовую, отделка как доп. опция",ФЛ,Ипотека,ПАО Сбербанк России,0,2026-06-18 11:12:27.291 +0300
"114265fbbd12eef28cca19fc11278cc4",Город у моря,Новороссийск,Новороссийск м.о.,Комфорт,ВКБ-Новостройки,2026-01-15,квартира,3,37.82,7237000.00,186713.11,С отделкой,ФЛ,Ипотека,ПАО Сбербанк России,0,2026-06-18 11:12:27.291 +0300
"114265fbbd12eef28cca19fc11278cc4",Город у моря,Новороссийск,Новороссийск м.о.,Комфорт,ВКБ-Новостройки,2026-01-15,квартира,10,45.52,8382000.00,177773.06,С отделкой,ФЛ,Ипотека,ПАО Сбербанк России,180,2026-06-18 11:12:27.291 +0300
"83e4b77e4c81fe02646c0317f082a5b3",Эден / Eden Family Hotel,Анапа,Анапа м.о.,Комфорт,Развитие,2026-01-15,апартаменты,3,26.00,6896459.00,265248.44,С отделкой и мебелью,ФЛ,Ипотека,ПАО Сбербанк России,0,2026-06-18 11:12:27.291 +0300
d83227169c3b10c28e16d938fe1747f2,Резиденция Морей,Новороссийск,Новороссийск м.о.,Бизнес,ССК,2026-01-15,квартира,2,28.64,6492544.00,226695.00,"Под чистовую, отделка как доп. опция",ФЛ,Ипотека,ПАО Сбербанк России,360,2026-06-18 11:12:27.291 +0300
d83227169c3b10c28e16d938fe1747f2,Резиденция Морей,Новороссийск,Новороссийск м.о.,Бизнес,ССК,2026-01-16,квартира,3,29.14,7260493.00,249159.00,"Под чистовую, отделка как доп. опция",ФЛ,Ипотека,ПАО Сбербанк России,0,2026-06-18 11:12:27.291 +0300
"114265fbbd12eef28cca19fc11278cc4",Город у моря,Новороссийск,Новороссийск м.о.,Комфорт,ВКБ-Новостройки,2026-01-16,квартира,1,25.46,5949000.00,224405.88,С отделкой,ФЛ,Ипотека,ПАО Промсвязьбанк,108,2026-06-18 11:12:27.291 +0300
"2be7f950954f9f0b079ca01c72d39a42",Морская Горгиппия,Анапа,Анапа м.о.,Эконом,ОБД-Инвест,2026-01-16,квартира,14,58.89,11226436.00,190634.00,Под чистовую,ФЛ,Ипотека,Кубань Кредит,360,2026-06-18 11:12:27.291 +0300
"95f1de2b556858c9cfd19ec123edd090",Космос Черное море Риверта Отель / Cosmos Black Sea Riverta Hotel,Пляхо с.,Туапсинский м.о.,Премиум,Тренд-групп,2026-01-16,нежилое помещение,4,33.60,0.00,0.00,С отделкой и мебелью,ЮЛ,Нет,,0,2026-06-18 11:12:27.291 +0300
"95f1de2b556858c9cfd19ec123edd090",Космос Черное море Риверта Отель / Cosmos Black Sea Riverta Hotel,Пляхо с.,Туапсинский м.о.,Премиум,Тренд-групп,2026-01-16,апартаменты,6,37.60,18800000.00,500000.00,С отделкой и мебелью,ЮЛ,Нет,,0,2026-06-18 11:12:27.291 +0300
d83227169c3b10c28e16d938fe1747f2,Резиденция Морей,Новороссийск,Новороссийск м.о.,Бизнес,ССК,2026-01-16,квартира,7,27.74,6288519.00,226695.00,"Под чистовую, отделка как доп. опция",ФЛ,Ипотека,ПАО Сбербанк России,360,2026-06-18 11:12:27.291 +0300
b3ccb1c60914c224f2e4e07d33d020da,Новый город,Тихорецк,Тихорецкий м.о.,Комфорт,Стройуниверсал,2026-01-16,квартира,5,42.98,4467600.00,120000.00,Под чистовую,ФЛ,Ипотека,ПАО Сбербанк России,360,2026-06-18 11:12:27.291 +0300
"9f774747a88c96336616fc5165908dba",Sun Hills Olginka,Ольгинка с.,Туапсинский м.о.,Комфорт,Метрикс Develoрment,2026-01-16,квартира,9,25.21,7594234.00,301238.99,Под чистовую,ФЛ,Нет,,0,2026-06-18 11:12:27.291 +0300
c2600c4dfa1b97ac0b7b06040e1ddaec,Порто-Ново,Новороссийск,Новороссийск м.о.,Комфорт,DOGMA,2026-01-16,квартира,12,46.60,8998460.00,193100.00,"Под чистовую, отделка как доп. опция",ФЛ,Ипотека,ПАО Сбербанк России,264,2026-06-18 11:12:27.291 +0300
"508e2e152a644af269da402a71a52936",Облака,Новороссийск,Новороссийск м.о.,Комфорт,Неометрия,2026-01-16,квартира,10,38.60,8327130.00,208700.00,Без отделки,ФЛ,Нет,,0,2026-06-18 11:12:27.291 +0300
"508e2e152a644af269da402a71a52936",Облака,Новороссийск,Новороссийск м.о.,Комфорт,Неометрия,2026-01-16,квартира,16,36.20,7837544.00,209560.00,Без отделки,ФЛ,Ипотека,ПАО Сбербанк России,0,2026-06-18 11:12:27.291 +0300
"0fd8a9684833d1c7045dbb36bd3c14e2",Кислород,Сочи,Сочи г.о.,Бизнес,AVA Group,2026-01-16,квартира,11,46.54,17110273.00,385714.00,Без отделки,ФЛ,Ипотека,ПАО Совкомбанк,360,2026-06-18 11:12:27.291 +0300
d83227169c3b10c28e16d938fe1747f2,Резиденция Морей,Новороссийск,Новороссийск м.о.,Бизнес,ССК,2026-01-17,квартира,7,28.64,6510931.00,227337.00,"Под чистовую, отделка как доп. опция",ФЛ,Ипотека,ПАО Сбербанк России,360,2026-06-18 11:12:27.291 +0300
"9648a6234501850e715607d4d244b13a",Botanica Hills,Небуг с.,Туапсинский м.о.,Комфорт,Метрикс Develoрment,2026-01-17,квартира,4,31.50,9181000.00,291460.32,"Под чистовую, отделка как доп. опция",ФЛ,Ипотека,ПАО Сбербанк России,360,2026-06-18 11:12:27.291 +0300
"508e2e152a644af269da402a71a52936",Облака,Новороссийск,Новороссийск м.о.,Комфорт,Неометрия,2026-01-17,квартира,14,37.40,7802762.00,208630.00,Без отделки,ФЛ,Ипотека,ПАО Сбербанк России,0,2026-06-18 11:12:27.291 +0300
d83227169c3b10c28e16d938fe1747f2,Резиденция Морей,Новороссийск,Новороссийск м.о.,Бизнес,ССК,2026-01-19,квартира,2,29.14,7260493.00,249159.00,"Под чистовую, отделка как доп. опция",ФЛ,Нет,,0,2026-06-18 11:12:27.291 +0300
d83227169c3b10c28e16d938fe1747f2,Резиденция Морей,Новороссийск,Новороссийск м.о.,Бизнес,ССК,2026-01-19,квартира,5,29.17,7267968.00,249159.00,"Под чистовую, отделка как доп. опция",ФЛ,Ипотека,ПАО Сбербанк России,0,2026-06-18 11:12:27.291 +0300
"114265fbbd12eef28cca19fc11278cc4",Город у моря,Новороссийск,Новороссийск м.о.,Комфорт,ВКБ-Новостройки,2026-01-19,квартира,15,56.55,9319000.00,161956.90,С отделкой,ФЛ,Ипотека,ПАО Сбербанк России,360,2026-06-18 11:12:27.291 +0300
e6633db8b4c0466143c3ba2ad76172f0,Лучи,Анапа,Анапа м.о.,Комфорт,ADM group / Вертикаль,2026-01-19,апартаменты,2,27.17,15296710.00,563000.00,С отделкой и мебелью,ФЛ,Нет,,0,2026-06-18 11:12:27.291 +0300
e6633db8b4c0466143c3ba2ad76172f0,Лучи,Анапа,Анапа м.о.,Комфорт,ADM group / Вертикаль,2026-01-19,апартаменты,8,34.22,16699360.00,488000.00,С отделкой и мебелью,ФЛ,Нет,,0,2026-06-18 11:12:27.291 +0300
d83227169c3b10c28e16d938fe1747f2,Резиденция Морей,Новороссийск,Новороссийск м.о.,Бизнес,ССК,2026-01-19,квартира,14,28.24,6614033.00,234208.00,"Под чистовую, отделка как доп. опция",ФЛ,Ипотека,АО Альфа-Банк,360,2026-06-18 11:12:27.291 +0300
d83227169c3b10c28e16d938fe1747f2,Резиденция Морей,Новороссийск,Новороссийск м.о.,Бизнес,ССК,2026-01-19,квартира,14,28.24,6614033.00,234208.00,"Под чистовую, отделка как доп. опция",ФЛ,Ипотека,АО Альфа-Банк,360,2026-06-18 11:12:27.291 +0300
d83227169c3b10c28e16d938fe1747f2,Резиденция Морей,Новороссийск,Новороссийск м.о.,Бизнес,ССК,2026-01-19,квартира,14,28.24,6614033.00,234208.00,"Под чистовую, отделка как доп. опция",ФЛ,Ипотека,АО Альфа-Банк,0,2026-06-18 11:12:27.291 +0300
"5338417a484eca51d14d28b59e51946f",История-3,Южный п.,Динской м.о.,Комфорт,НВМ,2026-01-19,квартира,7,50.88,8395200.00,165000.00,Под чистовую,ФЛ,Ипотека,ПАО Сбербанк России,0,2026-06-18 11:12:27.291 +0300
"5338417a484eca51d14d28b59e51946f",История-3,Южный п.,Динской м.о.,Комфорт,НВМ,2026-01-19,квартира,3,55.75,9198750.00,165000.00,Под чистовую,ФЛ,Ипотека,ПАО Сбербанк России,0,2026-06-18 11:12:27.291 +0300
"5338417a484eca51d14d28b59e51946f",История-3,Южный п.,Динской м.о.,Комфорт,НВМ,2026-01-19,квартира,8,55.32,9127800.00,165000.00,Под чистовую,ФЛ,Ипотека,ПАО Сбербанк России,0,2026-06-18 11:12:27.291 +0300
"5042878e7f641330ddc35e8454bfe92c",Парк,Сочи,Сочи г.о.,Бизнес+,Десо,2026-01-19,апартаменты,6,65.70,49275000.00,750000.00,"Под чистовую, с отделкой и мебелью",ФЛ,Нет,,0,2026-06-18 11:12:27.291 +0300
fc98c3a43cd1680c1cb66c1523d44f4a,Дзенпарк,Марьянская ст.,Красноармейский м.о.,Комфорт,Средастрой,2026-01-19,квартира,4,17.70,2407507.00,136017.35,"Под чистовую, отделка как доп. опция",ФЛ,Нет,,0,2026-06-18 11:12:27.291 +0300
c2600c4dfa1b97ac0b7b06040e1ddaec,Порто-Ново,Новороссийск,Новороссийск м.о.,Комфорт,DOGMA,2026-01-19,квартира,18,38.00,7926800.00,208600.00,"Под чистовую, отделка как доп. опция",ФЛ,Ипотека,ПАО Сбербанк России,0,2026-06-18 11:12:27.291 +0300
c2600c4dfa1b97ac0b7b06040e1ddaec,Порто-Ново,Новороссийск,Новороссийск м.о.,Комфорт,DOGMA,2026-01-19,квартира,16,57.40,10377920.00,180800.00,"Под чистовую, отделка как доп. опция",ФЛ,Ипотека,ПАО Сбербанк России,0,2026-06-18 11:12:27.291 +0300
c2600c4dfa1b97ac0b7b06040e1ddaec,Порто-Ново,Новороссийск,Новороссийск м.о.,Комфорт,DOGMA,2026-01-19,квартира,14,37.20,7957080.00,213900.00,"Под чистовую, отделка как доп. опция",ФЛ,Ипотека,ПАО Сбербанк России,360,2026-06-18 11:12:27.291 +0300
ecdd2060c65010326879068843af8e13,Хозяин морей,Анапа,Анапа м.о.,Бизнес,Точно,2026-01-19,квартира,5,34.20,7920000.00,240000.00,Под чистовую и отделка как доп. опция,ФЛ,Нет,,0,2026-06-18 11:12:27.291 +0300
bcd90c1f7a745d86700f5d01f8ea550c,Кипарис,Сукко с.,Анапа м.о.,Комфорт,Bravo,2026-01-19,квартира,2,36.30,10421460.00,275700.00,С отделкой,ФЛ,Ипотека,ПАО Совкомбанк,0,2026-06-18 11:12:27.291 +0300
c5fc682cef8e118ca6caaa2ddeaeb433,Sun Garden Hotel,Анапа,Анапа м.о.,Премиум,Развитие,2026-01-19,апартаменты,7,53.40,25098010.00,470882.00,С отделкой и мебелью,ФЛ,Нет,,0,2026-06-18 11:12:27.291 +0300
"0fd8a9684833d1c7045dbb36bd3c14e2",Кислород,Сочи,Сочи г.о.,Бизнес,AVA Group,2026-01-19,квартира,10,37.19,14561855.00,381500.00,Без отделки,ФЛ,Ипотека,ПАО Сбербанк России,360,2026-06-18 11:12:27.291 +0300
b9d92574715ea90ea054b9078964a5d8,Лестория,Сочи,Сочи г.о.,Бизнес-,Неометрия,2026-01-19,квартира,5,33.40,15347300.00,459500.00,Под чистовую,ФЛ,Нет,,0,2026-06-18 11:12:27.291 +0300
"9aa8b842445a7cec2bd4d81e48bebc3a",Новая Волна / Volna Residences,Сочи,Сочи г.о.,Элитный,Nedvex,2026-01-20,апартаменты,2,37.29,53116000.00,1424403.33,Отделка как доп. опция,ФЛ,Нет,,0,2026-06-18 11:12:27.291 +0300
"9aa8b842445a7cec2bd4d81e48bebc3a",Новая Волна / Volna Residences,Сочи,Сочи г.о.,Элитный,Nedvex,2026-01-20,апартаменты,4,37.29,53768000.00,1441887.91,Отделка как доп. опция,ФЛ,Нет,,0,2026-06-18 11:12:27.291 +0300
"018074db013670b10cd1d3367521d2a2",Барса,Новороссийск,Новороссийск м.о.,Бизнес,Точно,2026-01-20,квартира,2,33.20,9519725.00,295643.66,С отделкой,ФЛ,Ипотека,ПАО Банк ВТБ,0,2026-06-18 11:12:27.291 +0300
"9f774747a88c96336616fc5165908dba",Sun Hills Olginka,Ольгинка с.,Туапсинский м.о.,Комфорт,Метрикс Develoрment,2026-01-20,квартира,9,21.83,7138410.00,327000.00,Под чистовую,ФЛ,Ипотека,ПАО Совкомбанк,0,2026-06-18 11:12:27.291 +0300
"9f774747a88c96336616fc5165908dba",Sun Hills Olginka,Ольгинка с.,Туапсинский м.о.,Комфорт,Метрикс Develoрment,2026-01-20,квартира,12,24.87,7958400.00,320000.00,Под чистовую,ФЛ,Ипотека,ПАО Сбербанк России,360,2026-06-18 11:12:27.291 +0300
c2600c4dfa1b97ac0b7b06040e1ddaec,Порто-Ново,Новороссийск,Новороссийск м.о.,Комфорт,DOGMA,2026-01-20,квартира,2,67.80,10854780.00,160100.00,"Под чистовую, отделка как доп. опция",ФЛ,Ипотека,ПАО Сбербанк России,336,2026-06-18 11:12:27.291 +0300
bcd90c1f7a745d86700f5d01f8ea550c,Кипарис,Сукко с.,Анапа м.о.,Комфорт,Bravo,2026-01-20,квартира,8,33.20,9622050.00,278900.00,С отделкой,ФЛ,Ипотека,ПАО Сбербанк России,0,2026-06-18 11:12:27.291 +0300
"114265fbbd12eef28cca19fc11278cc4",Город у моря,Новороссийск,Новороссийск м.о.,Комфорт,ВКБ-Новостройки,2026-01-20,квартира,9,85.96,10238000.00,119101.91,С отделкой,ФЛ,Ипотека,ПАО Сбербанк России,0,2026-06-18 11:12:27.291 +0300
d83227169c3b10c28e16d938fe1747f2,Резиденция Морей,Новороссийск,Новороссийск м.о.,Бизнес,ССК,2026-01-20,квартира,3,29.14,7260493.00,249159.00,"Под чистовую, отделка как доп. опция",ФЛ,Ипотека,АО Альфа-Банк,360,2026-06-18 11:12:27.291 +0300
d83227169c3b10c28e16d938fe1747f2,Резиденция Морей,Новороссийск,Новороссийск м.о.,Бизнес,ССК,2026-01-20,квартира,3,29.14,7260493.00,249159.00,"Под чистовую, отделка как доп. опция",ФЛ,Ипотека,ПАО Сбербанк России,0,2026-06-18 11:12:27.291 +0300
d83227169c3b10c28e16d938fe1747f2,Резиденция Морей,Новороссийск,Новороссийск м.о.,Бизнес,ССК,2026-01-20,квартира,2,30.04,7209600.00,240000.00,"Под чистовую, отделка как доп. опция",ФЛ,Ипотека,ПАО Сбербанк России,0,2026-06-18 11:12:27.291 +0300
d83227169c3b10c28e16d938fe1747f2,Резиденция Морей,Новороссийск,Новороссийск м.о.,Бизнес,ССК,2026-01-20,квартира,2,29.20,7368707.00,252353.00,"Под чистовую, отделка как доп. опция",ФЛ,Ипотека,ПАО Сбербанк России,300,2026-06-18 11:12:27.291 +0300
d83227169c3b10c28e16d938fe1747f2,Резиденция Морей,Новороссийск,Новороссийск м.о.,Бизнес,ССК,2026-01-20,квартира,2,28.64,6496869.00,226846.00,Под чистовую и с отделкой,ФЛ,Ипотека,ПАО Промсвязьбанк,0,2026-06-18 11:12:27.291 +0300
"114265fbbd12eef28cca19fc11278cc4",Город у моря,Новороссийск,Новороссийск м.о.,Комфорт,ВКБ-Новостройки,2026-01-20,квартира,8,37.82,7402000.00,190724.04,С отделкой,ФЛ,Ипотека,ПАО Сбербанк России,0,2026-06-18 11:12:27.291 +0300
"114265fbbd12eef28cca19fc11278cc4",Город у моря,Новороссийск,Новороссийск м.о.,Комфорт,ВКБ-Новостройки,2026-01-20,квартира,13,83.39,10513000.00,122301.07,С отделкой,ФЛ,Ипотека,ПАО Сбербанк России,0,2026-06-18 11:12:27.291 +0300
"95f1de2b556858c9cfd19ec123edd090",Космос Черное море Риверта Отель / Cosmos Black Sea Riverta Hotel,Пляхо с.,Туапсинский м.о.,Премиум,Тренд-групп,2026-01-20,апартаменты,5,27.30,14742000.00,540000.00,С отделкой и мебелью,ФЛ,Нет,,0,2026-06-18 11:12:27.291 +0300
d83227169c3b10c28e16d938fe1747f2,Резиденция Морей,Новороссийск,Новороссийск м.о.,Бизнес,ССК,2026-01-20,квартира,18,28.24,6614033.00,234208.00,"Под чистовую, отделка как доп. опция",ФЛ,Ипотека,ПАО Сбербанк России,0,2026-06-18 11:12:27.291 +0300
"508e2e152a644af269da402a71a52936",Облака,Новороссийск,Новороссийск м.о.,Комфорт,Неометрия,2026-01-20,квартира,8,72.50,12335875.00,170150.00,Без отделки,ФЛ,Ипотека,ПАО Совкомбанк,360,2026-06-18 11:12:27.291 +0300
b9d92574715ea90ea054b9078964a5d8,Лестория,Сочи,Сочи г.о.,Бизнес-,Неометрия,2026-01-20,квартира,4,54.60,20538320.00,376159.71,Без отделки,ФЛ,Ипотека,ПАО Совкомбанк,360,2026-06-18 11:12:27.291 +0300
b9d92574715ea90ea054b9078964a5d8,Лестория,Сочи,Сочи г.о.,Бизнес-,Неометрия,2026-01-20,квартира,5,29.30,14321840.00,488800.00,Под чистовую,ФЛ,Нет,,0,2026-06-18 11:12:27.291 +0300
"77bdd422e70b328c06a31923eddda80c",Агой-Парк,Агой с.,Туапсинский м.о.,Комфорт,АГОЙ-ПАРК,2026-01-20,квартира,4,35.95,8628000.00,240000.00,Под чистовую,ФЛ,Нет,,0,2026-06-18 11:12:27.291 +0300
c5fc682cef8e118ca6caaa2ddeaeb433,Sun Garden Hotel,Анапа,Анапа м.о.,Премиум,Развитие,2026-01-20,апартаменты,2,52.80,19912630.00,375710.00,С отделкой и мебелью,ФЛ,Нет,,0,2026-06-18 11:12:27.291 +0300
"77bdd422e70b328c06a31923eddda80c",Агой-Парк,Агой с.,Туапсинский м.о.,Комфорт,АГОЙ-ПАРК,2026-01-21,квартира,6,35.89,9331400.00,260000.00,Отделка как доп. опция,ФЛ,Ипотека,ПАО Сбербанк России,240,2026-06-18 11:12:27.291 +0300
"018074db013670b10cd1d3367521d2a2",Барса,Новороссийск,Новороссийск м.о.,Бизнес,Точно,2026-01-21,квартира,22,60.37,17204850.00,294100.00,Под чистовую и отделка как доп. опция,ФЛ,Ипотека,ПАО Сбербанк России,0,2026-06-18 11:12:27.291 +0300
b3ccb1c60914c224f2e4e07d33d020da,Новый город,Тихорецк,Тихорецкий м.о.,Комфорт,Стройуниверсал,2026-01-21,квартира,5,42.98,4467600.00,120000.00,Под чистовую,ФЛ,Нет,,0,2026-06-18 11:12:27.291 +0300
c2600c4dfa1b97ac0b7b06040e1ddaec,Порто-Ново,Новороссийск,Новороссийск м.о.,Комфорт,DOGMA,2026-01-21,квартира,8,21.10,5772960.00,273600.00,"Под чистовую, отделка как доп. опция",ФЛ,Ипотека,ПАО Сбербанк России,0,2026-06-18 11:12:27.291 +0300
c2600c4dfa1b97ac0b7b06040e1ddaec,Порто-Ново,Новороссийск,Новороссийск м.о.,Комфорт,DOGMA,2026-01-21,квартира,9,56.20,10535040.00,182900.00,"Под чистовую, отделка как доп. опция",ФЛ,Ипотека,ПАО Промсвязьбанк,224,2026-06-18 11:12:27.291 +0300
c2600c4dfa1b97ac0b7b06040e1ddaec,Порто-Ново,Новороссийск,Новороссийск м.о.,Комфорт,DOGMA,2026-01-21,квартира,11,57.50,10442000.00,181600.00,"Под чистовую, отделка как доп. опция",ФЛ,Ипотека,АО Альфа-Банк,0,2026-06-18 11:12:27.291 +0300
c2600c4dfa1b97ac0b7b06040e1ddaec,Порто-Ново,Новороссийск,Новороссийск м.о.,Комфорт,DOGMA,2026-01-21,квартира,14,46.60,9012440.00,193400.00,"Под чистовую, отделка как доп. опция",ФЛ,Ипотека,ПАО Сбербанк России,360,2026-06-18 11:12:27.291 +0300
c2600c4dfa1b97ac0b7b06040e1ddaec,Порто-Ново,Новороссийск,Новороссийск м.о.,Комфорт,DOGMA,2026-01-21,квартира,13,21.60,5989680.00,277300.00,"Под чистовую, отделка как доп. опция",ФЛ,Ипотека,ПАО Сбербанк России,360,2026-06-18 11:12:27.291 +0300
c2600c4dfa1b97ac0b7b06040e1ddaec,Порто-Ново,Новороссийск,Новороссийск м.о.,Комфорт,DOGMA,2026-01-21,квартира,15,36.20,7931420.00,219100.00,"Под чистовую, отделка как доп. опция",ФЛ,Ипотека,ПАО Сбербанк России,360,2026-06-18 11:12:27.291 +0300
bcd90c1f7a745d86700f5d01f8ea550c,Кипарис,Сукко с.,Анапа м.о.,Комфорт,Bravo,2026-01-21,квартира,2,37.80,10421460.00,275700.00,С отделкой,ФЛ,Ипотека,ПАО Совкомбанк,0,2026-06-18 11:12:27.291 +0300
bcd90c1f7a745d86700f5d01f8ea550c,Кипарис,Сукко с.,Анапа м.о.,Комфорт,Bravo,2026-01-21,квартира,7,42.40,11308080.00,266700.00,С отделкой,ФЛ,Нет,,0,2026-06-18 11:12:27.291 +0300
"068a5a3c5a4726c1ef2c4ae4a9e1359a",Cosmos Stay Olginka Moreol',Ольгинка с.,Туапсинский м.о.,Бизнес,НОСТА,2026-01-21,апартаменты,3,27.30,12285000.00,450000.00,С отделкой и мебелью,ФЛ,Ипотека,АО Альфа-Банк,228,2026-06-18 11:12:27.291 +0300
"9aa8b842445a7cec2bd4d81e48bebc3a",Новая Волна / Volna Residences,Сочи,Сочи г.о.,Элитный,Nedvex,2026-01-21,апартаменты,4,30.97,48269000.00,1558572.81,Отделка как доп. опция,ФЛ,Нет,,0,2026-06-18 11:12:27.291 +0300
"9648a6234501850e715607d4d244b13a",Botanica Hills,Небуг с.,Туапсинский м.о.,Комфорт,Метрикс Develoрment,2026-01-21,квартира,1,17.41,5922000.00,340149.34,"Под чистовую, отделка как доп. опция",ФЛ,Ипотека,ПАО Сбербанк России,180,2026-06-18 11:12:27.291 +0300
"508e2e152a644af269da402a71a52936",Облака,Новороссийск,Новороссийск м.о.,Комфорт,Неометрия,2026-01-21,квартира,5,60.10,10220005.00,170050.00,Без отделки,ФЛ,Ипотека,ПАО Сбербанк России,180,2026-06-18 11:12:27.291 +0300
"508e2e152a644af269da402a71a52936",Облака,Новороссийск,Новороссийск м.о.,Комфорт,Неометрия,2026-01-21,квартира,7,31.30,7174476.00,222120.00,Без отделки,ФЛ,Ипотека,ПАО Промсвязьбанк,227,2026-06-18 11:12:27.291 +0300
b9d92574715ea90ea054b9078964a5d8,Лестория,Сочи,Сочи г.о.,Бизнес-,Неометрия,2026-01-21,квартира,11,44.40,19835240.00,446739.64,Под чистовую и с отделкой,ФЛ,Ипотека,АО Альфа-Банк,360,2026-06-18 11:12:27.291 +0300
"114265fbbd12eef28cca19fc11278cc4",Город у моря,Новороссийск,Новороссийск м.о.,Комфорт,ВКБ-Новостройки,2026-01-21,квартира,6,83.39,10145000.00,118102.44,С отделкой,ФЛ,Ипотека,ПАО Сбербанк России,0,2026-06-18 11:12:27.291 +0300
d83227169c3b10c28e16d938fe1747f2,Резиденция Морей,Новороссийск,Новороссийск м.о.,Бизнес,ССК,2026-01-21,квартира,8,26.98,6891760.00,252353.00,"Под чистовую, отделка как доп. опция",ФЛ,Нет,,0,2026-06-18 11:12:27.291 +0300
d83227169c3b10c28e16d938fe1747f2,Резиденция Морей,Новороссийск,Новороссийск м.о.,Бизнес,ССК,2026-01-21,квартира,3,28.64,6496869.00,226846.00,"Под чистовую, отделка как доп. опция",ФЛ,Ипотека,ПАО Сбербанк России,0,2026-06-18 11:12:27.291 +0300
"114265fbbd12eef28cca19fc11278cc4",Город у моря,Новороссийск,Новороссийск м.о.,Комфорт,ВКБ-Новостройки,2026-01-21,квартира,4,37.82,7156000.00,184623.32,С отделкой,ФЛ,Ипотека,ПАО Сбербанк России,360,2026-06-18 11:12:27.291 +0300
"83e4b77e4c81fe02646c0317f082a5b3",Эден / Eden Family Hotel,Анапа,Анапа м.о.,Комфорт,Развитие,2026-01-21,апартаменты,2,24.00,6365962.00,265248.44,С отделкой и мебелью,ФЛ,Нет,,0,2026-06-18 11:12:27.291 +0300
"83e4b77e4c81fe02646c0317f082a5b3",Эден / Eden Family Hotel,Анапа,Анапа м.о.,Комфорт,Развитие,2026-01-21,апартаменты,3,26.00,6896459.00,265248.44,С отделкой и мебелью,ФЛ,Нет,,0,2026-06-18 11:12:27.291 +0300
"95f1de2b556858c9cfd19ec123edd090",Космос Черное море Риверта Отель / Cosmos Black Sea Riverta Hotel,Пляхо с.,Туапсинский м.о.,Премиум,Тренд-групп,2026-01-21,апартаменты,6,25.90,16083900.00,621000.00,С отделкой и мебелью,ФЛ,Нет,,0,2026-06-18 11:12:27.291 +0300
d83227169c3b10c28e16d938fe1747f2,Резиденция Морей,Новороссийск,Новороссийск м.о.,Бизнес,ССК,2026-01-22,квартира,3,30.23,7532076.00,249159.00,"Под чистовую, отделка как доп. опция",ФЛ,Ипотека,ПАО Сбербанк России,360,2026-06-18 11:12:27.291 +0300
d83227169c3b10c28e16d938fe1747f2,Резиденция Морей,Новороссийск,Новороссийск м.о.,Бизнес,ССК,2026-01-22,квартира,8,27.64,6633600.00,240000.00,"Под чистовую, отделка как доп. опция",ФЛ,Ипотека,АО Альфа-Банк,0,2026-06-18 11:12:27.291 +0300
d83227169c3b10c28e16d938fe1747f2,Резиденция Морей,Новороссийск,Новороссийск м.о.,Бизнес,ССК,2026-01-22,квартира,5,27.52,6924566.00,252353.00,"Под чистовую, отделка как доп. опция",ФЛ,Ипотека,АО Альфа-Банк,0,2026-06-18 11:12:27.291 +0300
cd60148b427a937b07d16ed3aa02db46,Алеан Селект Агой / Alean Select Agoy,Агой с.,Туапсинский м.о.,Комфорт,Метрикс Develoрment,2026-01-22,апартаменты,5,33.10,19801000.00,598217.52,С отделкой и мебелью,ФЛ,Нет,,0,2026-06-18 11:12:27.291 +0300
e7435571144b9a3d7cd4ab24dd71543f,На Высоком берегу,Анапа,Анапа м.о.,Бизнес,ССК,2026-01-22,квартира,9,38.10,10668000.00,280000.00,Под чистовую,ФЛ,Ипотека,ПАО Банк ВТБ,0,2026-06-18 11:12:27.291 +0300
"114265fbbd12eef28cca19fc11278cc4",Город у моря,Новороссийск,Новороссийск м.о.,Комфорт,ВКБ-Новостройки,2026-01-22,квартира,14,83.39,10513000.00,122301.07,С отделкой,ФЛ,Ипотека,ПАО Сбербанк России,276,2026-06-18 11:12:27.291 +0300
d83227169c3b10c28e16d938fe1747f2,Резиденция Морей,Новороссийск,Новороссийск м.о.,Бизнес,ССК,2026-01-22,квартира,4,28.61,6700690.00,234208.00,"Под чистовую, отделка как доп. опция",ФЛ,Ипотека,АО Альфа-Банк,0,2026-06-18 11:12:27.291 +0300
d83227169c3b10c28e16d938fe1747f2,Резиденция Морей,Новороссийск,Новороссийск м.о.,Бизнес,ССК,2026-01-22,квартира,18,28.24,6614033.00,234208.00,"Под чистовую, отделка как доп. опция",ФЛ,Ипотека,АО Альфа-Банк,0,2026-06-18 11:12:27.291 +0300
"5338417a484eca51d14d28b59e51946f",История-3,Южный п.,Динской м.о.,Комфорт,НВМ,2026-01-22,квартира,8,35.70,6604500.00,185000.00,Под чистовую,ФЛ,Ипотека,ПАО Сбербанк России,0,2026-06-18 11:12:27.291 +0300
"1ca3f1bfc537b113522f1104d3c9f5e5",Флавиум / Flavium,Сочи,Сочи г.о.,Элитный,Форт,2026-01-22,апартаменты,5,104.10,180613500.00,1735000.00,Под чистовую,ФЛ,Нет,,0,2026-06-18 11:12:27.291 +0300
"1ca3f1bfc537b113522f1104d3c9f5e5",Флавиум / Flavium,Сочи,Сочи г.о.,Элитный,Форт,2026-01-22,апартаменты,5,97.00,130950000.00,1350000.00,Под чистовую,ФЛ,Нет,,0,2026-06-18 11:12:27.291 +0300
c2600c4dfa1b97ac0b7b06040e1ddaec,Порто-Ново,Новороссийск,Новороссийск м.о.,Комфорт,DOGMA,2026-01-22,квартира,15,39.50,7955300.00,201400.00,"Под чистовую, отделка как доп. опция",ФЛ,Ипотека,ПАО Сбербанк России,360,2026-06-18 11:12:27.291 +0300
c2600c4dfa1b97ac0b7b06040e1ddaec,Порто-Ново,Новороссийск,Новороссийск м.о.,Комфорт,DOGMA,2026-01-22,квартира,7,21.10,4008683.00,189985.00,"Под чистовую, отделка как доп. опция",ФЛ,Ипотека,ПАО Сбербанк России,360,2026-06-18 11:12:27.291 +0300
"77bdd422e70b328c06a31923eddda80c",Агой-Парк,Агой с.,Туапсинский м.о.,Комфорт,АГОЙ-ПАРК,2026-01-22,квартира,5,40.14,9633600.00,240000.00,Отделка как доп. опция,ФЛ,Ипотека,ПАО Сбербанк России,360,2026-06-18 11:12:27.291 +0300
de2aa2f5a366bc2350a3e192512ea3e6,Цветной бульвар,Северская ст-ца,Северский м.о.,Комфорт,Точно,2026-01-22,квартира,5,41.09,4725350.00,115000.00,С отделкой,ФЛ,Нет,,0,2026-06-18 11:12:27.291 +0300
"0fd8a9684833d1c7045dbb36bd3c14e2",Кислород,Сочи,Сочи г.о.,Бизнес,AVA Group,2026-01-22,квартира,9,41.75,15454905.00,359500.00,Без отделки,ФЛ,Ипотека,ПАО Совкомбанк,180,2026-06-18 11:12:27.291 +0300
"508e2e152a644af269da402a71a52936",Облака,Новороссийск,Новороссийск м.о.,Комфорт,Неометрия,2026-01-22,квартира,7,76.10,13118080.00,164800.00,Без отделки,ФЛ,Ипотека,ПАО Совкомбанк,360,2026-06-18 11:12:27.291 +0300
"9aa8b842445a7cec2bd4d81e48bebc3a",Новая Волна / Volna Residences,Сочи,Сочи г.о.,Элитный,Nedvex,2026-01-23,апартаменты,4,32.72,45709000.00,1396974.33,Отделка как доп. опция,ЮЛ,Нет,,0,2026-06-18 11:12:27.291 +0300
"0fd8a9684833d1c7045dbb36bd3c14e2",Кислород,Сочи,Сочи г.о.,Бизнес,AVA Group,2026-01-23,квартира,6,21.89,10389946.00,455300.00,Без отделки,ФЛ,Ипотека,ПАО Сбербанк России,360,2026-06-18 11:12:27.291 +0300
fc98c3a43cd1680c1cb66c1523d44f4a,Дзенпарк,Марьянская ст.,Красноармейский м.о.,Комфорт,Средастрой,2026-01-23,квартира,2,18.50,2516320.00,136017.35,"Под чистовую, отделка как доп. опция",ФЛ,Ипотека,ПАО Сбербанк России,0,2026-06-18 11:12:27.291 +0300
"9f774747a88c96336616fc5165908dba",Sun Hills Olginka,Ольгинка с.,Туапсинский м.о.,Комфорт,Метрикс Develoрment,2026-01-23,квартира,8,17.66,6330192.00,358448.02,Под чистовую,ФЛ,Ипотека,ПАО Банк ВТБ,362,2026-06-18 11:12:27.291 +0300
"9f774747a88c96336616fc5165908dba",Sun Hills Olginka,Ольгинка с.,Туапсинский м.о.,Комфорт,Метрикс Develoрment,2026-01-23,квартира,7,17.76,6364296.00,358350.00,Под чистовую,ФЛ,Нет,,0,2026-06-18 11:12:27.291 +0300
ecdd2060c65010326879068843af8e13,Хозяин морей,Анапа,Анапа м.о.,Бизнес,Точно,2026-01-23,квартира,6,50.90,11094600.00,225500.00,Под чистовую и отделка как доп. опция,ФЛ,Ипотека,ПАО Сбербанк России,360,2026-06-18 11:12:27.291 +0300
cd60148b427a937b07d16ed3aa02db46,Алеан Селект Агой / Alean Select Agoy,Агой с.,Туапсинский м.о.,Комфорт,Метрикс Develoрment,2026-01-23,апартаменты,5,33.40,24048000.00,720000.00,С отделкой и мебелью,ФЛ,Нет,,0,2026-06-18 11:12:27.291 +0300
bcd90c1f7a745d86700f5d01f8ea550c,Кипарис,Сукко с.,Анапа м.о.,Комфорт,Bravo,2026-01-23,квартира,3,37.30,8243300.00,221000.00,С отделкой,ФЛ,Нет,,0,2026-06-18 11:12:27.291 +0300
c5fc682cef8e118ca6caaa2ddeaeb433,Sun Garden Hotel,Анапа,Анапа м.о.,Премиум,Развитие,2026-01-23,апартаменты,3,53.00,20778173.00,392041.00,С отделкой и мебелью,ФЛ,Нет,,0,2026-06-18 11:12:27.291 +0300
"114265fbbd12eef28cca19fc11278cc4",Город у моря,Новороссийск,Новороссийск м.о.,Комфорт,ВКБ-Новостройки,2026-01-23,квартира,6,57.54,9052000.00,157316.65,С отделкой,ФЛ,Ипотека,ПАО Сбербанк России,0,2026-06-18 11:12:27.291 +0300
d83227169c3b10c28e16d938fe1747f2,Резиденция Морей,Новороссийск,Новороссийск м.о.,Бизнес,ССК,2026-01-23,квартира,7,40.11,9425850.00,235000.00,"Под чистовую, отделка как доп. опция",ФЛ,Ипотека,АО Альфа-Банк,360,2026-06-18 11:12:27.291 +0300
d83227169c3b10c28e16d938fe1747f2,Резиденция Морей,Новороссийск,Новороссийск м.о.,Бизнес,ССК,2026-01-23,квартира,5,27.75,6914162.00,249159.00,"Под чистовую, отделка как доп. опция",ФЛ,Ипотека,АО Альфа-Банк,360,2026-06-18 11:12:27.291 +0300
d83227169c3b10c28e16d938fe1747f2,Резиденция Морей,Новороссийск,Новороссийск м.о.,Бизнес,ССК,2026-01-23,квартира,7,27.68,6896721.00,249159.00,"Под чистовую, отделка как доп. опция",ФЛ,Ипотека,АО Альфа-Банк,360,2026-06-18 11:12:27.291 +0300
d83227169c3b10c28e16d938fe1747f2,Резиденция Морей,Новороссийск,Новороссийск м.о.,Бизнес,ССК,2026-01-23,квартира,3,28.84,7532737.00,252353.00,"Под чистовую, отделка как доп. опция",ФЛ,Ипотека,АО Альфа-Банк,228,2026-06-18 11:12:27.291 +0300
"3b768d7a3423d87ca2500e86b3aa26e8",Мореград,Анапа,Анапа м.о.,Комфорт,ССК,2026-01-23,апартаменты,7,23.00,8625000.00,375000.00,С отделкой и мебелью,ФЛ,Ипотека,ПАО Сбербанк России,0,2026-06-18 11:12:27.291 +0300
d83227169c3b10c28e16d938fe1747f2,Резиденция Морей,Новороссийск,Новороссийск м.о.,Бизнес,ССК,2026-01-23,квартира,4,28.61,6348473.00,221897.00,"Под чистовую, отделка как доп. опция",ФЛ,Ипотека,ПАО Сбербанк России,0,2026-06-18 11:12:27.291 +0300
d83227169c3b10c28e16d938fe1747f2,Резиденция Морей,Новороссийск,Новороссийск м.о.,Бизнес,ССК,2026-01-23,квартира,4,28.64,6496869.00,226846.00,"Под чистовую, отделка как доп. опция",ФЛ,Ипотека,АО Альфа-Банк,360,2026-06-18 11:12:27.291 +0300
d83227169c3b10c28e16d938fe1747f2,Резиденция Морей,Новороссийск,Новороссийск м.о.,Бизнес,ССК,2026-01-23,квартира,6,28.64,6496869.00,226846.00,"Под чистовую, отделка как доп. опция",ФЛ,Ипотека,АО Альфа-Банк,0,2026-06-18 11:12:27.291 +0300
d83227169c3b10c28e16d938fe1747f2,Резиденция Морей,Новороссийск,Новороссийск м.о.,Бизнес,ССК,2026-01-23,квартира,7,27.74,6292708.00,226846.00,"Под чистовую, отделка как доп. опция",ФЛ,Ипотека,ПАО Сбербанк России,360,2026-06-18 11:12:27.291 +0300
"114265fbbd12eef28cca19fc11278cc4",Город у моря,Новороссийск,Новороссийск м.о.,Комфорт,ВКБ-Новостройки,2026-01-23,квартира,8,47.09,8048000.00,170906.77,С отделкой,ФЛ,Ипотека,ПАО Сбербанк России,360,2026-06-18 11:12:27.291 +0300
"2be7f950954f9f0b079ca01c72d39a42",Морская Горгиппия,Анапа,Анапа м.о.,Эконом,ОБД-Инвест,2026-01-23,квартира,8,37.65,6947855.00,184538.00,Под чистовую,ФЛ,Ипотека,ПАО Сбербанк России,0,2026-06-18 11:12:27.291 +0300
d83227169c3b10c28e16d938fe1747f2,Резиденция Морей,Новороссийск,Новороссийск м.о.,Бизнес,ССК,2026-01-23,квартира,5,28.64,6492544.00,226695.00,"Под чистовую, отделка как доп. опция",ФЛ,Ипотека,АО Альфа-Банк,0,2026-06-18 11:12:27.291 +0300
"441afa8fae5c94a584f16bc1baa6b237",Моренуар,Новороссийск,Новороссийск м.о.,Бизнес,Семья,2026-01-23,квартира,3,21.00,6139800.00,270000.00,С отделкой,ФЛ,Ипотека,ПАО Сбербанк России,0,2026-06-18 11:12:27.291 +0300
"95f1de2b556858c9cfd19ec123edd090",Космос Черное море Риверта Отель / Cosmos Black Sea Riverta Hotel,Пляхо с.,Туапсинский м.о.,Премиум,Тренд-групп,2026-01-23,апартаменты,7,25.90,16265200.00,628000.00,С отделкой и мебелью,ФЛ,Нет,,0,2026-06-18 11:12:27.291 +0300
"9648a6234501850e715607d4d244b13a",Botanica Hills,Небуг с.,Туапсинский м.о.,Комфорт,Метрикс Develoрment,2026-01-23,квартира,14,16.71,6684000.00,400000.00,"Под чистовую, отделка как доп. опция",ФЛ,Ипотека,ПАО Сбербанк России,360,2026-06-18 11:12:27.291 +0300
"9648a6234501850e715607d4d244b13a",Botanica Hills,Небуг с.,Туапсинский м.о.,Комфорт,Метрикс Develoрment,2026-01-23,квартира,18,17.97,7843000.00,436449.64,"Под чистовую, отделка как доп. опция",ФЛ,Ипотека,ПАО Сбербанк России,324,2026-06-18 11:12:27.291 +0300
b9d92574715ea90ea054b9078964a5d8,Лестория,Сочи,Сочи г.о.,Бизнес-,Неометрия,2026-01-23,квартира,15,22.30,11967560.00,507100.00,Под чистовую,ФЛ,Нет,,0,2026-06-18 11:12:27.291 +0300
b9d92574715ea90ea054b9078964a5d8,Лестория,Сочи,Сочи г.о.,Бизнес-,Неометрия,2026-01-23,квартира,9,73.50,26166000.00,356000.00,Без отделки,ФЛ,Ипотека,ПАО Сбербанк России,168,2026-06-18 11:12:27.291 +0300
"77bdd422e70b328c06a31923eddda80c",Агой-Парк,Агой с.,Туапсинский м.о.,Комфорт,АГОЙ-ПАРК,2026-01-23,квартира,3,35.02,8404800.00,240000.00,Отделка как доп. опция,ФЛ,Ипотека,ПАО Совкомбанк,360,2026-06-18 11:12:27.291 +0300
"77bdd422e70b328c06a31923eddda80c",Агой-Парк,Агой с.,Туапсинский м.о.,Комфорт,АГОЙ-ПАРК,2026-01-23,квартира,7,38.03,9887800.00,260000.00,Отделка как доп. опция,ФЛ,Ипотека,ПАО Сбербанк России,152,2026-06-18 11:12:27.291 +0300
"018074db013670b10cd1d3367521d2a2",Барса,Новороссийск,Новороссийск м.о.,Бизнес,Точно,2026-01-24,квартира,4,58.50,12175730.00,216650.00,С отделкой,ФЛ,Ипотека,ПАО Сбербанк России,360,2026-06-18 11:12:27.291 +0300
"018074db013670b10cd1d3367521d2a2",Барса,Новороссийск,Новороссийск м.о.,Бизнес,Точно,2026-01-24,квартира,8,35.10,10153351.00,300395.00,С отделкой,ФЛ,Ипотека,ПАО Сбербанк России,360,2026-06-18 11:12:27.291 +0300
fc98c3a43cd1680c1cb66c1523d44f4a,Дзенпарк,Марьянская ст.,Красноармейский м.о.,Комфорт,Средастрой,2026-01-24,квартира,1,18.50,2220000.00,120000.00,Под чистовую,ФЛ,Ипотека,ПАО Сбербанк России,0,2026-06-18 11:12:27.291 +0300
fc98c3a43cd1680c1cb66c1523d44f4a,Дзенпарк,Марьянская ст.,Красноармейский м.о.,Комфорт,Средастрой,2026-01-24,квартира,1,18.50,2516320.00,136017.35,"Под чистовую, отделка как доп. опция",ФЛ,Ипотека,ПАО Сбербанк России,0,2026-06-18 11:12:27.291 +0300
c2600c4dfa1b97ac0b7b06040e1ddaec,Порто-Ново,Новороссийск,Новороссийск м.о.,Комфорт,DOGMA,2026-01-24,квартира,8,20.00,5472000.00,273600.00,"Под чистовую, отделка как доп. опция",ФЛ,Ипотека,ПАО Сбербанк России,360,2026-06-18 11:12:27.291 +0300
c2600c4dfa1b97ac0b7b06040e1ddaec,Порто-Ново,Новороссийск,Новороссийск м.о.,Комфорт,DOGMA,2026-01-24,квартира,4,46.80,8690760.00,185700.00,"Под чистовую, отделка как доп. опция",ФЛ,Ипотека,ПАО Сбербанк России,360,2026-06-18 11:12:27.291 +0300
"9648a6234501850e715607d4d244b13a",Botanica Hills,Небуг с.,Туапсинский м.о.,Комфорт,Метрикс Develoрment,2026-01-24,квартира,7,31.50,9603000.00,304857.14,"Под чистовую, отделка как доп. опция",ФЛ,Ипотека,ПАО Сбербанк России,360,2026-06-18 11:12:27.291 +0300
"114265fbbd12eef28cca19fc11278cc4",Город у моря,Новороссийск,Новороссийск м.о.,Комфорт,ВКБ-Новостройки,2026-01-24,квартира,9,56.55,9052000.00,157316.65,С отделкой,ФЛ,Ипотека,ПАО Сбербанк России,0,2026-06-18 11:12:27.291 +0300
d83227169c3b10c28e16d938fe1747f2,Резиденция Морей,Новороссийск,Новороссийск м.о.,Бизнес,ССК,2026-01-24,квартира,3,46.96,11845660.00,252250.00,"Под чистовую, отделка как доп. опция",ФЛ,Ипотека,ПАО Сбербанк России,0,2026-06-18 11:12:27.291 +0300
d83227169c3b10c28e16d938fe1747f2,Резиденция Морей,Новороссийск,Новороссийск м.о.,Бизнес,ССК,2026-01-24,квартира,9,28.64,6496869.00,226846.00,"Под чистовую, отделка как доп. опция",ФЛ,Ипотека,ПАО Сбербанк России,0,2026-06-18 11:12:27.291 +0300
"5338417a484eca51d14d28b59e51946f",История-3,Южный п.,Динской м.о.,Комфорт,НВМ,2026-01-24,квартира,5,25.69,5009550.00,195000.00,Под чистовую,ФЛ,Ипотека,ПАО Сбербанк России,0,2026-06-18 11:12:27.291 +0300
c2600c4dfa1b97ac0b7b06040e1ddaec,Порто-Ново,Новороссийск,Новороссийск м.о.,Комфорт,DOGMA,2026-01-25,квартира,10,20.90,6357780.00,304200.00,"Под чистовую, отделка как доп. опция",ФЛ,Ипотека,ПАО Сбербанк России,360,2026-06-18 11:12:27.291 +0300
"018074db013670b10cd1d3367521d2a2",Барса,Новороссийск,Новороссийск м.о.,Бизнес,Точно,2026-01-26,квартира,9,53.10,11652795.00,219450.00,С отделкой,ФЛ,Ипотека,ПАО Сбербанк России,0,2026-06-18 11:12:27.291 +0300
c2600c4dfa1b97ac0b7b06040e1ddaec,Порто-Ново,Новороссийск,Новороссийск м.о.,Комфорт,DOGMA,2026-01-26,квартира,14,37.20,7867800.00,211500.00,"Под чистовую, отделка как доп. опция",ФЛ,Ипотека,ПАО Сбербанк России,360,2026-06-18 11:12:27.291 +0300
"9648a6234501850e715607d4d244b13a",Botanica Hills,Небуг с.,Туапсинский м.о.,Комфорт,Метрикс Develoрment,2026-01-26,квартира,8,31.50,9332000.00,296253.97,"Под чистовую, отделка как доп. опция",ФЛ,Ипотека,ПАО Сбербанк России,336,2026-06-18 11:12:27.291 +0300
bcd90c1f7a745d86700f5d01f8ea550c,Кипарис,Сукко с.,Анапа м.о.,Комфорт,Bravo,2026-01-26,квартира,8,34.80,9705720.00,278900.00,С отделкой,ФЛ,Ипотека,ПАО Сбербанк России,360,2026-06-18 11:12:27.291 +0300
bcd90c1f7a745d86700f5d01f8ea550c,Кипарис,Сукко с.,Анапа м.о.,Комфорт,Bravo,2026-01-26,квартира,4,0.00,7690800.00,221000.00,С отделкой,ФЛ,Нет,,0,2026-06-18 11:12:27.291 +0300
"114265fbbd12eef28cca19fc11278cc4",Город у моря,Новороссийск,Новороссийск м.о.,Комфорт,ВКБ-Новостройки,2026-01-26,квартира,6,65.90,9555000.00,143210.43,С отделкой,ФЛ,Ипотека,ПАО Сбербанк России,0,2026-06-18 11:12:27.291 +0300
"114265fbbd12eef28cca19fc11278cc4",Город у моря,Новороссийск,Новороссийск м.о.,Комфорт,ВКБ-Новостройки,2026-01-26,квартира,1,37.82,6978000.00,178923.08,С отделкой,ФЛ,Ипотека,ПАО Сбербанк России,0,2026-06-18 11:12:27.291 +0300
d83227169c3b10c28e16d938fe1747f2,Резиденция Морей,Новороссийск,Новороссийск м.о.,Бизнес,ССК,2026-01-26,квартира,7,26.43,6692401.00,252353.00,"Под чистовую, отделка как доп. опция",ФЛ,Ипотека,ПАО Сбербанк России,0,2026-06-18 11:12:27.291 +0300
"3b768d7a3423d87ca2500e86b3aa26e8",Мореград,Анапа,Анапа м.о.,Комфорт,ССК,2026-01-26,апартаменты,2,23.00,8395000.00,365000.00,С отделкой и мебелью,ФЛ,Ипотека,АО Альфа-Банк,0,2026-06-18 11:12:27.291 +0300
d83227169c3b10c28e16d938fe1747f2,Резиденция Морей,Новороссийск,Новороссийск м.о.,Бизнес,ССК,2026-01-26,квартира,3,28.61,6349360.00,221928.00,"Под чистовую, отделка как доп. опция",ФЛ,Ипотека,ПАО Сбербанк России,360,2026-06-18 11:12:27.291 +0300
d83227169c3b10c28e16d938fe1747f2,Резиденция Морей,Новороссийск,Новороссийск м.о.,Бизнес,ССК,2026-01-26,квартира,5,28.61,6349360.00,221928.00,"Под чистовую, отделка как доп. опция",ФЛ,Ипотека,ПАО Сбербанк России,0,2026-06-18 11:12:27.291 +0300
d83227169c3b10c28e16d938fe1747f2,Резиденция Морей,Новороссийск,Новороссийск м.о.,Бизнес,ССК,2026-01-26,квартира,9,64.34,13833100.00,215000.00,"Под чистовую, отделка как доп. опция",ФЛ,Ипотека,ПАО Сбербанк России,0,2026-06-18 11:12:27.291 +0300
"114265fbbd12eef28cca19fc11278cc4",Город у моря,Новороссийск,Новороссийск м.о.,Комфорт,ВКБ-Новостройки,2026-01-26,квартира,2,57.54,9184000.00,159610.71,С отделкой,ФЛ,Ипотека,ПАО Сбербанк России,360,2026-06-18 11:12:27.291 +0300
"114265fbbd12eef28cca19fc11278cc4",Город у моря,Новороссийск,Новороссийск м.о.,Комфорт,ВКБ-Новостройки,2026-01-26,квартира,9,83.39,10307000.00,119904.61,С отделкой,ФЛ,Ипотека,ПАО Промсвязьбанк,211,2026-06-18 11:12:27.291 +0300
"2be7f950954f9f0b079ca01c72d39a42",Морская Горгиппия,Анапа,Анапа м.о.,Эконом,ОБД-Инвест,2026-01-26,квартира,15,56.39,10749851.00,190634.00,Под чистовую,ФЛ,Ипотека,Кубань Кредит,0,2026-06-18 11:12:27.291 +0300
"95f1de2b556858c9cfd19ec123edd090",Космос Черное море Риверта Отель / Cosmos Black Sea Riverta Hotel,Пляхо с.,Туапсинский м.о.,Премиум,Тренд-групп,2026-01-26,апартаменты,5,25.90,15928500.00,615000.00,С отделкой и мебелью,ФЛ,Нет,,0,2026-06-18 11:12:27.291 +0300
d83227169c3b10c28e16d938fe1747f2,Резиденция Морей,Новороссийск,Новороссийск м.о.,Бизнес,ССК,2026-01-26,квартира,7,27.74,6288519.00,226695.00,"Под чистовую, отделка как доп. опция",ФЛ,Ипотека,ПАО Сбербанк России,360,2026-06-18 11:12:27.291 +0300
"5338417a484eca51d14d28b59e51946f",История-3,Южный п.,Динской м.о.,Комфорт,НВМ,2026-01-26,квартира,7,55.75,9198750.00,165000.00,Под чистовую,ФЛ,Ипотека,ПАО Сбербанк России,288,2026-06-18 11:12:27.291 +0300
"5042878e7f641330ddc35e8454bfe92c",Парк,Сочи,Сочи г.о.,Бизнес+,Десо,2026-01-26,апартаменты,2,64.30,53047564.00,825001.00,"Под чистовую, с отделкой и мебелью",ФЛ,Нет,,0,2026-06-18 11:12:27.291 +0300
"5042878e7f641330ddc35e8454bfe92c",Парк,Сочи,Сочи г.о.,Бизнес+,Десо,2026-01-26,апартаменты,4,95.90,71925000.00,750000.00,"Под чистовую, с отделкой и мебелью",ФЛ,Нет,,0,2026-06-18 11:12:27.291 +0300
"95f1de2b556858c9cfd19ec123edd090",Космос Черное море Риверта Отель / Cosmos Black Sea Riverta Hotel,Пляхо с.,Туапсинский м.о.,Премиум,Тренд-групп,2026-01-26,апартаменты,7,25.90,16265200.00,628000.00,С отделкой и мебелью,ФЛ,Нет,,0,2026-06-18 11:12:27.291 +0300
"9648a6234501850e715607d4d244b13a",Botanica Hills,Небуг с.,Туапсинский м.о.,Комфорт,Метрикс Develoрment,2026-01-26,квартира,18,17.97,7843000.00,436449.64,"Под чистовую, отделка как доп. опция",ФЛ,Ипотека,ПАО Сбербанк России,360,2026-06-18 11:12:27.291 +0300
"508e2e152a644af269da402a71a52936",Облака,Новороссийск,Новороссийск м.о.,Комфорт,Неометрия,2026-01-26,квартира,1,38.00,7705260.00,202770.00,Без отделки,ФЛ,Ипотека,ПАО Сбербанк России,360,2026-06-18 11:12:27.291 +0300
"508e2e152a644af269da402a71a52936",Облака,Новороссийск,Новороссийск м.о.,Комфорт,Неометрия,2026-01-26,квартира,7,35.10,7525440.00,214400.00,Без отделки,ФЛ,Ипотека,ПАО Банк ВТБ,362,2026-06-18 11:12:27.291 +0300
"508e2e152a644af269da402a71a52936",Облака,Новороссийск,Новороссийск м.о.,Комфорт,Неометрия,2026-01-26,квартира,23,40.10,8219698.00,204980.00,Без отделки,ФЛ,Ипотека,ПАО Сбербанк России,324,2026-06-18 11:12:27.291 +0300
b9d92574715ea90ea054b9078964a5d8,Лестория,Сочи,Сочи г.о.,Бизнес-,Неометрия,2026-01-26,квартира,17,73.50,29076600.00,395600.00,Без отделки,ФЛ,Нет,,0,2026-06-18 11:12:27.291 +0300
c5fc682cef8e118ca6caaa2ddeaeb433,Sun Garden Hotel,Анапа,Анапа м.о.,Премиум,Развитие,2026-01-26,апартаменты,4,26.60,9131290.00,344577.00,С отделкой и мебелью,ФЛ,Нет,,0,2026-06-18 11:12:27.291 +0300
"77bdd422e70b328c06a31923eddda80c",Агой-Парк,Агой с.,Туапсинский м.о.,Комфорт,АГОЙ-ПАРК,2026-01-27,квартира,4,32.29,8404800.00,240000.00,Под чистовую,ФЛ,Ипотека,ПАО Сбербанк России,238,2026-06-18 11:12:27.291 +0300
"9aa8b842445a7cec2bd4d81e48bebc3a",Новая Волна / Volna Residences,Сочи,Сочи г.о.,Элитный,Nedvex,2026-01-27,апартаменты,2,37.29,51001000.00,1367685.71,Отделка как доп. опция,ФЛ,Нет,,0,2026-06-18 11:12:27.291 +0300
"9aa8b842445a7cec2bd4d81e48bebc3a",Новая Волна / Volna Residences,Сочи,Сочи г.о.,Элитный,Nedvex,2026-01-27,апартаменты,3,37.29,53582000.00,1436899.97,Отделка как доп. опция,ФЛ,Нет,,0,2026-06-18 11:12:27.291 +0300
"018074db013670b10cd1d3367521d2a2",Барса,Новороссийск,Новороссийск м.о.,Бизнес,Точно,2026-01-27,квартира,5,53.50,11428515.00,223650.00,С отделкой,ФЛ,Нет,,0,2026-06-18 11:12:27.291 +0300
"9f774747a88c96336616fc5165908dba",Sun Hills Olginka,Ольгинка с.,Туапсинский м.о.,Комфорт,Метрикс Develoрment,2026-01-27,квартира,16,23.89,8600400.00,360000.00,Под чистовую,ФЛ,Ипотека,ПАО Сбербанк России,360,2026-06-18 11:12:27.291 +0300
c2600c4dfa1b97ac0b7b06040e1ddaec,Порто-Ново,Новороссийск,Новороссийск м.о.,Комфорт,DOGMA,2026-01-27,квартира,2,64.50,10665600.00,161600.00,"Под чистовую, отделка как доп. опция",ФЛ,Ипотека,ПАО Банк ВТБ,362,2026-06-18 11:12:27.291 +0300
c2600c4dfa1b97ac0b7b06040e1ddaec,Порто-Ново,Новороссийск,Новороссийск м.о.,Комфорт,DOGMA,2026-01-27,квартира,17,67.30,11407350.00,169500.00,"Под чистовую, отделка как доп. опция",ФЛ,Ипотека,ПАО Сбербанк России,240,2026-06-18 11:12:27.291 +0300
bcd90c1f7a745d86700f5d01f8ea550c,Кипарис,Сукко с.,Анапа м.о.,Комфорт,Bravo,2026-01-27,квартира,8,34.80,9705720.00,278900.00,С отделкой,ФЛ,Ипотека,ПАО Сбербанк России,0,2026-06-18 11:12:27.291 +0300
"508e2e152a644af269da402a71a52936",Облака,Новороссийск,Новороссийск м.о.,Комфорт,Неометрия,2026-01-27,квартира,7,35.40,7952448.00,217280.00,Без отделки,ФЛ,Ипотека,ПАО Совкомбанк,0,2026-06-18 11:12:27.291 +0300
"508e2e152a644af269da402a71a52936",Облака,Новороссийск,Новороссийск м.о.,Комфорт,Неометрия,2026-01-27,квартира,12,24.20,6900388.00,285140.00,Без отделки,ФЛ,Ипотека,ПАО Сбербанк России,360,2026-06-18 11:12:27.291 +0300
"114265fbbd12eef28cca19fc11278cc4",Город у моря,Новороссийск,Новороссийск м.о.,Комфорт,ВКБ-Новостройки,2026-01-27,квартира,3,66.72,9521000.00,142700.84,С отделкой,ФЛ,Ипотека,ПАО Сбербанк России,240,2026-06-18 11:12:27.291 +0300
"114265fbbd12eef28cca19fc11278cc4",Город у моря,Новороссийск,Новороссийск м.о.,Комфорт,ВКБ-Новостройки,2026-01-27,квартира,13,57.54,9023000.00,156812.65,С отделкой,ФЛ,Ипотека,ПАО Сбербанк России,360,2026-06-18 11:12:27.291 +0300
d83227169c3b10c28e16d938fe1747f2,Резиденция Морей,Новороссийск,Новороссийск м.о.,Бизнес,ССК,2026-01-27,квартира,4,40.11,9225300.00,230000.00,"Под чистовую, отделка как доп. опция",ФЛ,Нет,,0,2026-06-18 11:12:27.291 +0300
d83227169c3b10c28e16d938fe1747f2,Резиденция Морей,Новороссийск,Новороссийск м.о.,Бизнес,ССК,2026-01-27,квартира,2,31.57,7576800.00,240000.00,Под чистовую и с отделкой,ФЛ,Ипотека,АО Альфа-Банк,360,2026-06-18 11:12:27.291 +0300
"3b768d7a3423d87ca2500e86b3aa26e8",Мореград,Анапа,Анапа м.о.,Комфорт,ССК,2026-01-27,апартаменты,2,24.30,8869500.00,365000.00,С отделкой и мебелью,ФЛ,Ипотека,ПАО Сбербанк России,0,2026-06-18 11:12:27.291 +0300
"3b768d7a3423d87ca2500e86b3aa26e8",Мореград,Анапа,Анапа м.о.,Комфорт,ССК,2026-01-27,апартаменты,4,23.50,8577500.00,365000.00,С отделкой и мебелью,ФЛ,Нет,,0,2026-06-18 11:12:27.291 +0300
d83227169c3b10c28e16d938fe1747f2,Резиденция Морей,Новороссийск,Новороссийск м.о.,Бизнес,ССК,2026-01-27,квартира,9,28.64,6510931.00,227337.00,"Под чистовую, отделка как доп. опция",ФЛ,Ипотека,ПАО Сбербанк России,360,2026-06-18 11:12:27.291 +0300
d83227169c3b10c28e16d938fe1747f2,Резиденция Морей,Новороссийск,Новороссийск м.о.,Бизнес,ССК,2026-01-27,квартира,7,27.74,6306328.00,227337.00,"Под чистовую, отделка как доп. опция",ФЛ,Ипотека,АО Альфа-Банк,360,2026-06-18 11:12:27.291 +0300
"114265fbbd12eef28cca19fc11278cc4",Город у моря,Новороссийск,Новороссийск м.о.,Комфорт,ВКБ-Новостройки,2026-01-27,квартира,10,38.76,7175000.00,185113.52,С отделкой,ФЛ,Ипотека,ПАО Сбербанк России,360,2026-06-18 11:12:27.291 +0300
d83227169c3b10c28e16d938fe1747f2,Резиденция Морей,Новороссийск,Новороссийск м.о.,Бизнес,ССК,2026-01-27,квартира,5,27.74,6288519.00,226695.00,"Под чистовую, отделка как доп. опция",ФЛ,Ипотека,ПАО Сбербанк России,360,2026-06-18 11:12:27.291 +0300
d83227169c3b10c28e16d938fe1747f2,Резиденция Морей,Новороссийск,Новороссийск м.о.,Бизнес,ССК,2026-01-27,квартира,10,28.24,6614033.00,234208.00,"Под чистовую, отделка как доп. опция",ФЛ,Ипотека,ПАО Сбербанк России,0,2026-06-18 11:12:27.291 +0300
d83227169c3b10c28e16d938fe1747f2,Резиденция Морей,Новороссийск,Новороссийск м.о.,Бизнес,ССК,2026-01-27,квартира,12,28.24,6614033.00,234208.00,"Под чистовую, отделка как доп. опция",ФЛ,Ипотека,ПАО Сбербанк России,0,2026-06-18 11:12:27.291 +0300
d83227169c3b10c28e16d938fe1747f2,Резиденция Морей,Новороссийск,Новороссийск м.о.,Бизнес,ССК,2026-01-27,квартира,13,28.24,6614033.00,234208.00,"Под чистовую, отделка как доп. опция",ФЛ,Ипотека,ПАО Сбербанк России,0,2026-06-18 11:12:27.291 +0300
"441afa8fae5c94a584f16bc1baa6b237",Моренуар,Новороссийск,Новороссийск м.о.,Бизнес,Семья,2026-01-27,квартира,5,22.74,6185280.00,272000.00,С отделкой,ФЛ,Нет,,0,2026-06-18 11:12:27.291 +0300
"5338417a484eca51d14d28b59e51946f",История-3,Южный п.,Динской м.о.,Комфорт,НВМ,2026-01-27,квартира,2,50.88,8395200.00,165000.00,Под чистовую,ФЛ,Ипотека,ПАО Сбербанк России,0,2026-06-18 11:12:27.291 +0300
"5338417a484eca51d14d28b59e51946f",История-3,Южный п.,Динской м.о.,Комфорт,НВМ,2026-01-27,квартира,6,49.38,8395200.00,165000.00,Под чистовую,ФЛ,Ипотека,ПАО Сбербанк России,0,2026-06-18 11:12:27.291 +0300
"5338417a484eca51d14d28b59e51946f",История-3,Южный п.,Динской м.о.,Комфорт,НВМ,2026-01-27,квартира,7,49.64,8438100.00,165000.00,Под чистовую,ФЛ,Ипотека,ПАО Сбербанк России,0,2026-06-18 11:12:27.291 +0300
"114265fbbd12eef28cca19fc11278cc4",Город у моря,Новороссийск,Новороссийск м.о.,Комфорт,ВКБ-Новостройки,2026-01-28,квартира,10,83.39,10145000.00,118102.44,С отделкой,ФЛ,Ипотека,ПАО Сбербанк России,360,2026-06-18 11:12:27.291 +0300
"114265fbbd12eef28cca19fc11278cc4",Город у моря,Новороссийск,Новороссийск м.о.,Комфорт,ВКБ-Новостройки,2026-01-28,квартира,16,85.96,10152000.00,118101.44,С отделкой,ФЛ,Ипотека,ПАО Сбербанк России,336,2026-06-18 11:12:27.291 +0300
d83227169c3b10c28e16d938fe1747f2,Резиденция Морей,Новороссийск,Новороссийск м.о.,Бизнес,ССК,2026-01-28,квартира,2,31.60,7945504.00,251440.00,"Под чистовую, отделка как доп. опция",ФЛ,Ипотека,ПАО Совкомбанк,360,2026-06-18 11:12:27.291 +0300
d83227169c3b10c28e16d938fe1747f2,Резиденция Морей,Новороссийск,Новороссийск м.о.,Бизнес,ССК,2026-01-28,квартира,8,72.47,17462859.00,238890.00,Под чистовую и с отделкой,ФЛ,Ипотека,ПАО Совкомбанк,0,2026-06-18 11:12:27.291 +0300
cd60148b427a937b07d16ed3aa02db46,Алеан Селект Агой / Alean Select Agoy,Агой с.,Туапсинский м.о.,Комфорт,Метрикс Develoрment,2026-01-28,апартаменты,5,33.10,26314500.00,795000.00,С отделкой и мебелью,ФЛ,Нет,,0,2026-06-18 11:12:27.291 +0300
d83227169c3b10c28e16d938fe1747f2,Резиденция Морей,Новороссийск,Новороссийск м.о.,Бизнес,ССК,2026-01-28,квартира,9,27.74,6306328.00,227337.00,"Под чистовую, отделка как доп. опция",ФЛ,Ипотека,ПАО Сбербанк России,360,2026-06-18 11:12:27.291 +0300
"114265fbbd12eef28cca19fc11278cc4",Город у моря,Новороссийск,Новороссийск м.о.,Комфорт,ВКБ-Новостройки,2026-01-28,квартира,10,85.96,10307000.00,119904.61,С отделкой,ФЛ,Ипотека,ПАО Сбербанк России,0,2026-06-18 11:12:27.291 +0300
"2be7f950954f9f0b079ca01c72d39a42",Морская Горгиппия,Анапа,Анапа м.о.,Эконом,ОБД-Инвест,2026-01-28,нежилое помещение,0,19.51,0.00,0.00,,ФЛ,Нет,,0,2026-06-18 11:12:27.291 +0300
"2be7f950954f9f0b079ca01c72d39a42",Морская Горгиппия,Анапа,Анапа м.о.,Эконом,ОБД-Инвест,2026-01-28,нежилое помещение,0,19.51,0.00,0.00,,ФЛ,Нет,,0,2026-06-18 11:12:27.291 +0300
"83e4b77e4c81fe02646c0317f082a5b3",Эден / Eden Family Hotel,Анапа,Анапа м.о.,Комфорт,Развитие,2026-01-28,апартаменты,5,26.00,6896459.00,265248.44,С отделкой и мебелью,ФЛ,Нет,,0,2026-06-18 11:12:27.291 +0300
d83227169c3b10c28e16d938fe1747f2,Резиденция Морей,Новороссийск,Новороссийск м.о.,Бизнес,ССК,2026-01-28,квартира,9,28.64,6492544.00,226695.00,"Под чистовую, отделка как доп. опция",ФЛ,Ипотека,ПАО Сбербанк России,360,2026-06-18 11:12:27.291 +0300
d83227169c3b10c28e16d938fe1747f2,Резиденция Морей,Новороссийск,Новороссийск м.о.,Бизнес,ССК,2026-01-28,квартира,9,28.64,6492544.00,226695.00,"Под чистовую, отделка как доп. опция",ФЛ,Ипотека,ПАО Сбербанк России,360,2026-06-18 11:12:27.291 +0300
d83227169c3b10c28e16d938fe1747f2,Резиденция Морей,Новороссийск,Новороссийск м.о.,Бизнес,ССК,2026-01-28,квартира,9,28.64,6492544.00,226695.00,"Под чистовую, отделка как доп. опция",ФЛ,Ипотека,ПАО Сбербанк России,0,2026-06-18 11:12:27.291 +0300
d83227169c3b10c28e16d938fe1747f2,Резиденция Морей,Новороссийск,Новороссийск м.о.,Бизнес,ССК,2026-01-28,квартира,14,28.24,6614033.00,234208.00,"Под чистовую, отделка как доп. опция",ФЛ,Ипотека,ПАО Сбербанк России,0,2026-06-18 11:12:27.291 +0300
"5338417a484eca51d14d28b59e51946f",История-3,Южный п.,Динской м.о.,Комфорт,НВМ,2026-01-28,квартира,3,55.32,9127800.00,165000.00,Под чистовую,ФЛ,Ипотека,ПАО Банк ВТБ,302,2026-06-18 11:12:27.291 +0300
"5042878e7f641330ddc35e8454bfe92c",Парк,Сочи,Сочи г.о.,Бизнес+,Десо,2026-01-28,апартаменты,2,36.90,32505173.00,880899.00,"Под чистовую, с отделкой и мебелью",ФЛ,Нет,,0,2026-06-18 11:12:27.291 +0300
"5042878e7f641330ddc35e8454bfe92c",Парк,Сочи,Сочи г.о.,Бизнес+,Десо,2026-01-28,апартаменты,2,50.00,41250050.00,825001.00,"Под чистовую, с отделкой и мебелью",ФЛ,Нет,,0,2026-06-18 11:12:27.291 +0300
"95f1de2b556858c9cfd19ec123edd090",Космос Черное море Риверта Отель / Cosmos Black Sea Riverta Hotel,Пляхо с.,Туапсинский м.о.,Премиум,Тренд-групп,2026-01-28,нежилое помещение,7,25.90,0.00,0.00,С отделкой и мебелью,ЮЛ,Нет,,0,2026-06-18 11:12:27.291 +0300
"123f6cdbbe542a25027b234318a48389",Космос Отель Курортный / Cosmos Hotel Kurortny,Сочи,Сочи г.о.,Бизнес,КР+,2026-01-28,апартаменты,11,20.00,13500000.00,675000.00,Отделка как доп. опция,ФЛ,Ипотека,ПАО Сбербанк России,144,2026-06-18 11:12:27.291 +0300
"9648a6234501850e715607d4d244b13a",Botanica Hills,Небуг с.,Туапсинский м.о.,Комфорт,Метрикс Develoрment,2026-01-28,квартира,11,17.97,7188000.00,400000.00,"Под чистовую, отделка как доп. опция",ФЛ,Ипотека,ПАО Сбербанк России,360,2026-06-18 11:12:27.291 +0300
"9648a6234501850e715607d4d244b13a",Botanica Hills,Небуг с.,Туапсинский м.о.,Комфорт,Метрикс Develoрment,2026-01-28,квартира,1,19.48,6563000.00,336909.65,"Под чистовую, отделка как доп. опция",ФЛ,Ипотека,ПАО Сбербанк России,360,2026-06-18 11:12:27.291 +0300
"508e2e152a644af269da402a71a52936",Облака,Новороссийск,Новороссийск м.о.,Комфорт,Неометрия,2026-01-28,квартира,8,35.10,7539831.00,214810.00,Без отделки,ФЛ,Ипотека,ПАО Сбербанк России,324,2026-06-18 11:12:27.291 +0300
"508e2e152a644af269da402a71a52936",Облака,Новороссийск,Новороссийск м.о.,Комфорт,Неометрия,2026-01-28,квартира,7,68.50,10879855.00,158830.00,Без отделки,ФЛ,Ипотека,ПАО Сбербанк России,360,2026-06-18 11:12:27.291 +0300
"508e2e152a644af269da402a71a52936",Облака,Новороссийск,Новороссийск м.о.,Комфорт,Неометрия,2026-01-28,квартира,8,31.30,7329839.00,226930.00,Без отделки,ФЛ,Ипотека,ПАО Совкомбанк,360,2026-06-18 11:12:27.291 +0300
"508e2e152a644af269da402a71a52936",Облака,Новороссийск,Новороссийск м.о.,Комфорт,Неометрия,2026-01-28,квартира,16,68.50,11338805.00,165530.00,Без отделки,ФЛ,Ипотека,ПАО Сбербанк России,360,2026-06-18 11:12:27.291 +0300
"018074db013670b10cd1d3367521d2a2",Барса,Новороссийск,Новороссийск м.о.,Бизнес,Точно,2026-01-28,квартира,8,62.00,13360550.00,226450.00,С отделкой,ЮЛ,Ипотека,ПАО Сбербанк России,0,2026-06-18 11:12:27.291 +0300
"9f774747a88c96336616fc5165908dba",Sun Hills Olginka,Ольгинка с.,Туапсинский м.о.,Комфорт,Метрикс Develoрment,2026-01-28,квартира,3,26.62,7755923.00,291356.99,Под чистовую,ФЛ,Ипотека,ПАО Сбербанк России,360,2026-06-18 11:12:27.291 +0300
c2600c4dfa1b97ac0b7b06040e1ddaec,Порто-Ново,Новороссийск,Новороссийск м.о.,Комфорт,DOGMA,2026-01-28,квартира,8,37.50,8220000.00,219200.00,"Под чистовую, отделка как доп. опция",ФЛ,Ипотека,ПАО Сбербанк России,0,2026-06-18 11:12:27.291 +0300
c2600c4dfa1b97ac0b7b06040e1ddaec,Порто-Ново,Новороссийск,Новороссийск м.о.,Комфорт,DOGMA,2026-01-28,квартира,14,45.10,9040400.00,194000.00,"Под чистовую, отделка как доп. опция",ФЛ,Ипотека,ПАО Сбербанк России,360,2026-06-18 11:12:27.291 +0300
c2600c4dfa1b97ac0b7b06040e1ddaec,Порто-Ново,Новороссийск,Новороссийск м.о.,Комфорт,DOGMA,2026-01-28,квартира,12,65.90,10996820.00,163400.00,"Под чистовую, отделка как доп. опция",ФЛ,Нет,,0,2026-06-18 11:12:27.291 +0300
c2600c4dfa1b97ac0b7b06040e1ddaec,Порто-Ново,Новороссийск,Новороссийск м.о.,Комфорт,DOGMA,2026-01-28,квартира,2,31.00,7523700.00,242700.00,"Под чистовую, отделка как доп. опция",ФЛ,Ипотека,ПАО Сбербанк России,360,2026-06-18 11:12:27.291 +0300
ecdd2060c65010326879068843af8e13,Хозяин морей,Анапа,Анапа м.о.,Бизнес,Точно,2026-01-28,квартира,2,38.00,8880600.00,246000.00,Под чистовую и отделка как доп. опция,ФЛ,Нет,,0,2026-06-18 11:12:27.291 +0300
bcd90c1f7a745d86700f5d01f8ea550c,Кипарис,Сукко с.,Анапа м.о.,Комфорт,Bravo,2026-01-28,квартира,2,35.20,9676480.00,274900.00,С отделкой,ФЛ,Ипотека,ПАО Сбербанк России,0,2026-06-18 11:12:27.291 +0300
c2600c4dfa1b97ac0b7b06040e1ddaec,Порто-Ново,Новороссийск,Новороссийск м.о.,Комфорт,DOGMA,2026-01-28,квартира,14,36.20,7410470.00,204709.13,"Под чистовую, отделка как доп. опция",ФЛ,Ипотека,ПАО Сбербанк России,360,2026-06-18 11:12:27.291 +0300
fc98c3a43cd1680c1cb66c1523d44f4a,Дзенпарк,Марьянская ст.,Красноармейский м.о.,Комфорт,Средастрой,2026-01-29,квартира,3,26.00,3120000.00,120000.00,"Под чистовую, отделка как доп. опция",ФЛ,Ипотека,ПАО Сбербанк России,0,2026-06-18 11:12:27.291 +0300
"9f774747a88c96336616fc5165908dba",Sun Hills Olginka,Ольгинка с.,Туапсинский м.о.,Комфорт,Метрикс Develoрment,2026-01-29,квартира,8,17.76,6364296.00,358350.00,Под чистовую,ФЛ,Ипотека,ПАО Сбербанк России,360,2026-06-18 11:12:27.291 +0300
"9f774747a88c96336616fc5165908dba",Sun Hills Olginka,Ольгинка с.,Туапсинский м.о.,Комфорт,Метрикс Develoрment,2026-01-29,квартира,9,16.96,6190400.00,365000.00,Под чистовую,ФЛ,Ипотека,ПАО Банк ВТБ,362,2026-06-18 11:12:27.291 +0300
"9f774747a88c96336616fc5165908dba",Sun Hills Olginka,Ольгинка с.,Туапсинский м.о.,Комфорт,Метрикс Develoрment,2026-01-29,квартира,10,16.96,6190400.00,365000.00,Под чистовую,ФЛ,Ипотека,ПАО Банк ВТБ,266,2026-06-18 11:12:27.291 +0300
"9f774747a88c96336616fc5165908dba",Sun Hills Olginka,Ольгинка с.,Туапсинский м.о.,Комфорт,Метрикс Develoрment,2026-01-29,квартира,12,27.19,8700800.00,320000.00,Под чистовую,ФЛ,Ипотека,ПАО Банк ВТБ,362,2026-06-18 11:12:27.291 +0300
c2600c4dfa1b97ac0b7b06040e1ddaec,Порто-Ново,Новороссийск,Новороссийск м.о.,Комфорт,DOGMA,2026-01-29,квартира,6,38.20,7976160.00,208800.00,"Под чистовую, отделка как доп. опция",ФЛ,Нет,,0,2026-06-18 11:12:27.291 +0300
c2600c4dfa1b97ac0b7b06040e1ddaec,Порто-Ново,Новороссийск,Новороссийск м.о.,Комфорт,DOGMA,2026-01-29,квартира,6,56.10,10235520.00,177700.00,"Под чистовую, отделка как доп. опция",ФЛ,Ипотека,ПАО Сбербанк России,360,2026-06-18 11:12:27.291 +0300
c2600c4dfa1b97ac0b7b06040e1ddaec,Порто-Ново,Новороссийск,Новороссийск м.о.,Комфорт,DOGMA,2026-01-29,квартира,11,20.90,5923060.00,283400.00,"Под чистовую, отделка как доп. опция",ФЛ,Ипотека,ПАО Сбербанк России,324,2026-06-18 11:12:27.291 +0300
c2600c4dfa1b97ac0b7b06040e1ddaec,Порто-Ново,Новороссийск,Новороссийск м.о.,Комфорт,DOGMA,2026-01-29,квартира,15,46.60,9077680.00,194800.00,"Под чистовую, отделка как доп. опция",ФЛ,Ипотека,ПАО Сбербанк России,360,2026-06-18 11:12:27.291 +0300
c2600c4dfa1b97ac0b7b06040e1ddaec,Порто-Ново,Новороссийск,Новороссийск м.о.,Комфорт,DOGMA,2026-01-29,квартира,17,37.30,8291789.00,222299.97,"Под чистовую, отделка как доп. опция",ФЛ,Ипотека,ПАО Сбербанк России,0,2026-06-18 11:12:27.291 +0300
c2600c4dfa1b97ac0b7b06040e1ddaec,Порто-Ново,Новороссийск,Новороссийск м.о.,Комфорт,DOGMA,2026-01-29,квартира,10,20.90,6299260.00,301400.00,"Под чистовую, отделка как доп. опция",ФЛ,Ипотека,ПАО Сбербанк России,360,2026-06-18 11:12:27.291 +0300
c2600c4dfa1b97ac0b7b06040e1ddaec,Порто-Ново,Новороссийск,Новороссийск м.о.,Комфорт,DOGMA,2026-01-29,квартира,11,56.10,10125750.00,176100.00,"Под чистовую, отделка как доп. опция",ФЛ,Ипотека,ПАО Сбербанк России,360,2026-06-18 11:12:27.291 +0300
c2600c4dfa1b97ac0b7b06040e1ddaec,Порто-Ново,Новороссийск,Новороссийск м.о.,Комфорт,DOGMA,2026-01-29,квартира,15,19.80,5872680.00,296600.00,"Под чистовую, отделка как доп. опция",ФЛ,Ипотека,ПАО Сбербанк России,0,2026-06-18 11:12:27.291 +0300
ecdd2060c65010326879068843af8e13,Хозяин морей,Анапа,Анапа м.о.,Бизнес,Точно,2026-01-29,квартира,8,46.00,9220000.00,230500.00,Под чистовую и отделка как доп. опция,ФЛ,Ипотека,ПАО Совкомбанк,360,2026-06-18 11:12:27.291 +0300
bcd90c1f7a745d86700f5d01f8ea550c,Кипарис,Сукко с.,Анапа м.о.,Комфорт,Bravo,2026-01-29,квартира,4,36.40,9926280.00,272700.00,С отделкой,ФЛ,Ипотека,ПАО Сбербанк России,0,2026-06-18 11:12:27.291 +0300
bcd90c1f7a745d86700f5d01f8ea550c,Кипарис,Сукко с.,Анапа м.о.,Комфорт,Bravo,2026-01-29,квартира,7,36.40,10071880.00,276700.00,С отделкой,ФЛ,Ипотека,ПАО Сбербанк России,0,2026-06-18 11:12:27.291 +0300
bcd90c1f7a745d86700f5d01f8ea550c,Кипарис,Сукко с.,Анапа м.о.,Комфорт,Bravo,2026-01-29,квартира,7,42.40,11308080.00,266700.00,С отделкой,ФЛ,Ипотека,ПАО Сбербанк России,0,2026-06-18 11:12:27.291 +0300
bcd90c1f7a745d86700f5d01f8ea550c,Кипарис,Сукко с.,Анапа м.о.,Комфорт,Bravo,2026-01-29,квартира,2,35.20,9676480.00,274900.00,С отделкой,ФЛ,Ипотека,ПАО Совкомбанк,0,2026-06-18 11:12:27.291 +0300
bcd90c1f7a745d86700f5d01f8ea550c,Кипарис,Сукко с.,Анапа м.о.,Комфорт,Bravo,2026-01-29,квартира,3,40.70,9686600.00,238000.00,С отделкой,ФЛ,Нет,,0,2026-06-18 11:12:27.291 +0300
c2600c4dfa1b97ac0b7b06040e1ddaec,Порто-Ново,Новороссийск,Новороссийск м.о.,Комфорт,DOGMA,2026-01-29,квартира,7,37.40,7656121.00,204709.13,"Под чистовую, отделка как доп. опция",ФЛ,Ипотека,ПАО Сбербанк России,0,2026-06-18 11:12:27.291 +0300
c2600c4dfa1b97ac0b7b06040e1ddaec,Порто-Ново,Новороссийск,Новороссийск м.о.,Комфорт,DOGMA,2026-01-29,квартира,8,36.40,7451412.00,204709.13,"Под чистовую, отделка как доп. опция",ФЛ,Ипотека,ПАО Сбербанк России,0,2026-06-18 11:12:27.291 +0300
c2600c4dfa1b97ac0b7b06040e1ddaec,Порто-Ново,Новороссийск,Новороссийск м.о.,Комфорт,DOGMA,2026-01-29,квартира,12,37.20,7615179.00,204709.13,"Под чистовую, отделка как доп. опция",ФЛ,Ипотека,ПАО Сбербанк России,0,2026-06-18 11:12:27.291 +0300
"657f63e930fe997bbb51f758ed370fb0",Кутузовский,Новороссийск,Новороссийск м.о.,Комфорт,МПМК Краснодарская-1,2026-01-29,квартира,11,43.77,6518928.00,148936.00,Без отделки,ФЛ,Ипотека,ПАО Сбербанк России,360,2026-06-18 11:12:27.291 +0300
"114265fbbd12eef28cca19fc11278cc4",Город у моря,Новороссийск,Новороссийск м.о.,Комфорт,ВКБ-Новостройки,2026-01-29,квартира,2,57.54,9109000.00,158307.26,С отделкой,ФЛ,Ипотека,ПАО Сбербанк России,0,2026-06-18 11:12:27.291 +0300
"114265fbbd12eef28cca19fc11278cc4",Город у моря,Новороссийск,Новороссийск м.о.,Комфорт,ВКБ-Новостройки,2026-01-29,квартира,6,83.39,10410000.00,121102.84,С отделкой,ФЛ,Ипотека,ПАО Сбербанк России,0,2026-06-18 11:12:27.291 +0300
"114265fbbd12eef28cca19fc11278cc4",Город у моря,Новороссийск,Новороссийск м.о.,Комфорт,ВКБ-Новостройки,2026-01-29,квартира,13,66.72,9521000.00,142700.84,С отделкой,ФЛ,Ипотека,ПАО Сбербанк России,240,2026-06-18 11:12:27.291 +0300
d83227169c3b10c28e16d938fe1747f2,Резиденция Морей,Новороссийск,Новороссийск м.о.,Бизнес,ССК,2026-01-29,квартира,8,105.40,24079262.00,228456.00,Под чистовую и с отделкой,ФЛ,Ипотека,ПАО Совкомбанк,264,2026-06-18 11:12:27.291 +0300
d83227169c3b10c28e16d938fe1747f2,Резиденция Морей,Новороссийск,Новороссийск м.о.,Бизнес,ССК,2026-01-29,квартира,2,29.14,6993600.00,240000.00,Под чистовую и с отделкой,ФЛ,Ипотека,ПАО Сбербанк России,336,2026-06-18 11:12:27.291 +0300
d83227169c3b10c28e16d938fe1747f2,Резиденция Морей,Новороссийск,Новороссийск м.о.,Бизнес,ССК,2026-01-29,квартира,8,28.64,6510931.00,227337.00,Под чистовую и с отделкой,ФЛ,Ипотека,ПАО Сбербанк России,0,2026-06-18 11:12:27.291 +0300
d83227169c3b10c28e16d938fe1747f2,Резиденция Морей,Новороссийск,Новороссийск м.о.,Бизнес,ССК,2026-01-29,квартира,6,27.74,6306328.00,227337.00,Под чистовую и с отделкой,ФЛ,Ипотека,ПАО Сбербанк России,0,2026-06-18 11:12:27.291 +0300
"114265fbbd12eef28cca19fc11278cc4",Город у моря,Новороссийск,Новороссийск м.о.,Комфорт,ВКБ-Новостройки,2026-01-29,квартира,15,37.82,7194000.00,185603.72,С отделкой,ФЛ,Ипотека,ПАО Сбербанк России,359,2026-06-18 11:12:27.291 +0300
"95f1de2b556858c9cfd19ec123edd090",Космос Черное море Риверта Отель / Cosmos Black Sea Riverta Hotel,Пляхо с.,Туапсинский м.о.,Премиум,Тренд-групп,2026-01-29,апартаменты,4,25.90,15799000.00,610000.00,С отделкой и мебелью,ФЛ,Ипотека,ПАО Сбербанк России,360,2026-06-18 11:12:27.291 +0300
"95f1de2b556858c9cfd19ec123edd090",Космос Черное море Риверта Отель / Cosmos Black Sea Riverta Hotel,Пляхо с.,Туапсинский м.о.,Премиум,Тренд-групп,2026-01-29,апартаменты,4,25.90,15799000.00,610000.00,С отделкой и мебелью,ФЛ,Нет,,0,2026-06-18 11:12:27.291 +0300
"95f1de2b556858c9cfd19ec123edd090",Космос Черное море Риверта Отель / Cosmos Black Sea Riverta Hotel,Пляхо с.,Туапсинский м.о.,Премиум,Тренд-групп,2026-01-29,нежилое помещение,4,25.90,0.00,0.00,С отделкой и мебелью,ФЛ,Нет,,0,2026-06-18 11:12:27.291 +0300
"95f1de2b556858c9cfd19ec123edd090",Космос Черное море Риверта Отель / Cosmos Black Sea Riverta Hotel,Пляхо с.,Туапсинский м.о.,Премиум,Тренд-групп,2026-01-29,апартаменты,6,25.90,16083900.00,621000.00,С отделкой и мебелью,ФЛ,Ипотека,ПАО Сбербанк России,0,2026-06-18 11:12:27.291 +0300
"95f1de2b556858c9cfd19ec123edd090",Космос Черное море Риверта Отель / Cosmos Black Sea Riverta Hotel,Пляхо с.,Туапсинский м.о.,Премиум,Тренд-групп,2026-01-29,апартаменты,6,33.60,16632000.00,495000.00,С отделкой и мебелью,ФЛ,Ипотека,ПАО Сбербанк России,0,2026-06-18 11:12:27.291 +0300
d83227169c3b10c28e16d938fe1747f2,Резиденция Морей,Новороссийск,Новороссийск м.о.,Бизнес,ССК,2026-01-29,квартира,8,27.74,6288519.00,226695.00,"Под чистовую, отделка как доп. опция",ФЛ,Ипотека,ПАО Сбербанк России,0,2026-06-18 11:12:27.291 +0300
d83227169c3b10c28e16d938fe1747f2,Резиденция Морей,Новороссийск,Новороссийск м.о.,Бизнес,ССК,2026-01-29,квартира,8,28.64,6492544.00,226695.00,"Под чистовую, отделка как доп. опция",ФЛ,Ипотека,ПАО Сбербанк России,0,2026-06-18 11:12:27.291 +0300
d83227169c3b10c28e16d938fe1747f2,Резиденция Морей,Новороссийск,Новороссийск м.о.,Бизнес,ССК,2026-01-29,квартира,10,28.24,6614033.00,234208.00,"Под чистовую, отделка как доп. опция",ФЛ,Ипотека,ПАО Сбербанк России,0,2026-06-18 11:12:27.291 +0300
d83227169c3b10c28e16d938fe1747f2,Резиденция Морей,Новороссийск,Новороссийск м.о.,Бизнес,ССК,2026-01-29,квартира,17,28.24,6614033.00,234208.00,"Под чистовую, отделка как доп. опция",ФЛ,Ипотека,ПАО Сбербанк России,0,2026-06-18 11:12:27.291 +0300
"0fd8a9684833d1c7045dbb36bd3c14e2",Кислород,Сочи,Сочи г.о.,Бизнес,AVA Group,2026-01-29,квартира,12,21.98,9197796.00,401300.00,Без отделки,ФЛ,Ипотека,ПАО Сбербанк России,360,2026-06-18 11:12:27.291 +0300
"9648a6234501850e715607d4d244b13a",Botanica Hills,Небуг с.,Туапсинский м.о.,Комфорт,Метрикс Develoрment,2026-01-29,квартира,1,18.65,6293000.00,337426.27,"Под чистовую, отделка как доп. опция",ФЛ,Ипотека,ПАО Банк ВТБ,326,2026-06-18 11:12:27.291 +0300
"9648a6234501850e715607d4d244b13a",Botanica Hills,Небуг с.,Туапсинский м.о.,Комфорт,Метрикс Develoрment,2026-01-29,квартира,10,17.97,7188000.00,400000.00,"Под чистовую, отделка как доп. опция",ФЛ,Ипотека,ПАО Сбербанк России,360,2026-06-18 11:12:27.291 +0300
"508e2e152a644af269da402a71a52936",Облака,Новороссийск,Новороссийск м.о.,Комфорт,Неометрия,2026-01-29,квартира,11,55.00,9616944.00,171120.00,Без отделки,ФЛ,Ипотека,АО АБ РОССИЯ,0,2026-06-18 11:12:27.291 +0300
"508e2e152a644af269da402a71a52936",Облака,Новороссийск,Новороссийск м.о.,Комфорт,Неометрия,2026-01-29,квартира,6,42.50,8270925.00,194610.00,Без отделки,ФЛ,Ипотека,ПАО Совкомбанк,0,2026-06-18 11:12:27.291 +0300
"508e2e152a644af269da402a71a52936",Облака,Новороссийск,Новороссийск м.о.,Комфорт,Неометрия,2026-01-29,квартира,2,22.10,6192420.00,280200.00,Без отделки,ФЛ,Ипотека,ПАО Банк ВТБ,362,2026-06-18 11:12:27.291 +0300
"77bdd422e70b328c06a31923eddda80c",Агой-Парк,Агой с.,Туапсинский м.о.,Комфорт,АГОЙ-ПАРК,2026-01-29,квартира,1,36.16,8226400.00,227500.00,Отделка как доп. опция,ФЛ,Ипотека,ПАО Сбербанк России,360,2026-06-18 11:12:27.291 +0300
"77bdd422e70b328c06a31923eddda80c",Агой-Парк,Агой с.,Туапсинский м.о.,Комфорт,АГОЙ-ПАРК,2026-01-29,квартира,2,35.96,8180900.00,227500.00,Отделка как доп. опция,ФЛ,Ипотека,ПАО Сбербанк России,360,2026-06-18 11:12:27.291 +0300
"77bdd422e70b328c06a31923eddda80c",Агой-Парк,Агой с.,Туапсинский м.о.,Комфорт,АГОЙ-ПАРК,2026-01-30,квартира,5,35.95,8628000.00,240000.00,Отделка как доп. опция,ФЛ,Ипотека,ПАО Банк ВТБ,362,2026-06-18 11:12:27.291 +0300
"123f6cdbbe542a25027b234318a48389",Космос Отель Курортный / Cosmos Hotel Kurortny,Сочи,Сочи г.о.,Бизнес,КР+,2026-01-30,апартаменты,11,20.00,13500000.00,675000.00,Отделка как доп. опция,ФЛ,Ипотека,ПАО Сбербанк России,360,2026-06-18 11:12:27.291 +0300
"0fd8a9684833d1c7045dbb36bd3c14e2",Кислород,Сочи,Сочи г.о.,Бизнес,AVA Group,2026-01-30,квартира,8,21.89,9112026.00,399300.00,Без отделки,ФЛ,Ипотека,ПАО Совкомбанк,0,2026-06-18 11:12:27.291 +0300
"018074db013670b10cd1d3367521d2a2",Барса,Новороссийск,Новороссийск м.о.,Бизнес,Точно,2026-01-30,квартира,17,35.10,12499110.00,356100.00,Под чистовую и отделка как доп. опция,ФЛ,Ипотека,АО Альфа-Банк,0,2026-06-18 11:12:27.291 +0300
"9f774747a88c96336616fc5165908dba",Sun Hills Olginka,Ольгинка с.,Туапсинский м.о.,Комфорт,Метрикс Develoрment,2026-01-30,квартира,12,26.33,8425600.00,320000.00,Под чистовую,ФЛ,Ипотека,ПАО Сбербанк России,360,2026-06-18 11:12:27.291 +0300
"9f774747a88c96336616fc5165908dba",Sun Hills Olginka,Ольгинка с.,Туапсинский м.о.,Комфорт,Метрикс Develoрment,2026-01-30,квартира,12,15.42,6111500.00,396335.99,Под чистовую,ФЛ,Ипотека,ПАО Сбербанк России,360,2026-06-18 11:12:27.291 +0300
c2600c4dfa1b97ac0b7b06040e1ddaec,Порто-Ново,Новороссийск,Новороссийск м.о.,Комфорт,DOGMA,2026-01-30,квартира,9,69.70,12225380.00,175400.00,"Под чистовую, отделка как доп. опция",ФЛ,Ипотека,ПАО Сбербанк России,360,2026-06-18 11:12:27.291 +0300
c2600c4dfa1b97ac0b7b06040e1ddaec,Порто-Ново,Новороссийск,Новороссийск м.о.,Комфорт,DOGMA,2026-01-30,квартира,7,69.70,11772330.00,168900.00,"Под чистовую, отделка как доп. опция",ФЛ,Ипотека,ПАО Банк ВТБ,362,2026-06-18 11:12:27.291 +0300
c2600c4dfa1b97ac0b7b06040e1ddaec,Порто-Ново,Новороссийск,Новороссийск м.о.,Комфорт,DOGMA,2026-01-30,квартира,10,20.90,5939780.00,284200.00,"Под чистовую, отделка как доп. опция",ФЛ,Ипотека,ПАО Сбербанк России,0,2026-06-18 11:12:27.291 +0300
c2600c4dfa1b97ac0b7b06040e1ddaec,Порто-Ново,Новороссийск,Новороссийск м.о.,Комфорт,DOGMA,2026-01-30,квартира,12,20.90,6541700.00,313000.00,"Под чистовую, отделка как доп. опция",ФЛ,Ипотека,ПАО Сбербанк России,360,2026-06-18 11:12:27.291 +0300
c2600c4dfa1b97ac0b7b06040e1ddaec,Порто-Ново,Новороссийск,Новороссийск м.о.,Комфорт,DOGMA,2026-01-30,квартира,12,19.80,5637060.00,284700.00,"Под чистовую, отделка как доп. опция",ФЛ,Ипотека,ПАО Сбербанк России,360,2026-06-18 11:12:27.291 +0300
c2600c4dfa1b97ac0b7b06040e1ddaec,Порто-Ново,Новороссийск,Новороссийск м.о.,Комфорт,DOGMA,2026-01-30,квартира,10,46.60,9045060.00,194100.00,"Под чистовую, отделка как доп. опция",ФЛ,Ипотека,ПАО Сбербанк России,0,2026-06-18 11:12:27.291 +0300
c2600c4dfa1b97ac0b7b06040e1ddaec,Порто-Ново,Новороссийск,Новороссийск м.о.,Комфорт,DOGMA,2026-01-30,квартира,6,46.80,8756280.00,187100.00,"Под чистовую, отделка как доп. опция",ФЛ,Ипотека,ПАО Сбербанк России,360,2026-06-18 11:12:27.291 +0300
c2600c4dfa1b97ac0b7b06040e1ddaec,Порто-Ново,Новороссийск,Новороссийск м.о.,Комфорт,DOGMA,2026-01-30,квартира,11,19.80,5967720.00,301400.00,"Под чистовую, отделка как доп. опция",ФЛ,Ипотека,ПАО Сбербанк России,360,2026-06-18 11:12:27.291 +0300
ecdd2060c65010326879068843af8e13,Хозяин морей,Анапа,Анапа м.о.,Бизнес,Точно,2026-01-30,квартира,8,41.90,9220000.00,230500.00,Под чистовую и отделка как доп. опция,ФЛ,Ипотека,ПАО Сбербанк России,0,2026-06-18 11:12:27.291 +0300
ecdd2060c65010326879068843af8e13,Хозяин морей,Анапа,Анапа м.о.,Бизнес,Точно,2026-01-30,квартира,3,50.90,10848600.00,220500.00,Под чистовую и отделка как доп. опция,ФЛ,Нет,,0,2026-06-18 11:12:27.291 +0300
ecdd2060c65010326879068843af8e13,Хозяин морей,Анапа,Анапа м.о.,Бизнес,Точно,2026-01-30,квартира,8,41.90,9220000.00,230500.00,Под чистовую и отделка как доп. опция,ФЛ,Нет,,0,2026-06-18 11:12:27.291 +0300
bcd90c1f7a745d86700f5d01f8ea550c,Кипарис,Сукко с.,Анапа м.о.,Комфорт,Bravo,2026-01-30,квартира,6,38.70,10630890.00,274700.00,С отделкой,ФЛ,Ипотека,ПАО Сбербанк России,0,2026-06-18 11:12:27.291 +0300
bcd90c1f7a745d86700f5d01f8ea550c,Кипарис,Сукко с.,Анапа м.о.,Комфорт,Bravo,2026-01-30,квартира,4,37.30,9063900.00,243000.00,С отделкой,ФЛ,Нет,,0,2026-06-18 11:12:27.291 +0300
c2600c4dfa1b97ac0b7b06040e1ddaec,Порто-Ново,Новороссийск,Новороссийск м.о.,Комфорт,DOGMA,2026-01-30,квартира,9,37.40,7815124.00,208960.56,"Под чистовую, отделка как доп. опция",ФЛ,Ипотека,ПАО Сбербанк России,0,2026-06-18 11:12:27.291 +0300
c2600c4dfa1b97ac0b7b06040e1ddaec,Порто-Ново,Новороссийск,Новороссийск м.о.,Комфорт,DOGMA,2026-01-30,квартира,13,36.00,7522580.00,208960.56,"Под чистовую, отделка как доп. опция",ФЛ,Ипотека,ПАО Сбербанк России,360,2026-06-18 11:12:27.291 +0300
c2600c4dfa1b97ac0b7b06040e1ddaec,Порто-Ново,Новороссийск,Новороссийск м.о.,Комфорт,DOGMA,2026-01-30,квартира,6,37.40,7815124.00,208960.56,"Под чистовую, отделка как доп. опция",ФЛ,Ипотека,ПАО Сбербанк России,0,2026-06-18 11:12:27.291 +0300
"0fd8a9684833d1c7045dbb36bd3c14e2",Кислород,Сочи,Сочи г.о.,Бизнес,AVA Group,2026-01-30,квартира,4,37.19,15672602.00,410600.00,Без отделки,ФЛ,Ипотека,ПАО Совкомбанк,359,2026-06-18 11:12:27.291 +0300
"9648a6234501850e715607d4d244b13a",Botanica Hills,Небуг с.,Туапсинский м.о.,Комфорт,Метрикс Develoрment,2026-01-30,квартира,18,17.97,7843000.00,436449.64,"Под чистовую, отделка как доп. опция",ФЛ,Ипотека,ПАО Сбербанк России,360,2026-06-18 11:12:27.291 +0300
"9648a6234501850e715607d4d244b13a",Botanica Hills,Небуг с.,Туапсинский м.о.,Комфорт,Метрикс Develoрment,2026-01-30,квартира,9,28.60,8913000.00,311643.36,"Под чистовую, отделка как доп. опция",ФЛ,Ипотека,ПАО Сбербанк России,360,2026-06-18 11:12:27.291 +0300
"508e2e152a644af269da402a71a52936",Облака,Новороссийск,Новороссийск м.о.,Комфорт,Неометрия,2026-01-30,квартира,19,30.70,7203825.00,227250.00,Без отделки,ФЛ,Ипотека,ПАО Совкомбанк,360,2026-06-18 11:12:27.291 +0300
b9d92574715ea90ea054b9078964a5d8,Лестория,Сочи,Сочи г.о.,Бизнес-,Неометрия,2026-01-30,квартира,2,20.80,10069280.00,484100.00,Без отделки,ФЛ,Ипотека,ПАО Сбербанк России,360,2026-06-18 11:12:27.291 +0300
d83227169c3b10c28e16d938fe1747f2,Резиденция Морей,Новороссийск,Новороссийск м.о.,Бизнес,ССК,2026-01-30,квартира,14,42.63,10657500.00,250000.00,Под чистовую и с отделкой,ФЛ,Ипотека,ПАО Совкомбанк,288,2026-06-18 11:12:27.291 +0300
d83227169c3b10c28e16d938fe1747f2,Резиденция Морей,Новороссийск,Новороссийск м.о.,Бизнес,ССК,2026-01-30,квартира,2,31.57,7576800.00,240000.00,Под чистовую и с отделкой,ФЛ,Ипотека,ПАО Сбербанк России,312,2026-06-18 11:12:27.291 +0300
d83227169c3b10c28e16d938fe1747f2,Резиденция Морей,Новороссийск,Новороссийск м.о.,Бизнес,ССК,2026-01-30,квартира,5,29.17,7000800.00,240000.00,Под чистовую и с отделкой,ФЛ,Ипотека,АО Альфа-Банк,0,2026-06-18 11:12:27.291 +0300
d83227169c3b10c28e16d938fe1747f2,Резиденция Морей,Новороссийск,Новороссийск м.о.,Бизнес,ССК,2026-01-30,квартира,7,27.67,6957344.00,251440.00,"Под чистовую, отделка как доп. опция",ФЛ,Ипотека,ПАО Сбербанк России,0,2026-06-18 11:12:27.291 +0300
d83227169c3b10c28e16d938fe1747f2,Резиденция Морей,Новороссийск,Новороссийск м.о.,Бизнес,ССК,2026-01-30,квартира,3,29.85,7532737.00,252353.00,Под чистовую и с отделкой,ФЛ,Ипотека,ПАО Сбербанк России,0,2026-06-18 11:12:27.291 +0300
d83227169c3b10c28e16d938fe1747f2,Резиденция Морей,Новороссийск,Новороссийск м.о.,Бизнес,ССК,2026-01-30,квартира,4,64.34,13511400.00,210000.00,"Под чистовую, отделка как доп. опция",ФЛ,Ипотека,ПАО Сбербанк России,360,2026-06-18 11:12:27.291 +0300
d83227169c3b10c28e16d938fe1747f2,Резиденция Морей,Новороссийск,Новороссийск м.о.,Бизнес,ССК,2026-01-30,квартира,6,28.61,6349360.00,221928.00,"Под чистовую, отделка как доп. опция",ФЛ,Ипотека,ПАО Сбербанк России,360,2026-06-18 11:12:27.291 +0300
d83227169c3b10c28e16d938fe1747f2,Резиденция Морей,Новороссийск,Новороссийск м.о.,Бизнес,ССК,2026-01-30,квартира,9,28.64,6510931.00,227337.00,Под чистовую и с отделкой,ФЛ,Ипотека,ПАО Сбербанк России,0,2026-06-18 11:12:27.291 +0300
e7435571144b9a3d7cd4ab24dd71543f,На Высоком берегу,Анапа,Анапа м.о.,Бизнес,ССК,2026-01-30,квартира,4,36.30,9801000.00,270000.00,Под чистовую,ФЛ,Ипотека,ПАО Сбербанк России,0,2026-06-18 11:12:27.291 +0300
"114265fbbd12eef28cca19fc11278cc4",Город у моря,Новороссийск,Новороссийск м.о.,Комфорт,ВКБ-Новостройки,2026-01-30,квартира,8,38.76,7237000.00,186713.11,С отделкой,ФЛ,Ипотека,ПАО Сбербанк России,0,2026-06-18 11:12:27.291 +0300
"114265fbbd12eef28cca19fc11278cc4",Город у моря,Новороссийск,Новороссийск м.о.,Комфорт,ВКБ-Новостройки,2026-01-30,квартира,11,38.76,7334000.00,189215.69,С отделкой,ФЛ,Ипотека,ПАО Сбербанк России,360,2026-06-18 11:12:27.291 +0300
"2be7f950954f9f0b079ca01c72d39a42",Морская Горгиппия,Анапа,Анапа м.о.,Эконом,ОБД-Инвест,2026-01-30,квартира,13,58.77,11221108.00,190932.60,Под чистовую,ФЛ,Ипотека,ПАО Сбербанк России,360,2026-06-18 11:12:27.291 +0300
"2be7f950954f9f0b079ca01c72d39a42",Морская Горгиппия,Анапа,Анапа м.о.,Эконом,ОБД-Инвест,2026-01-30,квартира,3,84.39,16112802.00,190932.60,Под чистовую,ФЛ,Ипотека,ПАО Сбербанк России,0,2026-06-18 11:12:27.291 +0300
d83227169c3b10c28e16d938fe1747f2,Резиденция Морей,Новороссийск,Новороссийск м.о.,Бизнес,ССК,2026-01-30,квартира,4,27.74,6288519.00,226695.00,"Под чистовую, отделка как доп. опция",ФЛ,Ипотека,ПАО Сбербанк России,360,2026-06-18 11:12:27.291 +0300
d83227169c3b10c28e16d938fe1747f2,Резиденция Морей,Новороссийск,Новороссийск м.о.,Бизнес,ССК,2026-01-30,квартира,9,28.64,6492544.00,226695.00,"Под чистовую, отделка как доп. опция",ФЛ,Ипотека,ПАО Сбербанк России,0,2026-06-18 11:12:27.291 +0300
d83227169c3b10c28e16d938fe1747f2,Резиденция Морей,Новороссийск,Новороссийск м.о.,Бизнес,ССК,2026-01-30,квартира,9,27.74,6288519.00,226695.00,"Под чистовую, отделка как доп. опция",ФЛ,Ипотека,АО Альфа-Банк,0,2026-06-18 11:12:27.291 +0300
d83227169c3b10c28e16d938fe1747f2,Резиденция Морей,Новороссийск,Новороссийск м.о.,Бизнес,ССК,2026-01-30,квартира,10,28.24,6614033.00,234208.00,"Под чистовую, отделка как доп. опция",ФЛ,Ипотека,ПАО Сбербанк России,360,2026-06-18 11:12:27.291 +0300
d83227169c3b10c28e16d938fe1747f2,Резиденция Морей,Новороссийск,Новороссийск м.о.,Бизнес,ССК,2026-01-30,квартира,13,28.24,6614033.00,234208.00,"Под чистовую, отделка как доп. опция",ФЛ,Ипотека,ПАО Сбербанк России,360,2026-06-18 11:12:27.291 +0300
"441afa8fae5c94a584f16bc1baa6b237",Моренуар,Новороссийск,Новороссийск м.о.,Бизнес,Семья,2026-01-30,квартира,5,25.72,6764360.00,263000.00,С отделкой,ФЛ,Ипотека,ПАО Банк ВТБ,0,2026-06-18 11:12:27.291 +0300
"5042878e7f641330ddc35e8454bfe92c",Парк,Сочи,Сочи г.о.,Бизнес+,Десо,2026-01-30,апартаменты,2,30.50,26867419.00,880899.00,"Под чистовую, с отделкой и мебелью",ФЛ,Нет,,0,2026-06-18 11:12:27.291 +0300
"5042878e7f641330ddc35e8454bfe92c",Парк,Сочи,Сочи г.о.,Бизнес+,Десо,2026-01-30,апартаменты,2,53.90,44467553.00,825001.00,"Под чистовую, с отделкой и мебелью",ФЛ,Нет,,0,2026-06-18 11:12:27.291 +0300
"95f1de2b556858c9cfd19ec123edd090",Космос Черное море Риверта Отель / Cosmos Black Sea Riverta Hotel,Пляхо с.,Туапсинский м.о.,Премиум,Тренд-групп,2026-01-30,нежилое помещение,6,25.90,0.00,0.00,С отделкой и мебелью,ФЛ,Нет,,0,2026-06-18 11:12:27.291 +0300
"114265fbbd12eef28cca19fc11278cc4",Город у моря,Новороссийск,Новороссийск м.о.,Комфорт,ВКБ-Новостройки,2026-01-31,квартира,13,83.39,10102000.00,117601.86,С отделкой,ФЛ,Ипотека,ПАО Сбербанк России,0,2026-06-18 11:12:27.291 +0300
"114265fbbd12eef28cca19fc11278cc4",Город у моря,Новороссийск,Новороссийск м.о.,Комфорт,ВКБ-Новостройки,2026-01-31,квартира,9,57.54,9052000.00,157316.65,С отделкой,ФЛ,Ипотека,ПАО Сбербанк России,360,2026-06-18 11:12:27.291 +0300
d83227169c3b10c28e16d938fe1747f2,Резиденция Морей,Новороссийск,Новороссийск м.о.,Бизнес,ССК,2026-01-31,квартира,8,29.75,7140000.00,240000.00,Под чистовую и с отделкой,ФЛ,Ипотека,ПАО Сбербанк России,0,2026-06-18 11:12:27.291 +0300
d83227169c3b10c28e16d938fe1747f2,Резиденция Морей,Новороссийск,Новороссийск м.о.,Бизнес,ССК,2026-01-31,квартира,5,27.64,6949801.00,251440.00,"Под чистовую, отделка как доп. опция",ФЛ,Ипотека,ПАО Сбербанк России,0,2026-06-18 11:12:27.291 +0300
"114265fbbd12eef28cca19fc11278cc4",Город у моря,Новороссийск,Новороссийск м.о.,Комфорт,ВКБ-Новостройки,2026-01-31,квартира,6,38.76,7175000.00,185113.52,С отделкой,ФЛ,Ипотека,ПАО Сбербанк России,0,2026-06-18 11:12:27.291 +0300
"114265fbbd12eef28cca19fc11278cc4",Город у моря,Новороссийск,Новороссийск м.о.,Комфорт,ВКБ-Новостройки,2026-01-31,квартира,6,38.76,7175000.00,185113.52,С отделкой,ФЛ,Ипотека,ПАО Совкомбанк,0,2026-06-18 11:12:27.291 +0300
d83227169c3b10c28e16d938fe1747f2,Резиденция Морей,Новороссийск,Новороссийск м.о.,Бизнес,ССК,2026-01-31,квартира,8,27.74,6288519.00,226695.00,"Под чистовую, отделка как доп. опция",ФЛ,Ипотека,ПАО Сбербанк России,0,2026-06-18 11:12:27.291 +0300
d83227169c3b10c28e16d938fe1747f2,Резиденция Морей,Новороссийск,Новороссийск м.о.,Бизнес,ССК,2026-01-31,квартира,4,27.74,6288519.00,226695.00,"Под чистовую, отделка как доп. опция",ФЛ,Ипотека,ПАО Сбербанк России,360,2026-06-18 11:12:27.291 +0300
d83227169c3b10c28e16d938fe1747f2,Резиденция Морей,Новороссийск,Новороссийск м.о.,Бизнес,ССК,2026-01-31,квартира,6,27.74,6288519.00,226695.00,"Под чистовую, отделка как доп. опция",ФЛ,Ипотека,ПАО Сбербанк России,360,2026-06-18 11:12:27.291 +0300
"5338417a484eca51d14d28b59e51946f",История-3,Южный п.,Динской м.о.,Комфорт,НВМ,2026-01-31,квартира,4,35.70,6604500.00,185000.00,Под чистовую,ФЛ,Ипотека,АО Банк Дом.РФ,288,2026-06-18 11:12:27.291 +0300
"5338417a484eca51d14d28b59e51946f",История-3,Южный п.,Динской м.о.,Комфорт,НВМ,2026-01-31,квартира,8,49.38,8395200.00,165000.00,Под чистовую,ФЛ,Ипотека,ПАО Сбербанк России,0,2026-06-18 11:12:27.291 +0300
"9aa8b842445a7cec2bd4d81e48bebc3a",Новая Волна / Volna Residences,Сочи,Сочи г.о.,Элитный,Nedvex,2026-01-31,апартаменты,3,28.03,42472000.00,1515233.68,Отделка как доп. опция,ФЛ,Нет,,0,2026-06-18 11:12:27.291 +0300
"77bdd422e70b328c06a31923eddda80c",Агой-Парк,Агой с.,Туапсинский м.о.,Комфорт,АГОЙ-ПАРК,2026-01-31,квартира,3,34.97,8392800.00,240000.00,Отделка как доп. опция,ФЛ,Ипотека,ПАО Сбербанк России,130,2026-06-18 11:12:27.291 +0300
"77bdd422e70b328c06a31923eddda80c",Агой-Парк,Агой с.,Туапсинский м.о.,Комфорт,АГОЙ-ПАРК,2026-01-31,квартира,5,35.91,8618400.00,240000.00,Отделка как доп. опция,ФЛ,Ипотека,ПАО Сбербанк России,360,2026-06-18 11:12:27.291 +0300
de2aa2f5a366bc2350a3e192512ea3e6,Цветной бульвар,Северская ст-ца,Северский м.о.,Комфорт,Точно,2026-01-31,квартира,4,54.74,6021400.00,110000.00,С отделкой,ФЛ,Ипотека,ПАО Сбербанк России,0,2026-06-18 11:12:27.291 +0300
b9d92574715ea90ea054b9078964a5d8,Лестория,Сочи,Сочи г.о.,Бизнес-,Неометрия,2026-01-31,квартира,4,47.50,20714850.00,436102.11,Под чистовую и с отделкой,ФЛ,Ипотека,ПАО Совкомбанк,359,2026-06-18 11:12:27.291 +0300
"018074db013670b10cd1d3367521d2a2",Барса,Новороссийск,Новороссийск м.о.,Бизнес,Точно,2026-01-31,квартира,3,53.50,11356975.00,222250.00,С отделкой,ФЛ,Ипотека,ПАО Сбербанк России,228,2026-06-18 11:12:27.291 +0300
"9f774747a88c96336616fc5165908dba",Sun Hills Olginka,Ольгинка с.,Туапсинский м.о.,Комфорт,Метрикс Develoрment,2026-01-31,квартира,13,26.71,9381058.00,351218.98,Под чистовую,ФЛ,Ипотека,ПАО Сбербанк России,360,2026-06-18 11:12:27.291 +0300
"9f774747a88c96336616fc5165908dba",Sun Hills Olginka,Ольгинка с.,Туапсинский м.о.,Комфорт,Метрикс Develoрment,2026-01-31,квартира,8,17.72,6351255.00,358423.02,Под чистовую,ФЛ,Ипотека,ПАО Сбербанк России,360,2026-06-18 11:12:27.291 +0300
c2600c4dfa1b97ac0b7b06040e1ddaec,Порто-Ново,Новороссийск,Новороссийск м.о.,Комфорт,DOGMA,2026-01-31,квартира,5,65.40,10732140.00,164100.00,"Под чистовую, отделка как доп. опция",ФЛ,Ипотека,ПАО Сбербанк России,0,2026-06-18 11:12:27.291 +0300
c2600c4dfa1b97ac0b7b06040e1ddaec,Порто-Ново,Новороссийск,Новороссийск м.о.,Комфорт,DOGMA,2026-01-31,квартира,2,43.60,8754880.00,200800.00,"Под чистовую, отделка как доп. опция",ФЛ,Ипотека,ПАО АКБ Абсолют Банк,360,2026-06-18 11:12:27.291 +0300
c2600c4dfa1b97ac0b7b06040e1ddaec,Порто-Ново,Новороссийск,Новороссийск м.о.,Комфорт,DOGMA,2026-01-31,квартира,8,37.50,8148750.00,217300.00,"Под чистовую, отделка как доп. опция",ФЛ,Ипотека,ПАО Сбербанк России,0,2026-06-18 11:12:27.291 +0300
c2600c4dfa1b97ac0b7b06040e1ddaec,Порто-Ново,Новороссийск,Новороссийск м.о.,Комфорт,DOGMA,2026-01-31,квартира,10,19.80,6330060.00,319700.00,"Под чистовую, отделка как доп. опция",ФЛ,Ипотека,ПАО Сбербанк России,360,2026-06-18 11:12:27.291 +0300
c2600c4dfa1b97ac0b7b06040e1ddaec,Порто-Ново,Новороссийск,Новороссийск м.о.,Комфорт,DOGMA,2026-01-31,квартира,14,20.90,5923060.00,283400.00,"Под чистовую, отделка как доп. опция",ФЛ,Ипотека,ПАО Сбербанк России,0,2026-06-18 11:12:27.291 +0300
c2600c4dfa1b97ac0b7b06040e1ddaec,Порто-Ново,Новороссийск,Новороссийск м.о.,Комфорт,DOGMA,2026-01-31,квартира,8,38.20,8025820.00,210100.00,"Под чистовую, отделка как доп. опция",ФЛ,Ипотека,ПАО Сбербанк России,360,2026-06-18 11:12:27.291 +0300
c2600c4dfa1b97ac0b7b06040e1ddaec,Порто-Ново,Новороссийск,Новороссийск м.о.,Комфорт,DOGMA,2026-01-31,квартира,7,20.00,6028000.00,301400.00,"Под чистовую, отделка как доп. опция",ФЛ,Ипотека,ПАО Сбербанк России,360,2026-06-18 11:12:27.291 +0300
bcd90c1f7a745d86700f5d01f8ea550c,Кипарис,Сукко с.,Анапа м.о.,Комфорт,Bravo,2026-01-31,квартира,7,33.50,9705720.00,278900.00,С отделкой,ФЛ,Ипотека,ПАО Совкомбанк,360,2026-06-18 11:12:27.291 +0300
c2600c4dfa1b97ac0b7b06040e1ddaec,Порто-Ново,Новороссийск,Новороссийск м.о.,Комфорт,DOGMA,2026-01-31,квартира,11,37.20,7615179.00,204709.13,"Под чистовую, отделка как доп. опция",ФЛ,Ипотека,ПАО Сбербанк России,0,2026-06-18 11:12:27.291 +0300
d83227169c3b10c28e16d938fe1747f2,Резиденция Морей,Новороссийск,Новороссийск м.о.,Бизнес,ССК,2026-02-02,квартира,8,63.16,15502122.00,246300.00,Под чистовую и с отделкой,ФЛ,Нет,,0,2026-06-18 11:12:27.291 +0300
"83e4b77e4c81fe02646c0317f082a5b3",Эден / Eden Family Hotel,Анапа,Анапа м.о.,Комфорт,Развитие,2026-02-02,апартаменты,3,26.00,6896459.00,265248.44,С отделкой и мебелью,ФЛ,Ипотека,ПАО Сбербанк России,0,2026-06-18 11:12:27.291 +0300
"83e4b77e4c81fe02646c0317f082a5b3",Эден / Eden Family Hotel,Анапа,Анапа м.о.,Комфорт,Развитие,2026-02-02,апартаменты,4,26.10,6922984.00,265248.44,С отделкой и мебелью,ФЛ,Нет,,0,2026-06-18 11:12:27.291 +0300
"95f1de2b556858c9cfd19ec123edd090",Космос Черное море Риверта Отель / Cosmos Black Sea Riverta Hotel,Пляхо с.,Туапсинский м.о.,Премиум,Тренд-групп,2026-02-02,апартаменты,5,25.90,15928500.00,615000.00,С отделкой и мебелью,ФЛ,Нет,,0,2026-06-18 11:12:27.291 +0300
"95f1de2b556858c9cfd19ec123edd090",Космос Черное море Риверта Отель / Cosmos Black Sea Riverta Hotel,Пляхо с.,Туапсинский м.о.,Премиум,Тренд-групп,2026-02-02,нежилое помещение,5,25.90,0.00,0.00,С отделкой и мебелью,ФЛ,Нет,,0,2026-06-18 11:12:27.291 +0300
"5042878e7f641330ddc35e8454bfe92c",Парк,Сочи,Сочи г.о.,Бизнес+,Десо,2026-02-02,апартаменты,3,51.40,41120000.00,800000.00,"Под чистовую, с отделкой и мебелью",ФЛ,Нет,,0,2026-06-18 11:12:27.291 +0300
"5042878e7f641330ddc35e8454bfe92c",Парк,Сочи,Сочи г.о.,Бизнес+,Десо,2026-02-02,апартаменты,4,51.80,46620000.00,900000.00,"Под чистовую, с отделкой и мебелью",ФЛ,Нет,,0,2026-06-18 11:12:27.291 +0300
"5042878e7f641330ddc35e8454bfe92c",Парк,Сочи,Сочи г.о.,Бизнес+,Десо,2026-02-02,апартаменты,3,53.90,45815000.00,850000.00,"Под чистовую, с отделкой и мебелью",ФЛ,Нет,,0,2026-06-18 11:12:27.291 +0300
"5042878e7f641330ddc35e8454bfe92c",Парк,Сочи,Сочи г.о.,Бизнес+,Десо,2026-02-02,апартаменты,3,65.70,49275000.00,750000.00,"Под чистовую, с отделкой и мебелью",ФЛ,Нет,,0,2026-06-18 11:12:27.291 +0300
"5042878e7f641330ddc35e8454bfe92c",Парк,Сочи,Сочи г.о.,Бизнес+,Десо,2026-02-02,апартаменты,4,74.70,67230000.00,900000.00,"Под чистовую, с отделкой и мебелью",ФЛ,Нет,,0,2026-06-18 11:12:27.291 +0300
fc98c3a43cd1680c1cb66c1523d44f4a,Дзенпарк,Марьянская ст.,Красноармейский м.о.,Комфорт,Средастрой,2026-02-02,квартира,2,18.50,2775000.00,150000.00,"Под чистовую, отделка как доп. опция",ФЛ,Нет,,0,2026-06-18 11:12:27.291 +0300
"9aa8b842445a7cec2bd4d81e48bebc3a",Новая Волна / Volna Residences,Сочи,Сочи г.о.,Элитный,Nedvex,2026-02-02,апартаменты,4,30.34,45418359.00,1496979.54,Отделка как доп. опция,ФЛ,Нет,,0,2026-06-18 11:12:27.291 +0300
"9aa8b842445a7cec2bd4d81e48bebc3a",Новая Волна / Volna Residences,Сочи,Сочи г.о.,Элитный,Nedvex,2026-02-02,апартаменты,4,31.45,47079999.00,1496979.33,Отделка как доп. опция,ФЛ,Нет,,0,2026-06-18 11:12:27.291 +0300
c5fc682cef8e118ca6caaa2ddeaeb433,Sun Garden Hotel,Анапа,Анапа м.о.,Премиум,Развитие,2026-02-03,апартаменты,2,52.50,19949990.00,380725.00,С отделкой и мебелью,ФЛ,Нет,,0,2026-06-18 11:12:27.291 +0300
"018074db013670b10cd1d3367521d2a2",Барса,Новороссийск,Новороссийск м.о.,Бизнес,Точно,2026-02-03,квартира,19,60.37,17204850.00,294100.00,Под чистовую и отделка как доп. опция,ФЛ,Ипотека,ПАО АКБ МЕТАЛЛУРГИЧЕСКИЙ ИНВЕСТИЦИОННЫЙ БАНК,276,2026-06-18 11:12:27.291 +0300
c2600c4dfa1b97ac0b7b06040e1ddaec,Порто-Ново,Новороссийск,Новороссийск м.о.,Комфорт,DOGMA,2026-02-03,квартира,2,66.40,10793760.00,159200.00,"Под чистовую, отделка как доп. опция",ФЛ,Ипотека,ПАО Сбербанк России,0,2026-06-18 11:12:27.291 +0300
"114265fbbd12eef28cca19fc11278cc4",Город у моря,Новороссийск,Новороссийск м.о.,Комфорт,ВКБ-Новостройки,2026-02-03,квартира,11,85.96,10393000.00,120905.07,С отделкой,ФЛ,Ипотека,ПАО Сбербанк России,0,2026-06-18 11:12:27.291 +0300
"83e4b77e4c81fe02646c0317f082a5b3",Эден / Eden Family Hotel,Анапа,Анапа м.о.,Комфорт,Развитие,2026-02-03,апартаменты,2,26.00,6896459.00,265248.44,С отделкой и мебелью,ФЛ,Нет,,0,2026-06-18 11:12:27.291 +0300
d83227169c3b10c28e16d938fe1747f2,Резиденция Морей,Новороссийск,Новороссийск м.о.,Бизнес,ССК,2026-02-03,квартира,8,28.64,6492544.00,226695.00,"Под чистовую, отделка как доп. опция",ФЛ,Ипотека,ПАО Сбербанк России,360,2026-06-18 11:12:27.291 +0300
d83227169c3b10c28e16d938fe1747f2,Резиденция Морей,Новороссийск,Новороссийск м.о.,Бизнес,ССК,2026-02-03,квартира,9,28.61,6700690.00,234208.00,"Под чистовую, отделка как доп. опция",ФЛ,Ипотека,ПАО Совкомбанк,360,2026-06-18 11:12:27.291 +0300
d83227169c3b10c28e16d938fe1747f2,Резиденция Морей,Новороссийск,Новороссийск м.о.,Бизнес,ССК,2026-02-03,квартира,18,28.24,6614033.00,234208.00,"Под чистовую, отделка как доп. опция",ФЛ,Ипотека,ПАО Сбербанк России,0,2026-06-18 11:12:27.291 +0300
"5042878e7f641330ddc35e8454bfe92c",Парк,Сочи,Сочи г.о.,Бизнес+,Десо,2026-02-03,апартаменты,4,50.70,45630000.00,900000.00,"Под чистовую, с отделкой и мебелью",ФЛ,Нет,,0,2026-06-18 11:12:27.291 +0300
"5042878e7f641330ddc35e8454bfe92c",Парк,Сочи,Сочи г.о.,Бизнес+,Десо,2026-02-03,апартаменты,3,57.60,46080000.00,800000.00,"Под чистовую, с отделкой и мебелью",ФЛ,Нет,,0,2026-06-18 11:12:27.291 +0300
"5042878e7f641330ddc35e8454bfe92c",Парк,Сочи,Сочи г.о.,Бизнес+,Десо,2026-02-03,апартаменты,4,92.50,69375000.00,750000.00,"Под чистовую, с отделкой и мебелью",ФЛ,Нет,,0,2026-06-18 11:12:27.291 +0300
fc98c3a43cd1680c1cb66c1523d44f4a,Дзенпарк,Марьянская ст.,Красноармейский м.о.,Комфорт,Средастрой,2026-02-04,квартира,2,32.50,3575000.00,110000.00,Под чистовую,ФЛ,Нет,,0,2026-06-18 11:12:27.291 +0300
c2600c4dfa1b97ac0b7b06040e1ddaec,Порто-Ново,Новороссийск,Новороссийск м.о.,Комфорт,DOGMA,2026-02-04,квартира,5,21.80,6561800.00,301000.00,"Под чистовую, отделка как доп. опция",ФЛ,Ипотека,ПАО Сбербанк России,360,2026-06-18 11:12:27.291 +0300
"018074db013670b10cd1d3367521d2a2",Барса,Новороссийск,Новороссийск м.о.,Бизнес,Точно,2026-02-04,квартира,7,57.07,11093544.00,200970.00,Под чистовую и отделка как доп. опция,ФЛ,Нет,,0,2026-06-18 11:12:27.291 +0300
"114265fbbd12eef28cca19fc11278cc4",Город у моря,Новороссийск,Новороссийск м.о.,Комфорт,ВКБ-Новостройки,2026-02-04,квартира,11,38.81,7312000.00,188405.05,С отделкой,ФЛ,Ипотека,ПАО Сбербанк России,240,2026-06-18 11:12:27.291 +0300
"3b768d7a3423d87ca2500e86b3aa26e8",Мореград,Анапа,Анапа м.о.,Комфорт,ССК,2026-02-04,апартаменты,7,45.60,15321600.00,336000.00,С отделкой и мебелью,ФЛ,Нет,,0,2026-06-18 11:12:27.291 +0300
"3b768d7a3423d87ca2500e86b3aa26e8",Мореград,Анапа,Анапа м.о.,Комфорт,ССК,2026-02-04,апартаменты,7,24.50,8820000.00,360000.00,С отделкой и мебелью,ФЛ,Ипотека,АО Альфа-Банк,156,2026-06-18 11:12:27.291 +0300
"2be7f950954f9f0b079ca01c72d39a42",Морская Горгиппия,Анапа,Анапа м.о.,Эконом,ОБД-Инвест,2026-02-04,квартира,8,37.65,6947855.00,184538.00,Под чистовую,ФЛ,Ипотека,ПАО Сбербанк России,360,2026-06-18 11:12:27.291 +0300
"95f1de2b556858c9cfd19ec123edd090",Космос Черное море Риверта Отель / Cosmos Black Sea Riverta Hotel,Пляхо с.,Туапсинский м.о.,Премиум,Тренд-групп,2026-02-04,нежилое помещение,4,25.90,0.00,0.00,С отделкой и мебелью,ФЛ,Нет,,0,2026-06-18 11:12:27.291 +0300
"5042878e7f641330ddc35e8454bfe92c",Парк,Сочи,Сочи г.о.,Бизнес+,Десо,2026-02-04,апартаменты,2,45.10,33825000.00,750000.00,"Под чистовую, с отделкой и мебелью",ФЛ,Нет,,0,2026-06-18 11:12:27.291 +0300
"5042878e7f641330ddc35e8454bfe92c",Парк,Сочи,Сочи г.о.,Бизнес+,Десо,2026-02-04,апартаменты,3,64.30,48225000.00,750000.00,"Под чистовую, с отделкой и мебелью",ФЛ,Нет,,0,2026-06-18 11:12:27.291 +0300
"95f1de2b556858c9cfd19ec123edd090",Космос Черное море Риверта Отель / Cosmos Black Sea Riverta Hotel,Пляхо с.,Туапсинский м.о.,Премиум,Тренд-групп,2026-02-04,нежилое помещение,6,25.90,0.00,0.00,С отделкой и мебелью,ФЛ,Нет,,0,2026-06-18 11:12:27.291 +0300
d83227169c3b10c28e16d938fe1747f2,Резиденция Морей,Новороссийск,Новороссийск м.о.,Бизнес,ССК,2026-02-05,квартира,9,28.64,6510931.00,227337.00,Под чистовую и с отделкой,ФЛ,Ипотека,ПАО Сбербанк России,0,2026-06-18 11:12:27.291 +0300
d83227169c3b10c28e16d938fe1747f2,Резиденция Морей,Новороссийск,Новороссийск м.о.,Бизнес,ССК,2026-02-05,квартира,9,28.61,6700690.00,234208.00,"Под чистовую, отделка как доп. опция",ФЛ,Нет,,0,2026-06-18 11:12:27.291 +0300
"5042878e7f641330ddc35e8454bfe92c",Парк,Сочи,Сочи г.о.,Бизнес+,Десо,2026-02-05,апартаменты,2,41.40,33120000.00,800000.00,"Под чистовую, с отделкой и мебелью",ФЛ,Нет,,0,2026-06-18 11:12:27.291 +0300
"5042878e7f641330ddc35e8454bfe92c",Парк,Сочи,Сочи г.о.,Бизнес+,Десо,2026-02-05,апартаменты,2,57.60,40320000.00,700000.00,"Под чистовую, с отделкой и мебелью",ФЛ,Нет,,0,2026-06-18 11:12:27.291 +0300
"5042878e7f641330ddc35e8454bfe92c",Парк,Сочи,Сочи г.о.,Бизнес+,Десо,2026-02-05,апартаменты,3,65.20,48900000.00,750000.00,"Под чистовую, с отделкой и мебелью",ФЛ,Нет,,0,2026-06-18 11:12:27.291 +0300
"5042878e7f641330ddc35e8454bfe92c",Парк,Сочи,Сочи г.о.,Бизнес+,Десо,2026-02-05,апартаменты,3,70.80,53100000.00,750000.00,"Под чистовую, с отделкой и мебелью",ФЛ,Нет,,0,2026-06-18 11:12:27.291 +0300
ce10854bfb47343480564adf2f08a997,Фестивальный (Кропоткин),Кропоткин,Кропоткинский м.о.,Комфорт,Теплый дом,2026-02-05,квартира,4,80.60,7676953.00,101547.00,Без отделки,ФЛ,Нет,,0,2026-06-18 11:12:27.291 +0300
ce10854bfb47343480564adf2f08a997,Фестивальный (Кропоткин),Кропоткин,Кропоткинский м.о.,Комфорт,Теплый дом,2026-02-05,квартира,4,43.70,4274500.00,103000.00,Без отделки,ФЛ,Нет,,0,2026-06-18 11:12:27.291 +0300
"9aa8b842445a7cec2bd4d81e48bebc3a",Новая Волна / Volna Residences,Сочи,Сочи г.о.,Элитный,Nedvex,2026-02-05,апартаменты,3,37.20,53993000.00,1451424.73,Отделка как доп. опция,ФЛ,Нет,,0,2026-06-18 11:12:27.291 +0300
b9d92574715ea90ea054b9078964a5d8,Лестория,Сочи,Сочи г.о.,Бизнес-,Неометрия,2026-02-05,квартира,13,35.10,16071237.00,457870.00,Под чистовую,ФЛ,Нет,,0,2026-06-18 11:12:27.291 +0300
c5fc682cef8e118ca6caaa2ddeaeb433,Sun Garden Hotel,Анапа,Анапа м.о.,Премиум,Развитие,2026-02-06,апартаменты,5,26.50,9184847.00,346598.00,С отделкой и мебелью,ФЛ,Нет,,0,2026-06-18 11:12:27.291 +0300
c2600c4dfa1b97ac0b7b06040e1ddaec,Порто-Ново,Новороссийск,Новороссийск м.о.,Комфорт,DOGMA,2026-02-06,квартира,13,38.00,8044600.00,211700.00,"Под чистовую, отделка как доп. опция",ФЛ,Нет,,0,2026-06-18 11:12:27.291 +0300
"95f1de2b556858c9cfd19ec123edd090",Космос Черное море Риверта Отель / Cosmos Black Sea Riverta Hotel,Пляхо с.,Туапсинский м.о.,Премиум,Тренд-групп,2026-02-06,апартаменты,3,25.90,16128000.00,480000.00,С отделкой и мебелью,ФЛ,Нет,,0,2026-06-18 11:12:27.291 +0300
"95f1de2b556858c9cfd19ec123edd090",Космос Черное море Риверта Отель / Cosmos Black Sea Riverta Hotel,Пляхо с.,Туапсинский м.о.,Премиум,Тренд-групп,2026-02-06,апартаменты,4,33.60,16296000.00,485000.00,С отделкой и мебелью,ФЛ,Нет,,0,2026-06-18 11:12:27.291 +0300
"95f1de2b556858c9cfd19ec123edd090",Космос Черное море Риверта Отель / Cosmos Black Sea Riverta Hotel,Пляхо с.,Туапсинский м.о.,Премиум,Тренд-групп,2026-02-06,апартаменты,5,33.60,16464000.00,490000.00,С отделкой и мебелью,ФЛ,Нет,,0,2026-06-18 11:12:27.291 +0300
"95f1de2b556858c9cfd19ec123edd090",Космос Черное море Риверта Отель / Cosmos Black Sea Riverta Hotel,Пляхо с.,Туапсинский м.о.,Премиум,Тренд-групп,2026-02-06,апартаменты,5,33.30,15950700.00,479000.00,С отделкой и мебелью,ФЛ,Нет,,0,2026-06-18 11:12:27.291 +0300
"95f1de2b556858c9cfd19ec123edd090",Космос Черное море Риверта Отель / Cosmos Black Sea Riverta Hotel,Пляхо с.,Туапсинский м.о.,Премиум,Тренд-групп,2026-02-06,нежилое помещение,5,25.90,0.00,0.00,С отделкой и мебелью,ФЛ,Нет,,0,2026-06-18 11:12:27.291 +0300
"95f1de2b556858c9cfd19ec123edd090",Космос Черное море Риверта Отель / Cosmos Black Sea Riverta Hotel,Пляхо с.,Туапсинский м.о.,Премиум,Тренд-групп,2026-02-06,апартаменты,6,25.70,16800000.00,500000.00,С отделкой и мебелью,ФЛ,Нет,,0,2026-06-18 11:12:27.291 +0300
"95f1de2b556858c9cfd19ec123edd090",Космос Черное море Риверта Отель / Cosmos Black Sea Riverta Hotel,Пляхо с.,Туапсинский м.о.,Премиум,Тренд-групп,2026-02-06,апартаменты,6,27.30,14878500.00,545000.00,С отделкой и мебелью,ФЛ,Нет,,0,2026-06-18 11:12:27.291 +0300
"95f1de2b556858c9cfd19ec123edd090",Космос Черное море Риверта Отель / Cosmos Black Sea Riverta Hotel,Пляхо с.,Туапсинский м.о.,Премиум,Тренд-групп,2026-02-06,нежилое помещение,6,30.90,0.00,0.00,С отделкой и мебелью,ФЛ,Нет,,0,2026-06-18 11:12:27.291 +0300
d83227169c3b10c28e16d938fe1747f2,Резиденция Морей,Новороссийск,Новороссийск м.о.,Бизнес,ССК,2026-02-06,квартира,11,28.24,6614033.00,234208.00,"Под чистовую, отделка как доп. опция",ФЛ,Нет,,0,2026-06-18 11:12:27.291 +0300
"95f1de2b556858c9cfd19ec123edd090",Космос Черное море Риверта Отель / Cosmos Black Sea Riverta Hotel,Пляхо с.,Туапсинский м.о.,Премиум,Тренд-групп,2026-02-06,апартаменты,7,33.60,16800000.00,500000.00,С отделкой и мебелью,ФЛ,Нет,,0,2026-06-18 11:12:27.291 +0300
"9648a6234501850e715607d4d244b13a",Botanica Hills,Небуг с.,Туапсинский м.о.,Комфорт,Метрикс Develoрment,2026-02-06,квартира,1,23.23,7701702.00,331541.22,"Под чистовую, отделка как доп. опция",ФЛ,Ипотека,ПАО Сбербанк России,360,2026-06-18 11:12:27.291 +0300
"9aa8b842445a7cec2bd4d81e48bebc3a",Новая Волна / Volna Residences,Сочи,Сочи г.о.,Элитный,Nedvex,2026-02-06,апартаменты,4,54.32,77877000.00,1433670.84,Отделка как доп. опция,ФЛ,Нет,,0,2026-06-18 11:12:27.291 +0300
fc98c3a43cd1680c1cb66c1523d44f4a,Дзенпарк,Марьянская ст.,Красноармейский м.о.,Комфорт,Средастрой,2026-02-07,квартира,3,18.50,2220000.00,120000.00,Под чистовую,ФЛ,Нет,,0,2026-06-18 11:12:27.291 +0300
fc98c3a43cd1680c1cb66c1523d44f4a,Дзенпарк,Марьянская ст.,Красноармейский м.о.,Комфорт,Средастрой,2026-02-07,квартира,3,18.50,2220000.00,120000.00,Под чистовую,ФЛ,Нет,,0,2026-06-18 11:12:27.291 +0300
fc98c3a43cd1680c1cb66c1523d44f4a,Дзенпарк,Марьянская ст.,Красноармейский м.о.,Комфорт,Средастрой,2026-02-07,квартира,3,18.50,2220000.00,120000.00,"Под чистовую, отделка как доп. опция",ФЛ,Нет,,0,2026-06-18 11:12:27.291 +0300
fc98c3a43cd1680c1cb66c1523d44f4a,Дзенпарк,Марьянская ст.,Красноармейский м.о.,Комфорт,Средастрой,2026-02-07,квартира,3,18.50,2220000.00,120000.00,"Под чистовую, отделка как доп. опция",ФЛ,Нет,,0,2026-06-18 11:12:27.291 +0300
b3ccb1c60914c224f2e4e07d33d020da,Новый город,Тихорецк,Тихорецкий м.о.,Комфорт,Стройуниверсал,2026-02-07,квартира,4,58.88,7065599.00,132987.01,Под чистовую,ФЛ,Нет,,0,2026-06-18 11:12:27.291 +0300
"068a5a3c5a4726c1ef2c4ae4a9e1359a",Cosmos Stay Olginka Moreol',Ольгинка с.,Туапсинский м.о.,Бизнес,НОСТА,2026-02-07,апартаменты,5,27.30,12967500.00,475000.00,С отделкой и мебелью,ФЛ,Ипотека,ПАО Сбербанк России,204,2026-06-18 11:12:27.291 +0300
"9648a6234501850e715607d4d244b13a",Botanica Hills,Небуг с.,Туапсинский м.о.,Комфорт,Метрикс Develoрment,2026-02-07,квартира,6,57.53,15610000.00,271336.69,"Под чистовую, отделка как доп. опция",ФЛ,Ипотека,ПАО Сбербанк России,240,2026-06-18 11:12:27.291 +0300
"114265fbbd12eef28cca19fc11278cc4",Город у моря,Новороссийск,Новороссийск м.о.,Комфорт,ВКБ-Новостройки,2026-02-09,квартира,9,83.39,10145000.00,118102.44,С отделкой,ФЛ,Ипотека,ПАО Сбербанк России,156,2026-06-18 11:12:27.291 +0300
"114265fbbd12eef28cca19fc11278cc4",Город у моря,Новороссийск,Новороссийск м.о.,Комфорт,ВКБ-Новостройки,2026-02-09,квартира,8,85.96,10367000.00,120602.61,С отделкой,ФЛ,Ипотека,ПАО Сбербанк России,0,2026-06-18 11:12:27.291 +0300
"5042878e7f641330ddc35e8454bfe92c",Парк,Сочи,Сочи г.о.,Бизнес+,Десо,2026-02-09,апартаменты,2,35.60,33820000.00,950000.00,"Под чистовую, с отделкой и мебелью",ФЛ,Нет,,0,2026-06-18 11:12:27.291 +0300
"5042878e7f641330ddc35e8454bfe92c",Парк,Сочи,Сочи г.о.,Бизнес+,Десо,2026-02-09,апартаменты,2,51.40,35980000.00,700000.00,"Под чистовую, с отделкой и мебелью",ФЛ,Нет,,0,2026-06-18 11:12:27.291 +0300
"5042878e7f641330ddc35e8454bfe92c",Парк,Сочи,Сочи г.о.,Бизнес+,Десо,2026-02-09,апартаменты,2,65.70,42705000.00,650000.00,"Под чистовую, с отделкой и мебелью",ФЛ,Нет,,0,2026-06-18 11:12:27.291 +0300
"5042878e7f641330ddc35e8454bfe92c",Парк,Сочи,Сочи г.о.,Бизнес+,Десо,2026-02-09,апартаменты,2,95.90,71925000.00,750000.00,"Под чистовую, с отделкой и мебелью",ФЛ,Нет,,0,2026-06-18 11:12:27.291 +0300
fc98c3a43cd1680c1cb66c1523d44f4a,Дзенпарк,Марьянская ст.,Красноармейский м.о.,Комфорт,Средастрой,2026-02-09,квартира,2,20.90,2508000.00,120000.00,"Под чистовую, отделка как доп. опция",ФЛ,Ипотека,ПАО Сбербанк России,0,2026-06-18 11:12:27.291 +0300
fc98c3a43cd1680c1cb66c1523d44f4a,Дзенпарк,Марьянская ст.,Красноармейский м.о.,Комфорт,Средастрой,2026-02-09,квартира,3,17.70,2655000.00,150000.00,"Под чистовую, отделка как доп. опция",ФЛ,Ипотека,АО Альфа-Банк,0,2026-06-18 11:12:27.291 +0300
"9f774747a88c96336616fc5165908dba",Sun Hills Olginka,Ольгинка с.,Туапсинский м.о.,Комфорт,Метрикс Develoрment,2026-02-09,квартира,10,17.76,6647301.00,374285.02,Под чистовую,ФЛ,Ипотека,ПАО Сбербанк России,82,2026-06-18 11:12:27.291 +0300
bcd90c1f7a745d86700f5d01f8ea550c,Кипарис,Сукко с.,Анапа м.о.,Комфорт,Bravo,2026-02-09,квартира,7,34.80,8526000.00,245000.00,С отделкой,ФЛ,Нет,,0,2026-06-18 11:12:27.291 +0300
"83e4b77e4c81fe02646c0317f082a5b3",Эден / Eden Family Hotel,Анапа,Анапа м.о.,Комфорт,Развитие,2026-02-09,апартаменты,4,53.60,13591941.00,253580.99,С отделкой и мебелью,ФЛ,Нет,,0,2026-06-18 11:12:27.291 +0300
"77bdd422e70b328c06a31923eddda80c",Агой-Парк,Агой с.,Туапсинский м.о.,Комфорт,АГОЙ-ПАРК,2026-02-10,квартира,5,40.26,9662400.00,240000.00,Отделка как доп. опция,ФЛ,Нет,,0,2026-06-18 11:12:27.291 +0300
"83e4b77e4c81fe02646c0317f082a5b3",Эден / Eden Family Hotel,Анапа,Анапа м.о.,Комфорт,Развитие,2026-02-10,апартаменты,2,51.90,12715500.00,243591.95,С отделкой и мебелью,ФЛ,Нет,,0,2026-06-18 11:12:27.291 +0300
d83227169c3b10c28e16d938fe1747f2,Резиденция Морей,Новороссийск,Новороссийск м.о.,Бизнес,ССК,2026-02-10,квартира,6,28.64,6510931.00,227337.00,Под чистовую и с отделкой,ФЛ,Ипотека,ПАО Сбербанк России,360,2026-06-18 11:12:27.291 +0300
e7435571144b9a3d7cd4ab24dd71543f,На Высоком берегу,Анапа,Анапа м.о.,Бизнес,ССК,2026-02-10,квартира,6,57.05,14833000.00,260000.00,Под чистовую,ФЛ,Нет,,0,2026-06-18 11:12:27.291 +0300
"83e4b77e4c81fe02646c0317f082a5b3",Эден / Eden Family Hotel,Анапа,Анапа м.о.,Комфорт,Развитие,2026-02-10,апартаменты,4,26.10,6816884.00,265248.44,С отделкой и мебелью,ФЛ,Нет,,0,2026-06-18 11:12:27.291 +0300
"83e4b77e4c81fe02646c0317f082a5b3",Эден / Eden Family Hotel,Анапа,Анапа м.о.,Комфорт,Развитие,2026-02-10,апартаменты,3,26.00,6896459.00,265248.44,С отделкой и мебелью,ФЛ,Нет,,0,2026-06-18 11:12:27.291 +0300
"95f1de2b556858c9cfd19ec123edd090",Космос Черное море Риверта Отель / Cosmos Black Sea Riverta Hotel,Пляхо с.,Туапсинский м.о.,Премиум,Тренд-групп,2026-02-10,апартаменты,3,25.90,15358700.00,593000.00,С отделкой и мебелью,ФЛ,Ипотека,ПАО Сбербанк России,0,2026-06-18 11:12:27.291 +0300
"95f1de2b556858c9cfd19ec123edd090",Космос Черное море Риверта Отель / Cosmos Black Sea Riverta Hotel,Пляхо с.,Туапсинский м.о.,Премиум,Тренд-групп,2026-02-10,нежилое помещение,3,25.90,0.00,0.00,С отделкой и мебелью,ФЛ,Нет,,0,2026-06-18 11:12:27.291 +0300
"441afa8fae5c94a584f16bc1baa6b237",Моренуар,Новороссийск,Новороссийск м.о.,Бизнес,Семья,2026-02-10,квартира,8,25.72,6841520.00,266000.00,С отделкой,ФЛ,Ипотека,ООО СЗ СЕМЬЯ-НОВОРОССИЙСК-2,0,2026-06-18 11:12:27.291 +0300
"5042878e7f641330ddc35e8454bfe92c",Парк,Сочи,Сочи г.о.,Бизнес+,Десо,2026-02-10,апартаменты,3,49.10,39280000.00,800000.00,"Под чистовую, с отделкой и мебелью",ФЛ,Нет,,0,2026-06-18 11:12:27.291 +0300
"5042878e7f641330ddc35e8454bfe92c",Парк,Сочи,Сочи г.о.,Бизнес+,Десо,2026-02-10,апартаменты,4,51.00,45900000.00,900000.00,"Под чистовую, с отделкой и мебелью",ФЛ,Нет,,0,2026-06-18 11:12:27.291 +0300
"95f1de2b556858c9cfd19ec123edd090",Космос Черное море Риверта Отель / Cosmos Black Sea Riverta Hotel,Пляхо с.,Туапсинский м.о.,Премиум,Тренд-групп,2026-02-10,апартаменты,7,25.60,16076800.00,628000.00,С отделкой и мебелью,ФЛ,Ипотека,ПАО Сбербанк России,216,2026-06-18 11:12:27.291 +0300
bcd90c1f7a745d86700f5d01f8ea550c,Кипарис,Сукко с.,Анапа м.о.,Комфорт,Bravo,2026-02-10,квартира,2,35.00,8505000.00,243000.00,С отделкой,ФЛ,Нет,,0,2026-06-18 11:12:27.291 +0300
"068a5a3c5a4726c1ef2c4ae4a9e1359a",Cosmos Stay Olginka Moreol',Ольгинка с.,Туапсинский м.о.,Бизнес,НОСТА,2026-02-10,апартаменты,5,27.30,12967500.00,475000.00,С отделкой и мебелью,ФЛ,Ипотека,ПАО Совкомбанк,0,2026-06-18 11:12:27.291 +0300
"508e2e152a644af269da402a71a52936",Облака,Новороссийск,Новороссийск м.о.,Комфорт,Неометрия,2026-02-10,квартира,14,49.90,10236486.00,205140.00,Без отделки,ФЛ,Нет,,0,2026-06-18 11:12:27.291 +0300
"508e2e152a644af269da402a71a52936",Облака,Новороссийск,Новороссийск м.о.,Комфорт,Неометрия,2026-02-10,квартира,5,67.60,11314888.00,167380.00,Без отделки,ФЛ,Ипотека,ПАО Банк ВТБ,0,2026-06-18 11:12:27.291 +0300
"508e2e152a644af269da402a71a52936",Облака,Новороссийск,Новороссийск м.о.,Комфорт,Неометрия,2026-02-10,квартира,24,35.20,8061856.00,229030.00,Без отделки,ФЛ,Ипотека,ПАО Банк ВТБ,362,2026-06-18 11:12:27.291 +0300
"114265fbbd12eef28cca19fc11278cc4",Город у моря,Новороссийск,Новороссийск м.о.,Комфорт,ВКБ-Новостройки,2026-02-11,квартира,1,57.54,8965000.00,155804.66,С отделкой,ФЛ,Ипотека,ПАО Сбербанк России,0,2026-06-18 11:12:27.291 +0300
"3b768d7a3423d87ca2500e86b3aa26e8",Мореград,Анапа,Анапа м.о.,Комфорт,ССК,2026-02-11,апартаменты,6,23.30,8737500.00,375000.00,С отделкой и мебелью,ФЛ,Ипотека,ПАО Сбербанк России,0,2026-06-18 11:12:27.291 +0300
"95f1de2b556858c9cfd19ec123edd090",Космос Черное море Риверта Отель / Cosmos Black Sea Riverta Hotel,Пляхо с.,Туапсинский м.о.,Премиум,Тренд-групп,2026-02-11,нежилое помещение,3,25.90,0.00,0.00,С отделкой и мебелью,ФЛ,Нет,,0,2026-06-18 11:12:27.291 +0300
"5042878e7f641330ddc35e8454bfe92c",Парк,Сочи,Сочи г.о.,Бизнес+,Десо,2026-02-11,апартаменты,2,51.80,36260000.00,700000.00,"Под чистовую, с отделкой и мебелью",ФЛ,Нет,,0,2026-06-18 11:12:27.291 +0300
"5042878e7f641330ddc35e8454bfe92c",Парк,Сочи,Сочи г.о.,Бизнес+,Десо,2026-02-11,апартаменты,2,58.80,41160000.00,700000.00,"Под чистовую, с отделкой и мебелью",ФЛ,Нет,,0,2026-06-18 11:12:27.291 +0300
"5042878e7f641330ddc35e8454bfe92c",Парк,Сочи,Сочи г.о.,Бизнес+,Десо,2026-02-11,апартаменты,2,67.80,50850000.00,750000.00,"Под чистовую, с отделкой и мебелью",ФЛ,Нет,,0,2026-06-18 11:12:27.291 +0300
"018074db013670b10cd1d3367521d2a2",Барса,Новороссийск,Новороссийск м.о.,Бизнес,Точно,2026-02-11,квартира,6,101.10,20294932.00,203560.00,С отделкой,ФЛ,Ипотека,ПАО Сбербанк России,0,2026-06-18 11:12:27.291 +0300
c2600c4dfa1b97ac0b7b06040e1ddaec,Порто-Ново,Новороссийск,Новороссийск м.о.,Комфорт,DOGMA,2026-02-11,квартира,3,67.50,10982250.00,162700.00,"Под чистовую, отделка как доп. опция",ФЛ,Ипотека,ПАО Сбербанк России,360,2026-06-18 11:12:27.291 +0300
c2600c4dfa1b97ac0b7b06040e1ddaec,Порто-Ново,Новороссийск,Новороссийск м.о.,Комфорт,DOGMA,2026-02-11,квартира,4,63.90,10647120.00,162800.00,"Под чистовую, отделка как доп. опция",ФЛ,Ипотека,ПАО Сбербанк России,360,2026-06-18 11:12:27.291 +0300
bcd90c1f7a745d86700f5d01f8ea550c,Кипарис,Сукко с.,Анапа м.о.,Комфорт,Bravo,2026-02-11,квартира,3,35.50,9581450.00,269900.00,С отделкой,ФЛ,Ипотека,ПАО Сбербанк России,0,2026-06-18 11:12:27.291 +0300
bcd90c1f7a745d86700f5d01f8ea550c,Кипарис,Сукко с.,Анапа м.о.,Комфорт,Bravo,2026-02-11,квартира,5,54.70,12745100.00,233000.00,С отделкой,ФЛ,Нет,,0,2026-06-18 11:12:27.291 +0300
"114265fbbd12eef28cca19fc11278cc4",Город у моря,Новороссийск,Новороссийск м.о.,Комфорт,ВКБ-Новостройки,2026-02-12,квартира,8,85.90,10424000.00,121350.41,С отделкой,ФЛ,Ипотека,ПАО Сбербанк России,0,2026-06-18 11:12:27.291 +0300
"114265fbbd12eef28cca19fc11278cc4",Город у моря,Новороссийск,Новороссийск м.о.,Комфорт,ВКБ-Новостройки,2026-02-12,квартира,11,85.96,10324000.00,120102.37,С отделкой,ФЛ,Ипотека,ПАО Сбербанк России,0,2026-06-18 11:12:27.291 +0300
"83e4b77e4c81fe02646c0317f082a5b3",Эден / Eden Family Hotel,Анапа,Анапа м.о.,Комфорт,Развитие,2026-02-12,апартаменты,3,25.90,6869934.00,265248.44,С отделкой и мебелью,ФЛ,Ипотека,ПАО Совкомбанк,0,2026-06-18 11:12:27.291 +0300
"0fd8a9684833d1c7045dbb36bd3c14e2",Кислород,Сочи,Сочи г.о.,Бизнес,AVA Group,2026-02-12,квартира,11,48.67,16766460.00,329400.00,Без отделки,ФЛ,Ипотека,ПАО Совкомбанк,300,2026-06-18 11:12:27.291 +0300
"0fd8a9684833d1c7045dbb36bd3c14e2",Кислород,Сочи,Сочи г.о.,Бизнес,AVA Group,2026-02-12,квартира,8,37.19,13699213.00,358900.00,Без отделки,ФЛ,Ипотека,ПАО Сбербанк России,324,2026-06-18 11:12:27.291 +0300
b9d92574715ea90ea054b9078964a5d8,Лестория,Сочи,Сочи г.о.,Бизнес-,Неометрия,2026-02-12,квартира,14,23.60,11681292.00,494970.00,Под чистовую,ФЛ,Нет,,0,2026-06-18 11:12:27.291 +0300
"114265fbbd12eef28cca19fc11278cc4",Город у моря,Новороссийск,Новороссийск м.о.,Комфорт,ВКБ-Новостройки,2026-02-13,квартира,8,66.72,9655000.00,144709.23,С отделкой,ФЛ,Нет,,0,2026-06-18 11:12:27.291 +0300
d83227169c3b10c28e16d938fe1747f2,Резиденция Морей,Новороссийск,Новороссийск м.о.,Бизнес,ССК,2026-02-13,квартира,5,27.75,6660000.00,240000.00,Под чистовую и с отделкой,ФЛ,Ипотека,ПАО Сбербанк России,0,2026-06-18 11:12:27.291 +0300
"3b768d7a3423d87ca2500e86b3aa26e8",Мореград,Анапа,Анапа м.о.,Комфорт,ССК,2026-02-13,апартаменты,6,24.00,8640000.00,360000.00,С отделкой и мебелью,ФЛ,Ипотека,ПАО Сбербанк России,288,2026-06-18 11:12:27.291 +0300
d83227169c3b10c28e16d938fe1747f2,Резиденция Морей,Новороссийск,Новороссийск м.о.,Бизнес,ССК,2026-02-13,квартира,3,28.61,6354710.00,222115.00,"Под чистовую, отделка как доп. опция",ФЛ,Ипотека,ПАО Сбербанк России,0,2026-06-18 11:12:27.291 +0300
e7435571144b9a3d7cd4ab24dd71543f,На Высоком берегу,Анапа,Анапа м.о.,Бизнес,ССК,2026-02-13,квартира,7,57.60,15264000.00,265000.00,Под чистовую,ФЛ,Нет,,0,2026-06-18 11:12:27.291 +0300
"114265fbbd12eef28cca19fc11278cc4",Город у моря,Новороссийск,Новороссийск м.о.,Комфорт,ВКБ-Новостройки,2026-02-13,квартира,3,38.81,7285000.00,187709.35,С отделкой,ФЛ,Ипотека,ПАО Сбербанк России,240,2026-06-18 11:12:27.291 +0300
"114265fbbd12eef28cca19fc11278cc4",Город у моря,Новороссийск,Новороссийск м.о.,Комфорт,ВКБ-Новостройки,2026-02-13,квартира,8,85.96,10586000.00,123150.30,С отделкой,ФЛ,Нет,,0,2026-06-18 11:12:27.291 +0300
"95f1de2b556858c9cfd19ec123edd090",Космос Черное море Риверта Отель / Cosmos Black Sea Riverta Hotel,Пляхо с.,Туапсинский м.о.,Премиум,Тренд-групп,2026-02-13,нежилое помещение,2,25.90,0.00,0.00,С отделкой и мебелью,ФЛ,Нет,,0,2026-06-18 11:12:27.291 +0300
d83227169c3b10c28e16d938fe1747f2,Резиденция Морей,Новороссийск,Новороссийск м.о.,Бизнес,ССК,2026-02-13,квартира,4,28.61,6689819.00,233828.00,"Под чистовую, отделка как доп. опция",ФЛ,Ипотека,ПАО Сбербанк России,0,2026-06-18 11:12:27.291 +0300
"5042878e7f641330ddc35e8454bfe92c",Парк,Сочи,Сочи г.о.,Бизнес+,Десо,2026-02-13,апартаменты,2,61.50,43050000.00,700000.00,"Под чистовую, с отделкой и мебелью",ФЛ,Нет,,0,2026-06-18 11:12:27.291 +0300
"5042878e7f641330ddc35e8454bfe92c",Парк,Сочи,Сочи г.о.,Бизнес+,Десо,2026-02-13,апартаменты,3,63.90,51120000.00,800000.00,"Под чистовую, с отделкой и мебелью",ФЛ,Нет,,0,2026-06-18 11:12:27.291 +0300
"5042878e7f641330ddc35e8454bfe92c",Парк,Сочи,Сочи г.о.,Бизнес+,Десо,2026-02-13,апартаменты,3,67.80,50850000.00,750000.00,"Под чистовую, с отделкой и мебелью",ФЛ,Нет,,0,2026-06-18 11:12:27.291 +0300
b3ccb1c60914c224f2e4e07d33d020da,Новый город,Тихорецк,Тихорецкий м.о.,Комфорт,Стройуниверсал,2026-02-13,квартира,1,69.16,8022560.00,139135.62,Под чистовую,ФЛ,Нет,,0,2026-06-18 11:12:27.291 +0300
ecdd2060c65010326879068843af8e13,Хозяин морей,Анапа,Анапа м.о.,Бизнес,Точно,2026-02-13,квартира,2,38.00,8880600.00,246000.00,Под чистовую и отделка как доп. опция,ФЛ,Нет,,0,2026-06-18 11:12:27.291 +0300
bcd90c1f7a745d86700f5d01f8ea550c,Кипарис,Сукко с.,Анапа м.о.,Комфорт,Bravo,2026-02-13,квартира,8,34.80,8526000.00,245000.00,С отделкой,ФЛ,Ипотека,ПАО Сбербанк России,360,2026-06-18 11:12:27.291 +0300
"0fd8a9684833d1c7045dbb36bd3c14e2",Кислород,Сочи,Сочи г.о.,Бизнес,AVA Group,2026-02-13,квартира,3,46.54,18385829.00,377300.00,Без отделки,ФЛ,Ипотека,ПАО Совкомбанк,360,2026-06-18 11:12:27.291 +0300
"657f63e930fe997bbb51f758ed370fb0",Кутузовский,Новороссийск,Новороссийск м.о.,Комфорт,МПМК Краснодарская-1,2026-02-14,квартира,11,71.53,9657909.00,135019.00,Без отделки,ФЛ,Ипотека,ПАО Сбербанк России,0,2026-06-18 11:12:27.291 +0300
"114265fbbd12eef28cca19fc11278cc4",Город у моря,Новороссийск,Новороссийск м.о.,Комфорт,ВКБ-Новостройки,2026-02-14,квартира,9,85.96,10560000.00,122847.84,С отделкой,ФЛ,Ипотека,ПАО Сбербанк России,360,2026-06-18 11:12:27.291 +0300
d83227169c3b10c28e16d938fe1747f2,Резиденция Морей,Новороссийск,Новороссийск м.о.,Бизнес,ССК,2026-02-14,квартира,4,27.75,6660000.00,240000.00,Под чистовую и с отделкой,ФЛ,Ипотека,ПАО Сбербанк России,240,2026-06-18 11:12:27.291 +0300
"2be7f950954f9f0b079ca01c72d39a42",Морская Горгиппия,Анапа,Анапа м.о.,Эконом,ОБД-Инвест,2026-02-14,нежилое помещение,0,19.51,0.00,0.00,,ФЛ,Нет,,0,2026-06-18 11:12:27.291 +0300
"2be7f950954f9f0b079ca01c72d39a42",Морская Горгиппия,Анапа,Анапа м.о.,Эконом,ОБД-Инвест,2026-02-14,нежилое помещение,0,19.51,0.00,0.00,Под чистовую,ФЛ,Нет,,0,2026-06-18 11:12:27.291 +0300
"2be7f950954f9f0b079ca01c72d39a42",Морская Горгиппия,Анапа,Анапа м.о.,Эконом,ОБД-Инвест,2026-02-14,нежилое помещение,0,9.92,0.00,0.00,,ФЛ,Нет,,0,2026-06-18 11:12:27.291 +0300
"2be7f950954f9f0b079ca01c72d39a42",Морская Горгиппия,Анапа,Анапа м.о.,Эконом,ОБД-Инвест,2026-02-14,нежилое помещение,0,5.97,0.00,0.00,Под чистовую,ФЛ,Нет,,0,2026-06-18 11:12:27.291 +0300
"2be7f950954f9f0b079ca01c72d39a42",Морская Горгиппия,Анапа,Анапа м.о.,Эконом,ОБД-Инвест,2026-02-14,нежилое помещение,0,19.51,0.00,0.00,,ФЛ,Нет,,0,2026-06-18 11:12:27.291 +0300
"2be7f950954f9f0b079ca01c72d39a42",Морская Горгиппия,Анапа,Анапа м.о.,Эконом,ОБД-Инвест,2026-02-14,нежилое помещение,0,19.51,0.00,0.00,Под чистовую,ФЛ,Нет,,0,2026-06-18 11:12:27.291 +0300
"2be7f950954f9f0b079ca01c72d39a42",Морская Горгиппия,Анапа,Анапа м.о.,Эконом,ОБД-Инвест,2026-02-14,нежилое помещение,0,19.51,0.00,0.00,Под чистовую,ФЛ,Нет,,0,2026-06-18 11:12:27.291 +0300
f158b53bd4c44a603ef7f54d61d1f267,Море тут,Голубицкая ст-ца,Темрюк м.о.,Бизнес,Каскад,2026-02-16,апартаменты,4,31.00,10540000.00,340000.00,"С отделкой, мебель как доп. опция",ФЛ,Нет,,0,2026-06-18 11:12:27.291 +0300
"9648a6234501850e715607d4d244b13a",Botanica Hills,Небуг с.,Туапсинский м.о.,Комфорт,Метрикс Develoрment,2026-02-16,квартира,14,33.57,10337000.00,307923.74,"Под чистовую, отделка как доп. опция",ФЛ,Ипотека,ПАО Сбербанк России,168,2026-06-18 11:12:27.291 +0300
"508e2e152a644af269da402a71a52936",Облака,Новороссийск,Новороссийск м.о.,Комфорт,Неометрия,2026-02-16,квартира,10,35.10,7575984.00,215840.00,Без отделки,ФЛ,Ипотека,ПАО Сбербанк России,0,2026-06-18 11:12:27.291 +0300
"9aa8b842445a7cec2bd4d81e48bebc3a",Новая Волна / Volna Residences,Сочи,Сочи г.о.,Элитный,Nedvex,2026-02-16,апартаменты,2,37.29,54690000.00,1466613.03,Отделка как доп. опция,ФЛ,Нет,,0,2026-06-18 11:12:27.291 +0300
"114265fbbd12eef28cca19fc11278cc4",Город у моря,Новороссийск,Новороссийск м.о.,Комфорт,ВКБ-Новостройки,2026-02-16,квартира,1,57.54,8919000.00,155005.21,С отделкой,ФЛ,Нет,,0,2026-06-18 11:12:27.291 +0300
"114265fbbd12eef28cca19fc11278cc4",Город у моря,Новороссийск,Новороссийск м.о.,Комфорт,ВКБ-Новостройки,2026-02-16,квартира,14,56.55,9362000.00,162704.21,С отделкой,ФЛ,Ипотека,ПАО Промсвязьбанк,0,2026-06-18 11:12:27.291 +0300
"2be7f950954f9f0b079ca01c72d39a42",Морская Горгиппия,Анапа,Анапа м.о.,Эконом,ОБД-Инвест,2026-02-16,квартира,10,58.89,11244020.00,190932.60,Под чистовую,ФЛ,Ипотека,ПАО Сбербанк России,0,2026-06-18 11:12:27.291 +0300
"5042878e7f641330ddc35e8454bfe92c",Парк,Сочи,Сочи г.о.,Бизнес+,Десо,2026-02-16,апартаменты,3,35.60,33820000.00,950000.00,"Под чистовую, с отделкой и мебелью",ФЛ,Нет,,0,2026-06-18 11:12:27.291 +0300
"5042878e7f641330ddc35e8454bfe92c",Парк,Сочи,Сочи г.о.,Бизнес+,Десо,2026-02-16,апартаменты,3,51.00,40800000.00,800000.00,"Под чистовую, с отделкой и мебелью",ФЛ,Нет,,0,2026-06-18 11:12:27.291 +0300
"5042878e7f641330ddc35e8454bfe92c",Парк,Сочи,Сочи г.о.,Бизнес+,Десо,2026-02-16,апартаменты,3,74.70,59760000.00,800000.00,"Под чистовую, с отделкой и мебелью",ФЛ,Нет,,0,2026-06-18 11:12:27.291 +0300
"018074db013670b10cd1d3367521d2a2",Барса,Новороссийск,Новороссийск м.о.,Бизнес,Точно,2026-02-16,квартира,3,56.10,11872420.00,216650.00,С отделкой,ФЛ,Ипотека,ПАО Сбербанк России,360,2026-06-18 11:12:27.291 +0300
"07bd46b1bd7ed7e55c01f89be9f5e7e6",Kairos / Сезоны,Анапа,Анапа м.о.,Бизнес,ЛАРГУС БЭЙ,2026-02-16,апартаменты,1,54.50,19445600.00,356800.00,С отделкой и мебелью,ЮЛ,Нет,,0,2026-06-18 11:12:27.291 +0300
"07bd46b1bd7ed7e55c01f89be9f5e7e6",Kairos / Сезоны,Анапа,Анапа м.о.,Бизнес,ЛАРГУС БЭЙ,2026-02-16,апартаменты,1,54.50,19445600.00,356800.00,С отделкой и мебелью,ЮЛ,Ипотека,ПАО Сбербанк России,0,2026-06-18 11:12:27.291 +0300
"07bd46b1bd7ed7e55c01f89be9f5e7e6",Kairos / Сезоны,Анапа,Анапа м.о.,Бизнес,ЛАРГУС БЭЙ,2026-02-16,апартаменты,1,54.40,19409920.00,356800.00,С отделкой и мебелью,ЮЛ,Нет,,0,2026-06-18 11:12:27.291 +0300
"07bd46b1bd7ed7e55c01f89be9f5e7e6",Kairos / Сезоны,Анапа,Анапа м.о.,Бизнес,ЛАРГУС БЭЙ,2026-02-16,апартаменты,1,54.40,19409920.00,356800.00,С отделкой и мебелью,ЮЛ,Нет,,0,2026-06-18 11:12:27.291 +0300
"07bd46b1bd7ed7e55c01f89be9f5e7e6",Kairos / Сезоны,Анапа,Анапа м.о.,Бизнес,ЛАРГУС БЭЙ,2026-02-16,апартаменты,1,54.50,19445600.00,356800.00,С отделкой и мебелью,ЮЛ,Нет,,0,2026-06-18 11:12:27.291 +0300
"07bd46b1bd7ed7e55c01f89be9f5e7e6",Kairos / Сезоны,Анапа,Анапа м.о.,Бизнес,ЛАРГУС БЭЙ,2026-02-16,апартаменты,1,127.60,47792069.00,374546.00,С отделкой и мебелью,ЮЛ,Нет,,0,2026-06-18 11:12:27.291 +0300
"07bd46b1bd7ed7e55c01f89be9f5e7e6",Kairos / Сезоны,Анапа,Анапа м.о.,Бизнес,ЛАРГУС БЭЙ,2026-02-16,апартаменты,1,55.00,19624000.00,356800.00,С отделкой и мебелью,ЮЛ,Нет,,0,2026-06-18 11:12:27.291 +0300
"07bd46b1bd7ed7e55c01f89be9f5e7e6",Kairos / Сезоны,Анапа,Анапа м.о.,Бизнес,ЛАРГУС БЭЙ,2026-02-16,апартаменты,1,54.50,19445600.00,356800.00,С отделкой и мебелью,ЮЛ,Нет,,0,2026-06-18 11:12:27.291 +0300
c2600c4dfa1b97ac0b7b06040e1ddaec,Порто-Ново,Новороссийск,Новороссийск м.о.,Комфорт,DOGMA,2026-02-16,квартира,12,67.30,11225640.00,166800.00,"Под чистовую, отделка как доп. опция",ФЛ,Ипотека,ПАО Промсвязьбанк,0,2026-06-18 11:12:27.291 +0300
c2600c4dfa1b97ac0b7b06040e1ddaec,Порто-Ново,Новороссийск,Новороссийск м.о.,Комфорт,DOGMA,2026-02-16,квартира,6,20.00,6080000.00,304000.00,"Под чистовую, отделка как доп. опция",ФЛ,Нет,,0,2026-06-18 11:12:27.291 +0300
bcd90c1f7a745d86700f5d01f8ea550c,Кипарис,Сукко с.,Анапа м.о.,Комфорт,Bravo,2026-02-16,квартира,4,35.20,8553600.00,243000.00,С отделкой,ФЛ,Нет,,0,2026-06-18 11:12:27.291 +0300
bcd90c1f7a745d86700f5d01f8ea550c,Кипарис,Сукко с.,Анапа м.о.,Комфорт,Bravo,2026-02-16,квартира,5,38.70,9288000.00,240000.00,С отделкой,ФЛ,Нет,,0,2026-06-18 11:12:27.291 +0300
b3ccb1c60914c224f2e4e07d33d020da,Новый город,Тихорецк,Тихорецкий м.о.,Комфорт,Стройуниверсал,2026-02-17,квартира,3,42.98,4467600.00,120000.00,Под чистовую,ФЛ,Ипотека,ПАО Сбербанк России,360,2026-06-18 11:12:27.291 +0300
c2600c4dfa1b97ac0b7b06040e1ddaec,Порто-Ново,Новороссийск,Новороссийск м.о.,Комфорт,DOGMA,2026-02-17,квартира,5,60.20,10556870.00,171100.00,"Под чистовую, отделка как доп. опция",ФЛ,Ипотека,ПАО Сбербанк России,0,2026-06-18 11:12:27.291 +0300
bcd90c1f7a745d86700f5d01f8ea550c,Кипарис,Сукко с.,Анапа м.о.,Комфорт,Bravo,2026-02-17,квартира,4,36.00,8748000.00,243000.00,С отделкой,ФЛ,Ипотека,ПАО Сбербанк России,0,2026-06-18 11:12:27.291 +0300
"9648a6234501850e715607d4d244b13a",Botanica Hills,Небуг с.,Туапсинский м.о.,Комфорт,Метрикс Develoрment,2026-02-17,квартира,6,17.97,7188000.00,400000.00,"Под чистовую, отделка как доп. опция",ФЛ,Нет,,0,2026-06-18 11:12:27.291 +0300
"9648a6234501850e715607d4d244b13a",Botanica Hills,Небуг с.,Туапсинский м.о.,Комфорт,Метрикс Develoрment,2026-02-17,квартира,11,17.97,7188000.00,400000.00,"Под чистовую, отделка как доп. опция",ФЛ,Ипотека,ПАО Сбербанк России,360,2026-06-18 11:12:27.291 +0300
e7435571144b9a3d7cd4ab24dd71543f,На Высоком берегу,Анапа,Анапа м.о.,Бизнес,ССК,2026-02-17,квартира,3,53.15,13819000.00,260000.00,Под чистовую,ФЛ,Ипотека,ПАО Сбербанк России,0,2026-06-18 11:12:27.291 +0300
"2be7f950954f9f0b079ca01c72d39a42",Морская Горгиппия,Анапа,Анапа м.о.,Эконом,ОБД-Инвест,2026-02-17,квартира,4,58.89,9061698.00,153875.00,Под чистовую,ФЛ,Ипотека,ПАО Сбербанк России,0,2026-06-18 11:12:27.291 +0300
"83e4b77e4c81fe02646c0317f082a5b3",Эден / Eden Family Hotel,Анапа,Анапа м.о.,Комфорт,Развитие,2026-02-17,апартаменты,4,24.00,6365962.00,265248.44,С отделкой и мебелью,ФЛ,Нет,,0,2026-06-18 11:12:27.291 +0300
"83e4b77e4c81fe02646c0317f082a5b3",Эден / Eden Family Hotel,Анапа,Анапа м.о.,Комфорт,Развитие,2026-02-17,апартаменты,2,24.10,6392487.00,265248.44,С отделкой и мебелью,ФЛ,Ипотека,ПАО Сбербанк России,216,2026-06-18 11:12:27.291 +0300
"95f1de2b556858c9cfd19ec123edd090",Космос Черное море Риверта Отель / Cosmos Black Sea Riverta Hotel,Пляхо с.,Туапсинский м.о.,Премиум,Тренд-групп,2026-02-17,нежилое помещение,2,25.90,0.00,0.00,С отделкой и мебелью,ФЛ,Нет,,0,2026-06-18 11:12:27.291 +0300
"0fd8a9684833d1c7045dbb36bd3c14e2",Кислород,Сочи,Сочи г.о.,Бизнес,AVA Group,2026-02-18,квартира,8,41.75,14444640.00,336000.00,Без отделки,ФЛ,Ипотека,ПАО Сбербанк России,360,2026-06-18 11:12:27.291 +0300
"0fd8a9684833d1c7045dbb36bd3c14e2",Кислород,Сочи,Сочи г.о.,Бизнес,AVA Group,2026-02-18,квартира,13,21.94,9181744.00,401300.00,Без отделки,ФЛ,Ипотека,ПАО Банк ВТБ,326,2026-06-18 11:12:27.291 +0300
b9d92574715ea90ea054b9078964a5d8,Лестория,Сочи,Сочи г.о.,Бизнес-,Неометрия,2026-02-18,квартира,14,28.60,13236080.00,462800.00,Без отделки,ФЛ,Ипотека,ПАО Совкомбанк,240,2026-06-18 11:12:27.291 +0300
"89f537fda6bcc1df310625c68de74f15",Корсаков,Анапа,Анапа м.о.,Комфорт,ССК,2026-02-18,апартаменты,4,28.63,11520600.00,390000.00,С отделкой и мебелью,ФЛ,Ипотека,АО Альфа-Банк,0,2026-06-18 11:12:27.291 +0300
c2600c4dfa1b97ac0b7b06040e1ddaec,Порто-Ново,Новороссийск,Новороссийск м.о.,Комфорт,DOGMA,2026-02-18,квартира,6,63.90,10522860.00,160900.00,"Под чистовую, отделка как доп. опция",ФЛ,Ипотека,ПАО Сбербанк России,0,2026-06-18 11:12:27.291 +0300
ecdd2060c65010326879068843af8e13,Хозяин морей,Анапа,Анапа м.о.,Бизнес,Точно,2026-02-18,квартира,4,38.00,9296000.00,257506.93,Под чистовую и отделка как доп. опция,ФЛ,Нет,,0,2026-06-18 11:12:27.291 +0300
cd60148b427a937b07d16ed3aa02db46,Алеан Селект Агой / Alean Select Agoy,Агой с.,Туапсинский м.о.,Комфорт,Метрикс Develoрment,2026-02-18,апартаменты,4,33.40,23714000.00,710000.00,С отделкой и мебелью,ФЛ,Нет,,0,2026-06-18 11:12:27.291 +0300
bcd90c1f7a745d86700f5d01f8ea550c,Кипарис,Сукко с.,Анапа м.о.,Комфорт,Bravo,2026-02-18,квартира,4,36.60,8893800.00,243000.00,С отделкой,ФЛ,Нет,,0,2026-06-18 11:12:27.291 +0300
"068a5a3c5a4726c1ef2c4ae4a9e1359a",Cosmos Stay Olginka Moreol',Ольгинка с.,Туапсинский м.о.,Бизнес,НОСТА,2026-02-18,апартаменты,6,27.30,13650000.00,500000.00,С отделкой и мебелью,ФЛ,Ипотека,ПАО Сбербанк России,180,2026-06-18 11:12:27.291 +0300
d83227169c3b10c28e16d938fe1747f2,Резиденция Морей,Новороссийск,Новороссийск м.о.,Бизнес,ССК,2026-02-18,квартира,3,45.51,11866732.00,260750.00,Под чистовую и с отделкой,ФЛ,Ипотека,ПАО Совкомбанк,0,2026-06-18 11:12:27.291 +0300
"83e4b77e4c81fe02646c0317f082a5b3",Эден / Eden Family Hotel,Анапа,Анапа м.о.,Комфорт,Развитие,2026-02-18,апартаменты,4,26.20,6816884.00,265248.44,С отделкой и мебелью,ФЛ,Нет,,0,2026-06-18 11:12:27.291 +0300
"95f1de2b556858c9cfd19ec123edd090",Космос Черное море Риверта Отель / Cosmos Black Sea Riverta Hotel,Пляхо с.,Туапсинский м.о.,Премиум,Тренд-групп,2026-02-18,нежилое помещение,2,25.90,0.00,0.00,С отделкой и мебелью,ФЛ,Нет,,0,2026-06-18 11:12:27.291 +0300
"5042878e7f641330ddc35e8454bfe92c",Парк,Сочи,Сочи г.о.,Бизнес+,Десо,2026-02-18,апартаменты,3,58.40,46720000.00,800000.00,"Под чистовую, с отделкой и мебелью",ФЛ,Нет,,0,2026-06-18 11:12:27.291 +0300
"5042878e7f641330ddc35e8454bfe92c",Парк,Сочи,Сочи г.о.,Бизнес+,Десо,2026-02-18,апартаменты,3,73.20,54900000.00,750000.00,"Под чистовую, с отделкой и мебелью",ФЛ,Нет,,0,2026-06-18 11:12:27.291 +0300
c5fc682cef8e118ca6caaa2ddeaeb433,Sun Garden Hotel,Анапа,Анапа м.о.,Премиум,Развитие,2026-02-19,апартаменты,7,40.80,17340000.00,425000.00,С отделкой и мебелью,ФЛ,Нет,,0,2026-06-18 11:12:27.291 +0300
"0fd8a9684833d1c7045dbb36bd3c14e2",Кислород,Сочи,Сочи г.о.,Бизнес,AVA Group,2026-02-19,квартира,17,48.79,18623040.00,364800.00,Без отделки,ФЛ,Ипотека,ПАО Совкомбанк,360,2026-06-18 11:12:27.291 +0300
"0fd8a9684833d1c7045dbb36bd3c14e2",Кислород,Сочи,Сочи г.о.,Бизнес,AVA Group,2026-02-19,квартира,19,48.79,18623040.00,364800.00,Без отделки,ФЛ,Ипотека,ПАО Совкомбанк,360,2026-06-18 11:12:27.291 +0300
"3b768d7a3423d87ca2500e86b3aa26e8",Мореград,Анапа,Анапа м.о.,Комфорт,ССК,2026-02-19,апартаменты,5,23.50,8577500.00,365000.00,С отделкой и мебелью,ФЛ,Ипотека,АО Альфа-Банк,0,2026-06-18 11:12:27.291 +0300
e7435571144b9a3d7cd4ab24dd71543f,На Высоком берегу,Анапа,Анапа м.о.,Бизнес,ССК,2026-02-19,квартира,4,37.70,8294000.00,220000.00,Под чистовую,ФЛ,Нет,,0,2026-06-18 11:12:27.291 +0300
e7435571144b9a3d7cd4ab24dd71543f,На Высоком берегу,Анапа,Анапа м.о.,Бизнес,ССК,2026-02-19,квартира,10,57.05,15118250.00,265000.00,Под чистовую,ФЛ,Нет,,0,2026-06-18 11:12:27.291 +0300
"114265fbbd12eef28cca19fc11278cc4",Город у моря,Новороссийск,Новороссийск м.о.,Комфорт,ВКБ-Новостройки,2026-02-19,квартира,7,38.76,7175000.00,185113.52,С отделкой,ФЛ,Ипотека,Кубань Кредит,0,2026-06-18 11:12:27.291 +0300
"83e4b77e4c81fe02646c0317f082a5b3",Эден / Eden Family Hotel,Анапа,Анапа м.о.,Комфорт,Развитие,2026-02-19,апартаменты,4,25.90,6816884.00,265248.44,С отделкой и мебелью,ФЛ,Нет,,0,2026-06-18 11:12:27.291 +0300
"83e4b77e4c81fe02646c0317f082a5b3",Эден / Eden Family Hotel,Анапа,Анапа м.о.,Комфорт,Развитие,2026-02-19,апартаменты,5,25.70,6816884.00,265248.44,С отделкой и мебелью,ФЛ,Нет,,0,2026-06-18 11:12:27.291 +0300
"83e4b77e4c81fe02646c0317f082a5b3",Эден / Eden Family Hotel,Анапа,Анапа м.о.,Комфорт,Развитие,2026-02-19,апартаменты,5,25.70,6816884.00,265248.44,С отделкой и мебелью,ФЛ,Нет,,0,2026-06-18 11:12:27.291 +0300
"5338417a484eca51d14d28b59e51946f",История-3,Южный п.,Динской м.о.,Комфорт,НВМ,2026-02-19,квартира,5,55.75,9198750.00,165000.00,Под чистовую,ФЛ,Ипотека,ПАО Сбербанк России,0,2026-06-18 11:12:27.291 +0300
c2600c4dfa1b97ac0b7b06040e1ddaec,Порто-Ново,Новороссийск,Новороссийск м.о.,Комфорт,DOGMA,2026-02-19,квартира,8,46.80,9327240.00,199300.00,"Под чистовую, отделка как доп. опция",ФЛ,Ипотека,ПАО Сбербанк России,300,2026-06-18 11:12:27.291 +0300
c2600c4dfa1b97ac0b7b06040e1ddaec,Порто-Ново,Новороссийск,Новороссийск м.о.,Комфорт,DOGMA,2026-02-19,квартира,16,20.90,5950230.00,284700.00,"Под чистовую, отделка как доп. опция",ФЛ,Ипотека,ПАО Промсвязьбанк,0,2026-06-18 11:12:27.291 +0300
b3ccb1c60914c224f2e4e07d33d020da,Новый город,Тихорецк,Тихорецкий м.о.,Комфорт,Стройуниверсал,2026-02-20,квартира,1,58.88,7065600.00,121000.00,Под чистовую,ФЛ,Нет,,0,2026-06-18 11:12:27.291 +0300
"9f774747a88c96336616fc5165908dba",Sun Hills Olginka,Ольгинка с.,Туапсинский м.о.,Комфорт,Метрикс Develoрment,2026-02-20,квартира,2,25.90,8422680.00,325200.00,Под чистовую,ФЛ,Ипотека,ПАО Сбербанк России,360,2026-06-18 11:12:27.291 +0300
c2600c4dfa1b97ac0b7b06040e1ddaec,Порто-Ново,Новороссийск,Новороссийск м.о.,Комфорт,DOGMA,2026-02-20,квартира,8,67.50,11353500.00,168200.00,"Под чистовую, отделка как доп. опция",ФЛ,Ипотека,ПАО Сбербанк России,360,2026-06-18 11:12:27.291 +0300
bcd90c1f7a745d86700f5d01f8ea550c,Кипарис,Сукко с.,Анапа м.о.,Комфорт,Bravo,2026-02-20,квартира,6,34.80,8526000.00,245000.00,С отделкой,ФЛ,Ипотека,ПАО Сбербанк России,0,2026-06-18 11:12:27.291 +0300
"508e2e152a644af269da402a71a52936",Облака,Новороссийск,Новороссийск м.о.,Комфорт,Неометрия,2026-02-20,квартира,10,69.50,12009625.00,165650.00,Без отделки,ФЛ,Ипотека,АО Альфа-Банк,0,2026-06-18 11:12:27.291 +0300
b9d92574715ea90ea054b9078964a5d8,Лестория,Сочи,Сочи г.о.,Бизнес-,Неометрия,2026-02-20,квартира,6,48.10,19954650.00,396712.72,Без отделки,ФЛ,Нет,,0,2026-06-18 11:12:27.291 +0300
"018074db013670b10cd1d3367521d2a2",Барса,Новороссийск,Новороссийск м.о.,Бизнес,Точно,2026-02-20,квартира,4,35.30,8503770.00,240900.00,Под чистовую и отделка как доп. опция,ФЛ,Ипотека,ПАО Сбербанк России,0,2026-06-18 11:12:27.291 +0300
d83227169c3b10c28e16d938fe1747f2,Резиденция Морей,Новороссийск,Новороссийск м.о.,Бизнес,ССК,2026-02-20,квартира,8,27.74,6246659.00,225186.00,"Под чистовую, отделка как доп. опция",ФЛ,Ипотека,Российская Федерация,0,2026-06-18 11:12:27.291 +0300
d83227169c3b10c28e16d938fe1747f2,Резиденция Морей,Новороссийск,Новороссийск м.о.,Бизнес,ССК,2026-02-20,квартира,5,27.74,6246659.00,225186.00,"Под чистовую, отделка как доп. опция",ФЛ,Ипотека,ПАО Сбербанк России,360,2026-06-18 11:12:27.291 +0300
d83227169c3b10c28e16d938fe1747f2,Резиденция Морей,Новороссийск,Новороссийск м.о.,Бизнес,ССК,2026-02-20,квартира,4,64.34,14422800.00,210000.00,"Под чистовую, отделка как доп. опция",ФЛ,Ипотека,АО Альфа-Банк,324,2026-06-18 11:12:27.291 +0300
"0fd8a9684833d1c7045dbb36bd3c14e2",Кислород,Сочи,Сочи г.о.,Бизнес,AVA Group,2026-02-20,квартира,8,22.33,9295704.00,399300.00,Без отделки,ФЛ,Ипотека,ПАО Совкомбанк,360,2026-06-18 11:12:27.291 +0300
"9f774747a88c96336616fc5165908dba",Sun Hills Olginka,Ольгинка с.,Туапсинский м.о.,Комфорт,Метрикс Develoрment,2026-02-21,квартира,14,21.83,8622850.00,395000.00,Под чистовую,ФЛ,Ипотека,ПАО Сбербанк России,300,2026-06-18 11:12:27.291 +0300
"114265fbbd12eef28cca19fc11278cc4",Город у моря,Новороссийск,Новороссийск м.о.,Комфорт,ВКБ-Новостройки,2026-02-21,квартира,6,83.39,10307000.00,119904.61,С отделкой,ФЛ,Ипотека,ПАО Сбербанк России,0,2026-06-18 11:12:27.291 +0300
d83227169c3b10c28e16d938fe1747f2,Резиденция Морей,Новороссийск,Новороссийск м.о.,Бизнес,ССК,2026-02-21,квартира,7,27.74,6246659.00,225186.00,"Под чистовую, отделка как доп. опция",ФЛ,Ипотека,ПАО Сбербанк России,0,2026-06-18 11:12:27.291 +0300
"77bdd422e70b328c06a31923eddda80c",Агой-Парк,Агой с.,Туапсинский м.о.,Комфорт,АГОЙ-ПАРК,2026-02-21,квартира,4,35.95,8628000.00,240000.00,Отделка как доп. опция,ФЛ,Ипотека,ПАО Сбербанк России,216,2026-06-18 11:12:27.291 +0300
c5fc682cef8e118ca6caaa2ddeaeb433,Sun Garden Hotel,Анапа,Анапа м.о.,Премиум,Развитие,2026-02-21,апартаменты,5,53.20,21320000.00,400000.00,С отделкой и мебелью,ФЛ,Нет,,0,2026-06-18 11:12:27.291 +0300
c2600c4dfa1b97ac0b7b06040e1ddaec,Порто-Ново,Новороссийск,Новороссийск м.о.,Комфорт,DOGMA,2026-02-24,квартира,8,46.80,9360000.00,200000.00,"Под чистовую, отделка как доп. опция",ФЛ,Нет,,0,2026-06-18 11:12:27.291 +0300
c2600c4dfa1b97ac0b7b06040e1ddaec,Порто-Ново,Новороссийск,Новороссийск м.о.,Комфорт,DOGMA,2026-02-24,квартира,9,38.20,8193900.00,214500.00,"Под чистовую, отделка как доп. опция",ФЛ,Ипотека,ПАО Сбербанк России,360,2026-06-18 11:12:27.291 +0300
c2600c4dfa1b97ac0b7b06040e1ddaec,Порто-Ново,Новороссийск,Новороссийск м.о.,Комфорт,DOGMA,2026-02-24,квартира,18,65.90,11642900.00,173000.00,"Под чистовую, отделка как доп. опция",ФЛ,Ипотека,ПАО Банк ВТБ,362,2026-06-18 11:12:27.291 +0300
ecdd2060c65010326879068843af8e13,Хозяин морей,Анапа,Анапа м.о.,Бизнес,Точно,2026-02-24,квартира,3,76.30,15708999.00,222507.08,Под чистовую и отделка как доп. опция,ФЛ,Нет,,0,2026-06-18 11:12:27.291 +0300
bcd90c1f7a745d86700f5d01f8ea550c,Кипарис,Сукко с.,Анапа м.о.,Комфорт,Bravo,2026-02-24,квартира,5,34.80,8526000.00,245000.00,С отделкой,ФЛ,Ипотека,ПАО Сбербанк России,0,2026-06-18 11:12:27.291 +0300
c2600c4dfa1b97ac0b7b06040e1ddaec,Порто-Ново,Новороссийск,Новороссийск м.о.,Комфорт,DOGMA,2026-02-24,квартира,15,36.20,7564372.00,208960.56,"Под чистовую, отделка как доп. опция",ФЛ,Ипотека,ПАО Сбербанк России,360,2026-06-18 11:12:27.291 +0300
"3b768d7a3423d87ca2500e86b3aa26e8",Мореград,Анапа,Анапа м.о.,Комфорт,ССК,2026-02-24,апартаменты,3,47.00,14664000.00,312000.00,С отделкой и мебелью,ФЛ,Ипотека,АО Альфа-Банк,0,2026-06-18 11:12:27.291 +0300
"3b768d7a3423d87ca2500e86b3aa26e8",Мореград,Анапа,Анапа м.о.,Комфорт,ССК,2026-02-24,апартаменты,7,23.70,8887500.00,375000.00,С отделкой и мебелью,ФЛ,Нет,,0,2026-06-18 11:12:27.291 +0300
e7435571144b9a3d7cd4ab24dd71543f,На Высоком берегу,Анапа,Анапа м.о.,Бизнес,ССК,2026-02-24,квартира,6,49.50,12870000.00,260000.00,Под чистовую,ФЛ,Ипотека,ПАО Сбербанк России,0,2026-06-18 11:12:27.291 +0300
e7435571144b9a3d7cd4ab24dd71543f,На Высоком берегу,Анапа,Анапа м.о.,Бизнес,ССК,2026-02-24,квартира,2,36.30,9801000.00,270000.00,Под чистовую,ФЛ,Ипотека,ПАО Сбербанк России,0,2026-06-18 11:12:27.291 +0300
e7435571144b9a3d7cd4ab24dd71543f,На Высоком берегу,Анапа,Анапа м.о.,Бизнес,ССК,2026-02-24,квартира,9,38.10,10668000.00,280000.00,Под чистовую,ФЛ,Нет,,0,2026-06-18 11:12:27.291 +0300
"114265fbbd12eef28cca19fc11278cc4",Город у моря,Новороссийск,Новороссийск м.о.,Комфорт,ВКБ-Новостройки,2026-02-24,квартира,8,38.76,7237000.00,186713.11,С отделкой,ФЛ,Ипотека,Кубань Кредит,0,2026-06-18 11:12:27.291 +0300
"2be7f950954f9f0b079ca01c72d39a42",Морская Горгиппия,Анапа,Анапа м.о.,Эконом,ОБД-Инвест,2026-02-24,квартира,5,58.77,9043233.00,153875.00,Под чистовую,ФЛ,Нет,,0,2026-06-18 11:12:27.291 +0300
d83227169c3b10c28e16d938fe1747f2,Резиденция Морей,Новороссийск,Новороссийск м.о.,Бизнес,ССК,2026-02-24,квартира,8,28.64,6449298.00,225185.00,"Под чистовую, отделка как доп. опция",ФЛ,Ипотека,ПАО Сбербанк России,0,2026-06-18 11:12:27.291 +0300
"5338417a484eca51d14d28b59e51946f",История-3,Южный п.,Динской м.о.,Комфорт,НВМ,2026-02-24,квартира,2,55.32,9127800.00,165000.00,Под чистовую,ФЛ,Ипотека,ПАО Сбербанк России,0,2026-06-18 11:12:27.291 +0300
"0fd8a9684833d1c7045dbb36bd3c14e2",Кислород,Сочи,Сочи г.о.,Бизнес,AVA Group,2026-02-24,квартира,4,21.90,9090224.00,397300.00,Без отделки,ФЛ,Ипотека,ПАО Совкомбанк,0,2026-06-18 11:12:27.291 +0300
"0fd8a9684833d1c7045dbb36bd3c14e2",Кислород,Сочи,Сочи г.о.,Бизнес,AVA Group,2026-02-24,квартира,13,41.75,14530620.00,338000.00,Без отделки,ФЛ,Нет,,0,2026-06-18 11:12:27.291 +0300
"508e2e152a644af269da402a71a52936",Облака,Новороссийск,Новороссийск м.о.,Комфорт,Неометрия,2026-02-24,квартира,8,58.30,10441655.00,175490.00,Без отделки,ФЛ,Нет,,0,2026-06-18 11:12:27.291 +0300
"508e2e152a644af269da402a71a52936",Облака,Новороссийск,Новороссийск м.о.,Комфорт,Неометрия,2026-02-24,квартира,9,33.70,7800539.00,231470.00,Без отделки,ФЛ,Ипотека,ПАО Совкомбанк,0,2026-06-18 11:12:27.291 +0300
"508e2e152a644af269da402a71a52936",Облака,Новороссийск,Новороссийск м.о.,Комфорт,Неометрия,2026-02-25,квартира,12,51.10,9495913.00,185830.00,Без отделки,ФЛ,Ипотека,ПАО Совкомбанк,0,2026-06-18 11:12:27.291 +0300
"508e2e152a644af269da402a71a52936",Облака,Новороссийск,Новороссийск м.о.,Комфорт,Неометрия,2026-02-25,квартира,17,40.40,8075152.00,199880.00,Без отделки,ФЛ,Ипотека,АО АБ РОССИЯ,0,2026-06-18 11:12:27.291 +0300
b9d92574715ea90ea054b9078964a5d8,Лестория,Сочи,Сочи г.о.,Бизнес-,Неометрия,2026-02-25,квартира,3,23.90,15822450.00,540015.36,С отделкой,ФЛ,Нет,,0,2026-06-18 11:12:27.291 +0300
c2600c4dfa1b97ac0b7b06040e1ddaec,Порто-Ново,Новороссийск,Новороссийск м.о.,Комфорт,DOGMA,2026-02-25,квартира,13,46.60,9133600.00,196000.00,"Под чистовую, отделка как доп. опция",ФЛ,Ипотека,ПАО Сбербанк России,360,2026-06-18 11:12:27.291 +0300
c2600c4dfa1b97ac0b7b06040e1ddaec,Порто-Ново,Новороссийск,Новороссийск м.о.,Комфорт,DOGMA,2026-02-25,квартира,4,65.40,10640580.00,162700.00,"Под чистовую, отделка как доп. опция",ФЛ,Ипотека,ПАО Сбербанк России,360,2026-06-18 11:12:27.291 +0300
ecdd2060c65010326879068843af8e13,Хозяин морей,Анапа,Анапа м.о.,Бизнес,Точно,2026-02-25,квартира,4,38.00,9296000.00,257506.93,Под чистовую и отделка как доп. опция,ФЛ,Ипотека,ПАО Совкомбанк,0,2026-06-18 11:12:27.291 +0300
bcd90c1f7a745d86700f5d01f8ea550c,Кипарис,Сукко с.,Анапа м.о.,Комфорт,Bravo,2026-02-25,квартира,6,36.60,8967000.00,245000.00,С отделкой,ФЛ,Нет,,0,2026-06-18 11:12:27.291 +0300
"114265fbbd12eef28cca19fc11278cc4",Город у моря,Новороссийск,Новороссийск м.о.,Комфорт,ВКБ-Новостройки,2026-02-25,квартира,7,83.39,10586000.00,123150.30,С отделкой,ФЛ,Ипотека,ПАО Сбербанк России,360,2026-06-18 11:12:27.291 +0300
"114265fbbd12eef28cca19fc11278cc4",Город у моря,Новороссийск,Новороссийск м.о.,Комфорт,ВКБ-Новостройки,2026-02-25,квартира,15,83.39,10500000.00,122149.84,С отделкой,ФЛ,Нет,,0,2026-06-18 11:12:27.291 +0300
"95f1de2b556858c9cfd19ec123edd090",Космос Черное море Риверта Отель / Cosmos Black Sea Riverta Hotel,Пляхо с.,Туапсинский м.о.,Премиум,Тренд-групп,2026-02-25,апартаменты,2,25.90,15358700.00,593000.00,С отделкой и мебелью,ФЛ,Нет,,0,2026-06-18 11:12:27.291 +0300
d83227169c3b10c28e16d938fe1747f2,Резиденция Морей,Новороссийск,Новороссийск м.о.,Бизнес,ССК,2026-02-25,квартира,5,27.74,6246631.00,225185.00,"Под чистовую, отделка как доп. опция",ФЛ,Ипотека,ПАО Сбербанк России,360,2026-06-18 11:12:27.291 +0300
d83227169c3b10c28e16d938fe1747f2,Резиденция Морей,Новороссийск,Новороссийск м.о.,Бизнес,ССК,2026-02-25,квартира,5,27.74,6246631.00,225185.00,"Под чистовую, отделка как доп. опция",ФЛ,Ипотека,ПАО Сбербанк России,360,2026-06-18 11:12:27.291 +0300
d83227169c3b10c28e16d938fe1747f2,Резиденция Морей,Новороссийск,Новороссийск м.о.,Бизнес,ССК,2026-02-25,квартира,16,40.84,10210000.00,250000.00,"Под чистовую, отделка как доп. опция",ФЛ,Ипотека,АО Альфа-Банк,0,2026-06-18 11:12:27.291 +0300
"5042878e7f641330ddc35e8454bfe92c",Парк,Сочи,Сочи г.о.,Бизнес+,Десо,2026-02-25,апартаменты,2,62.60,43820000.00,700000.00,"Под чистовую, с отделкой и мебелью",ЮЛ,Нет,,0,2026-06-18 11:12:27.291 +0300
"5042878e7f641330ddc35e8454bfe92c",Парк,Сочи,Сочи г.о.,Бизнес+,Десо,2026-02-25,апартаменты,2,70.80,46020000.00,650000.00,"Под чистовую, с отделкой и мебелью",ЮЛ,Нет,,0,2026-06-18 11:12:27.291 +0300
"9aa8b842445a7cec2bd4d81e48bebc3a",Новая Волна / Volna Residences,Сочи,Сочи г.о.,Элитный,Nedvex,2026-02-26,апартаменты,3,45.66,69416000.00,1520280.33,Отделка как доп. опция,ФЛ,Нет,,0,2026-06-18 11:12:27.291 +0300
"9aa8b842445a7cec2bd4d81e48bebc3a",Новая Волна / Volna Residences,Сочи,Сочи г.о.,Элитный,Nedvex,2026-02-26,апартаменты,4,41.70,64215000.00,1539928.06,Отделка как доп. опция,ФЛ,Нет,,0,2026-06-18 11:12:27.291 +0300
b9d92574715ea90ea054b9078964a5d8,Лестория,Сочи,Сочи г.о.,Бизнес-,Неометрия,2026-02-26,квартира,8,20.30,10709671.00,527570.00,Под чистовую,ФЛ,Нет,,0,2026-06-18 11:12:27.291 +0300
d83227169c3b10c28e16d938fe1747f2,Резиденция Морей,Новороссийск,Новороссийск м.о.,Бизнес,ССК,2026-02-26,квартира,3,27.74,6253206.00,225422.00,Под чистовую и с отделкой,ФЛ,Ипотека,АО Альфа-Банк,360,2026-06-18 11:12:27.291 +0300
"114265fbbd12eef28cca19fc11278cc4",Город у моря,Новороссийск,Новороссийск м.о.,Комфорт,ВКБ-Новостройки,2026-02-26,квартира,12,37.82,7218000.00,186222.91,С отделкой,ФЛ,Ипотека,ПАО Промсвязьбанк,235,2026-06-18 11:12:27.291 +0300
d83227169c3b10c28e16d938fe1747f2,Резиденция Морей,Новороссийск,Новороссийск м.о.,Бизнес,ССК,2026-02-26,квартира,3,41.35,9303750.00,225000.00,"Под чистовую, отделка как доп. опция",ФЛ,Ипотека,АО Альфа-Банк,0,2026-06-18 11:12:27.291 +0300
"5042878e7f641330ddc35e8454bfe92c",Парк,Сочи,Сочи г.о.,Бизнес+,Десо,2026-02-26,апартаменты,2,45.70,34275000.00,750000.00,"Под чистовую, с отделкой и мебелью",ФЛ,Нет,,0,2026-06-18 11:12:27.291 +0300
"5042878e7f641330ddc35e8454bfe92c",Парк,Сочи,Сочи г.о.,Бизнес+,Десо,2026-02-26,апартаменты,2,46.10,34575000.00,750000.00,"Под чистовую, с отделкой и мебелью",ФЛ,Нет,,0,2026-06-18 11:12:27.291 +0300
fc98c3a43cd1680c1cb66c1523d44f4a,Дзенпарк,Марьянская ст.,Красноармейский м.о.,Комфорт,Средастрой,2026-02-26,квартира,4,17.70,2124000.00,120000.00,Под чистовую,ФЛ,Нет,,0,2026-06-18 11:12:27.291 +0300
fc98c3a43cd1680c1cb66c1523d44f4a,Дзенпарк,Марьянская ст.,Красноармейский м.о.,Комфорт,Средастрой,2026-02-26,квартира,4,17.70,2124000.00,120000.00,"Под чистовую, отделка как доп. опция",ФЛ,Нет,,0,2026-06-18 11:12:27.291 +0300
c2600c4dfa1b97ac0b7b06040e1ddaec,Порто-Ново,Новороссийск,Новороссийск м.о.,Комфорт,DOGMA,2026-02-26,квартира,3,37.50,8043750.00,214500.00,"Под чистовую, отделка как доп. опция",ФЛ,Ипотека,ПАО Сбербанк России,0,2026-06-18 11:12:27.291 +0300
c2600c4dfa1b97ac0b7b06040e1ddaec,Порто-Ново,Новороссийск,Новороссийск м.о.,Комфорт,DOGMA,2026-02-26,квартира,8,47.80,10154880.00,206400.00,"Под чистовую, отделка как доп. опция",ФЛ,Нет,,0,2026-06-18 11:12:27.291 +0300
b3ccb1c60914c224f2e4e07d33d020da,Новый город,Тихорецк,Тихорецкий м.о.,Комфорт,Стройуниверсал,2026-02-26,квартира,3,38.19,3892800.00,120000.00,Под чистовую,ФЛ,Ипотека,ПАО Сбербанк России,357,2026-06-18 11:12:27.291 +0300
"018074db013670b10cd1d3367521d2a2",Барса,Новороссийск,Новороссийск м.о.,Бизнес,Точно,2026-02-27,квартира,3,55.50,13858957.00,261489.76,С отделкой,ФЛ,Ипотека,ПАО Сбербанк России,120,2026-06-18 11:12:27.291 +0300
b3ccb1c60914c224f2e4e07d33d020da,Новый город,Тихорецк,Тихорецкий м.о.,Комфорт,Стройуниверсал,2026-02-27,квартира,4,38.19,4544610.00,140092.79,Под чистовую,ФЛ,Нет,,0,2026-06-18 11:12:27.291 +0300
c2600c4dfa1b97ac0b7b06040e1ddaec,Порто-Ново,Новороссийск,Новороссийск м.о.,Комфорт,DOGMA,2026-02-27,квартира,6,67.50,11076750.00,164100.00,"Под чистовую, отделка как доп. опция",ФЛ,Нет,,0,2026-06-18 11:12:27.291 +0300
ecdd2060c65010326879068843af8e13,Хозяин морей,Анапа,Анапа м.о.,Бизнес,Точно,2026-02-27,квартира,6,40.00,9421800.00,246000.00,Под чистовую и отделка как доп. опция,ФЛ,Ипотека,ПАО Сбербанк России,0,2026-06-18 11:12:27.291 +0300
cd60148b427a937b07d16ed3aa02db46,Алеан Селект Агой / Alean Select Agoy,Агой с.,Туапсинский м.о.,Комфорт,Метрикс Develoрment,2026-02-27,апартаменты,2,33.40,22879000.00,685000.00,С отделкой и мебелью,ФЛ,Нет,,0,2026-06-18 11:12:27.291 +0300
cd60148b427a937b07d16ed3aa02db46,Алеан Селект Агой / Alean Select Agoy,Агой с.,Туапсинский м.о.,Комфорт,Метрикс Develoрment,2026-02-27,апартаменты,2,33.40,22879000.00,685000.00,С отделкой и мебелью,ФЛ,Нет,,0,2026-06-18 11:12:27.291 +0300
bcd90c1f7a745d86700f5d01f8ea550c,Кипарис,Сукко с.,Анапа м.о.,Комфорт,Bravo,2026-02-27,квартира,4,52.60,12282100.00,233500.00,С отделкой,ФЛ,Ипотека,ПАО Банк ВТБ,0,2026-06-18 11:12:27.291 +0300
c5fc682cef8e118ca6caaa2ddeaeb433,Sun Garden Hotel,Анапа,Анапа м.о.,Премиум,Развитие,2026-02-27,апартаменты,2,33.30,14927457.00,448272.00,С отделкой и мебелью,ФЛ,Нет,,0,2026-06-18 11:12:27.291 +0300
"77bdd422e70b328c06a31923eddda80c",Агой-Парк,Агой с.,Туапсинский м.о.,Комфорт,АГОЙ-ПАРК,2026-02-27,квартира,7,37.78,9822800.00,260000.00,Отделка как доп. опция,ФЛ,Ипотека,ПАО Сбербанк России,0,2026-06-18 11:12:27.291 +0300
f158b53bd4c44a603ef7f54d61d1f267,Море тут,Голубицкая ст-ца,Темрюк м.о.,Бизнес,Каскад,2026-02-27,апартаменты,5,30.90,10506000.00,340000.00,"С отделкой, мебель как доп. опция",ФЛ,Нет,,0,2026-06-18 11:12:27.291 +0300
"114265fbbd12eef28cca19fc11278cc4",Город у моря,Новороссийск,Новороссийск м.о.,Комфорт,ВКБ-Новостройки,2026-02-27,квартира,10,32.65,9555000.00,143210.43,С отделкой,ФЛ,Ипотека,ПАО Сбербанк России,360,2026-06-18 11:12:27.291 +0300
d83227169c3b10c28e16d938fe1747f2,Резиденция Морей,Новороссийск,Новороссийск м.о.,Бизнес,ССК,2026-02-27,квартира,4,29.14,6993600.00,240000.00,Под чистовую и с отделкой,ФЛ,Ипотека,АО Альфа-Банк,360,2026-06-18 11:12:27.291 +0300
e7435571144b9a3d7cd4ab24dd71543f,На Высоком берегу,Анапа,Анапа м.о.,Бизнес,ССК,2026-02-27,квартира,6,32.45,9410500.00,290000.00,Под чистовую,ФЛ,Нет,,0,2026-06-18 11:12:27.291 +0300
e7435571144b9a3d7cd4ab24dd71543f,На Высоком берегу,Анапа,Анапа м.о.,Бизнес,ССК,2026-02-27,квартира,4,53.05,13793000.00,260000.00,Под чистовую,ФЛ,Нет,,0,2026-06-18 11:12:27.291 +0300
e7435571144b9a3d7cd4ab24dd71543f,На Высоком берегу,Анапа,Анапа м.о.,Бизнес,ССК,2026-02-27,квартира,5,37.80,10206000.00,270000.00,Под чистовую,ФЛ,Ипотека,ПАО Сбербанк России,0,2026-06-18 11:12:27.291 +0300
e6633db8b4c0466143c3ba2ad76172f0,Лучи,Анапа,Анапа м.о.,Комфорт,ADM group / Вертикаль,2026-02-27,апартаменты,7,26.42,16937190.00,613000.00,С отделкой и мебелью,ФЛ,Ипотека,ПАО Сбербанк России,0,2026-06-18 11:12:27.291 +0300
"83e4b77e4c81fe02646c0317f082a5b3",Эден / Eden Family Hotel,Анапа,Анапа м.о.,Комфорт,Развитие,2026-02-27,апартаменты,5,26.00,9297600.00,357600.00,С отделкой и мебелью,ФЛ,Ипотека,ПАО Сбербанк России,0,2026-06-18 11:12:27.291 +0300
d83227169c3b10c28e16d938fe1747f2,Резиденция Морей,Новороссийск,Новороссийск м.о.,Бизнес,ССК,2026-02-27,квартира,6,28.61,6687558.00,233749.00,"Под чистовую, отделка как доп. опция",ФЛ,Ипотека,ПАО Сбербанк России,0,2026-06-18 11:12:27.291 +0300
d83227169c3b10c28e16d938fe1747f2,Резиденция Морей,Новороссийск,Новороссийск м.о.,Бизнес,ССК,2026-02-27,квартира,11,28.24,6601071.00,233749.00,"Под чистовую, отделка как доп. опция",ФЛ,Ипотека,АО Альфа-Банк,0,2026-06-18 11:12:27.291 +0300
d83227169c3b10c28e16d938fe1747f2,Резиденция Морей,Новороссийск,Новороссийск м.о.,Бизнес,ССК,2026-02-27,квартира,12,28.24,6601071.00,233749.00,"Под чистовую, отделка как доп. опция",ФЛ,Ипотека,ПАО Сбербанк России,360,2026-06-18 11:12:27.291 +0300
"9648a6234501850e715607d4d244b13a",Botanica Hills,Небуг с.,Туапсинский м.о.,Комфорт,Метрикс Develoрment,2026-02-28,квартира,13,16.71,6684000.00,400000.00,"Под чистовую, отделка как доп. опция",ФЛ,Ипотека,ПАО Сбербанк России,360,2026-06-18 11:12:27.291 +0300
"508e2e152a644af269da402a71a52936",Облака,Новороссийск,Новороссийск м.о.,Комфорт,Неометрия,2026-02-28,квартира,20,31.40,7496122.00,238730.00,Без отделки,ФЛ,Ипотека,ПАО Совкомбанк,0,2026-06-18 11:12:27.291 +0300
"114265fbbd12eef28cca19fc11278cc4",Город у моря,Новороссийск,Новороссийск м.о.,Комфорт,ВКБ-Новостройки,2026-02-28,квартира,7,66.66,9580000.00,143714.37,С отделкой,ФЛ,Ипотека,ПАО Сбербанк России,0,2026-06-18 11:12:27.291 +0300
e7435571144b9a3d7cd4ab24dd71543f,На Высоком берегу,Анапа,Анапа м.о.,Бизнес,ССК,2026-02-28,квартира,3,57.25,14885000.00,260000.00,Под чистовую,ФЛ,Ипотека,ПАО Сбербанк России,0,2026-06-18 11:12:27.291 +0300
"114265fbbd12eef28cca19fc11278cc4",Город у моря,Новороссийск,Новороссийск м.о.,Комфорт,ВКБ-Новостройки,2026-02-28,квартира,13,85.96,10543000.00,122650.07,С отделкой,ФЛ,Нет,,0,2026-06-18 11:12:27.291 +0300
fc98c3a43cd1680c1cb66c1523d44f4a,Дзенпарк,Марьянская ст.,Красноармейский м.о.,Комфорт,Средастрой,2026-03-02,квартира,1,17.70,2124000.00,120000.00,"Под чистовую, отделка как доп. опция",ФЛ,Нет,,0,2026-06-18 11:12:27.291 +0300
c2600c4dfa1b97ac0b7b06040e1ddaec,Порто-Ново,Новороссийск,Новороссийск м.о.,Комфорт,DOGMA,2026-03-02,квартира,7,65.40,11072220.00,169300.00,"Под чистовую, отделка как доп. опция",ФЛ,Ипотека,ПАО Сбербанк России,0,2026-06-18 11:12:27.291 +0300
ecdd2060c65010326879068843af8e13,Хозяин морей,Анапа,Анапа м.о.,Бизнес,Точно,2026-03-02,квартира,2,38.00,9296000.00,257506.93,Под чистовую и отделка как доп. опция,ФЛ,Ипотека,ПАО Сбербанк России,0,2026-06-18 11:12:27.291 +0300
bcd90c1f7a745d86700f5d01f8ea550c,Кипарис,Сукко с.,Анапа м.о.,Комфорт,Bravo,2026-03-02,квартира,4,34.80,10057200.00,289000.00,С отделкой,ФЛ,Ипотека,ПАО Сбербанк России,0,2026-06-18 11:12:27.291 +0300
bcd90c1f7a745d86700f5d01f8ea550c,Кипарис,Сукко с.,Анапа м.о.,Комфорт,Bravo,2026-03-02,квартира,3,34.50,8383500.00,243000.00,С отделкой,ФЛ,Ипотека,ПАО Сбербанк России,0,2026-06-18 11:12:27.291 +0300
b9d92574715ea90ea054b9078964a5d8,Лестория,Сочи,Сочи г.о.,Бизнес-,Неометрия,2026-03-02,квартира,10,39.70,18606220.00,468670.53,С отделкой,ФЛ,Нет,,0,2026-06-18 11:12:27.291 +0300
d83227169c3b10c28e16d938fe1747f2,Резиденция Морей,Новороссийск,Новороссийск м.о.,Бизнес,ССК,2026-03-02,квартира,12,42.63,10657500.00,250000.00,Под чистовую и с отделкой,ФЛ,Ипотека,АО Альфа-Банк,360,2026-06-18 11:12:27.291 +0300
cd60148b427a937b07d16ed3aa02db46,Алеан Селект Агой / Alean Select Agoy,Агой с.,Туапсинский м.о.,Комфорт,Метрикс Develoрment,2026-03-02,апартаменты,5,33.10,19800020.00,598187.92,С отделкой и мебелью,ФЛ,Нет,,0,2026-06-18 11:12:27.291 +0300
"3b768d7a3423d87ca2500e86b3aa26e8",Мореград,Анапа,Анапа м.о.,Комфорт,ССК,2026-03-02,апартаменты,8,23.30,8737500.00,375000.00,С отделкой и мебелью,ФЛ,Ипотека,АО Альфа-Банк,0,2026-06-18 11:12:27.291 +0300
e7435571144b9a3d7cd4ab24dd71543f,На Высоком берегу,Анапа,Анапа м.о.,Бизнес,ССК,2026-03-02,квартира,5,57.60,14976000.00,260000.00,Под чистовую,ФЛ,Нет,,0,2026-06-18 11:12:27.291 +0300
e7435571144b9a3d7cd4ab24dd71543f,На Высоком берегу,Анапа,Анапа м.о.,Бизнес,ССК,2026-03-02,квартира,6,68.40,13680000.00,200000.00,Под чистовую,ФЛ,Нет,,0,2026-06-18 11:12:27.291 +0300
"83e4b77e4c81fe02646c0317f082a5b3",Эден / Eden Family Hotel,Анапа,Анапа м.о.,Комфорт,Развитие,2026-03-02,апартаменты,4,24.00,9297600.00,357600.00,С отделкой и мебелью,ФЛ,Нет,,0,2026-06-18 11:12:27.291 +0300
"95f1de2b556858c9cfd19ec123edd090",Космос Черное море Риверта Отель / Cosmos Black Sea Riverta Hotel,Пляхо с.,Туапсинский м.о.,Премиум,Тренд-групп,2026-03-02,апартаменты,4,25.60,13696000.00,535000.00,С отделкой и мебелью,ФЛ,Нет,,0,2026-06-18 11:12:27.291 +0300
"9aa8b842445a7cec2bd4d81e48bebc3a",Новая Волна / Volna Residences,Сочи,Сочи г.о.,Элитный,Nedvex,2026-03-02,апартаменты,1,31.67,51843000.00,1636975.06,Отделка как доп. опция,ФЛ,Нет,,0,2026-06-18 11:12:27.291 +0300
"9aa8b842445a7cec2bd4d81e48bebc3a",Новая Волна / Volna Residences,Сочи,Сочи г.о.,Элитный,Nedvex,2026-03-02,апартаменты,4,28.03,41915613.00,1495384.00,Отделка как доп. опция,ФЛ,Ипотека,ПАО Сбербанк России,360,2026-06-18 11:12:27.291 +0300
"9aa8b842445a7cec2bd4d81e48bebc3a",Новая Волна / Volna Residences,Сочи,Сочи г.о.,Элитный,Nedvex,2026-03-03,апартаменты,4,30.34,44254000.00,1458602.50,Отделка как доп. опция,ФЛ,Ипотека,ПАО Сбербанк России,348,2026-06-18 11:12:27.291 +0300
"018074db013670b10cd1d3367521d2a2",Барса,Новороссийск,Новороссийск м.о.,Бизнес,Точно,2026-03-03,квартира,14,52.40,13633000.00,266790.61,С отделкой,ФЛ,Нет,,0,2026-06-18 11:12:27.291 +0300
c2600c4dfa1b97ac0b7b06040e1ddaec,Порто-Ново,Новороссийск,Новороссийск м.о.,Комфорт,DOGMA,2026-03-03,квартира,15,38.00,8059800.00,212100.00,"Под чистовую, отделка как доп. опция",ФЛ,Ипотека,ПАО Сбербанк России,0,2026-06-18 11:12:27.291 +0300
ecdd2060c65010326879068843af8e13,Хозяин морей,Анапа,Анапа м.о.,Бизнес,Точно,2026-03-03,квартира,2,38.00,9296000.00,257506.93,Под чистовую и отделка как доп. опция,ФЛ,Нет,,0,2026-06-18 11:12:27.291 +0300
"77bdd422e70b328c06a31923eddda80c",Агой-Парк,Агой с.,Туапсинский м.о.,Комфорт,АГОЙ-ПАРК,2026-03-03,квартира,5,35.91,8618400.00,240000.00,Отделка как доп. опция,ФЛ,Ипотека,ПАО Сбербанк России,360,2026-06-18 11:12:27.291 +0300
de2aa2f5a366bc2350a3e192512ea3e6,Цветной бульвар,Северская ст-ца,Северский м.о.,Комфорт,Точно,2026-03-03,квартира,6,58.91,6597920.00,112000.00,С отделкой,ФЛ,Ипотека,ПАО Банк ВТБ,362,2026-06-18 11:12:27.291 +0300
de2aa2f5a366bc2350a3e192512ea3e6,Цветной бульвар,Северская ст-ца,Северский м.о.,Комфорт,Точно,2026-03-03,квартира,3,54.74,6021400.00,110000.00,С отделкой,ФЛ,Ипотека,ПАО Банк ВТБ,0,2026-06-18 11:12:27.291 +0300
de2aa2f5a366bc2350a3e192512ea3e6,Цветной бульвар,Северская ст-ца,Северский м.о.,Комфорт,Точно,2026-03-03,квартира,7,54.74,6021400.00,110000.00,С отделкой,ФЛ,Ипотека,ПАО Банк ВТБ,0,2026-06-18 11:12:27.291 +0300
"114265fbbd12eef28cca19fc11278cc4",Город у моря,Новороссийск,Новороссийск м.о.,Комфорт,ВКБ-Новостройки,2026-03-03,квартира,16,57.54,8994000.00,156308.65,С отделкой,ФЛ,Ипотека,ПАО Сбербанк России,360,2026-06-18 11:12:27.291 +0300
d83227169c3b10c28e16d938fe1747f2,Резиденция Морей,Новороссийск,Новороссийск м.о.,Бизнес,ССК,2026-03-03,квартира,8,37.59,9019200.00,240000.00,"Под чистовую, отделка как доп. опция",ФЛ,Нет,,0,2026-06-18 11:12:27.291 +0300
e7435571144b9a3d7cd4ab24dd71543f,На Высоком берегу,Анапа,Анапа м.о.,Бизнес,ССК,2026-03-03,квартира,3,57.30,12033000.00,210000.00,Под чистовую,ФЛ,Нет,,0,2026-06-18 11:12:27.291 +0300
e7435571144b9a3d7cd4ab24dd71543f,На Высоком берегу,Анапа,Анапа м.о.,Бизнес,ССК,2026-03-03,квартира,5,32.45,9410500.00,290000.00,Под чистовую,ФЛ,Ипотека,ПАО Сбербанк России,0,2026-06-18 11:12:27.291 +0300
"114265fbbd12eef28cca19fc11278cc4",Город у моря,Новороссийск,Новороссийск м.о.,Комфорт,ВКБ-Новостройки,2026-03-03,квартира,10,45.52,8371333.00,177773.06,С отделкой,ФЛ,Ипотека,ПАО Сбербанк России,120,2026-06-18 11:12:27.291 +0300
"83e4b77e4c81fe02646c0317f082a5b3",Эден / Eden Family Hotel,Анапа,Анапа м.о.,Комфорт,Развитие,2026-03-03,апартаменты,3,26.10,9333360.00,357600.00,С отделкой и мебелью,ФЛ,Нет,,0,2026-06-18 11:12:27.291 +0300
c2600c4dfa1b97ac0b7b06040e1ddaec,Порто-Ново,Новороссийск,Новороссийск м.о.,Комфорт,DOGMA,2026-03-04,квартира,11,37.30,8086639.00,216799.97,"Под чистовую, отделка как доп. опция",ФЛ,Ипотека,ПАО Сбербанк России,360,2026-06-18 11:12:27.291 +0300
ecdd2060c65010326879068843af8e13,Хозяин морей,Анапа,Анапа м.о.,Бизнес,Точно,2026-03-04,квартира,2,37.80,9321750.00,257506.93,Под чистовую и отделка как доп. опция,ФЛ,Нет,,0,2026-06-18 11:12:27.291 +0300
c5fc682cef8e118ca6caaa2ddeaeb433,Sun Garden Hotel,Анапа,Анапа м.о.,Премиум,Развитие,2026-03-04,апартаменты,2,71.50,26720336.00,373711.00,С отделкой и мебелью,ФЛ,Нет,,0,2026-06-18 11:12:27.291 +0300
d83227169c3b10c28e16d938fe1747f2,Резиденция Морей,Новороссийск,Новороссийск м.о.,Бизнес,ССК,2026-03-04,квартира,4,44.16,10156800.00,230000.00,Под чистовую и с отделкой,ФЛ,Ипотека,ПАО Совкомбанк,360,2026-06-18 11:12:27.291 +0300
d83227169c3b10c28e16d938fe1747f2,Резиденция Морей,Новороссийск,Новороссийск м.о.,Бизнес,ССК,2026-03-04,квартира,2,31.08,7459200.00,240000.00,"Под чистовую, отделка как доп. опция",ФЛ,Ипотека,ПАО Сбербанк России,360,2026-06-18 11:12:27.291 +0300
e7435571144b9a3d7cd4ab24dd71543f,На Высоком берегу,Анапа,Анапа м.о.,Бизнес,ССК,2026-03-04,квартира,4,37.80,10206000.00,270000.00,Под чистовую,ФЛ,Ипотека,ПАО Сбербанк России,0,2026-06-18 11:12:27.291 +0300
"123f6cdbbe542a25027b234318a48389",Космос Отель Курортный / Cosmos Hotel Kurortny,Сочи,Сочи г.о.,Бизнес,КР+,2026-03-04,апартаменты,11,20.00,13500000.00,675000.00,Отделка как доп. опция,ФЛ,Ипотека,ПАО Сбербанк России,288,2026-06-18 11:12:27.291 +0300
c5fc682cef8e118ca6caaa2ddeaeb433,Sun Garden Hotel,Анапа,Анапа м.о.,Премиум,Развитие,2026-03-05,апартаменты,4,40.50,17997754.00,444389.00,С отделкой и мебелью,ФЛ,Нет,,0,2026-06-18 11:12:27.291 +0300
fc98c3a43cd1680c1cb66c1523d44f4a,Дзенпарк,Марьянская ст.,Красноармейский м.о.,Комфорт,Средастрой,2026-03-05,квартира,1,18.50,2220000.00,120000.00,"Под чистовую, отделка как доп. опция",ФЛ,Ипотека,ПАО Сбербанк России,0,2026-06-18 11:12:27.291 +0300
fc98c3a43cd1680c1cb66c1523d44f4a,Дзенпарк,Марьянская ст.,Красноармейский м.о.,Комфорт,Средастрой,2026-03-05,квартира,2,51.70,5687000.00,110000.00,"Под чистовую, отделка как доп. опция",ФЛ,Ипотека,АО Альфа-Банк,0,2026-06-18 11:12:27.291 +0300
c2600c4dfa1b97ac0b7b06040e1ddaec,Порто-Ново,Новороссийск,Новороссийск м.о.,Комфорт,DOGMA,2026-03-05,квартира,10,20.90,6460190.00,309100.00,"Под чистовую, отделка как доп. опция",ФЛ,Ипотека,ПАО Сбербанк России,0,2026-06-18 11:12:27.291 +0300
ecdd2060c65010326879068843af8e13,Хозяин морей,Анапа,Анапа м.о.,Бизнес,Точно,2026-03-05,квартира,5,38.00,11690510.00,272506.08,Под чистовую и отделка как доп. опция,ФЛ,Ипотека,ПАО Сбербанк России,0,2026-06-18 11:12:27.291 +0300
ecdd2060c65010326879068843af8e13,Хозяин морей,Анапа,Анапа м.о.,Бизнес,Точно,2026-03-05,квартира,4,38.00,9296000.00,257506.93,Под чистовую и отделка как доп. опция,ФЛ,Ипотека,ПАО Сбербанк России,0,2026-06-18 11:12:27.291 +0300
ecdd2060c65010326879068843af8e13,Хозяин морей,Анапа,Анапа м.о.,Бизнес,Точно,2026-03-05,квартира,4,63.10,13731000.00,230000.00,Под чистовую и отделка как доп. опция,ФЛ,Нет,,0,2026-06-18 11:12:27.291 +0300
bcd90c1f7a745d86700f5d01f8ea550c,Кипарис,Сукко с.,Анапа м.о.,Комфорт,Bravo,2026-03-05,квартира,3,36.40,10064600.00,276500.00,С отделкой,ФЛ,Нет,,0,2026-06-18 11:12:27.291 +0300
bcd90c1f7a745d86700f5d01f8ea550c,Кипарис,Сукко с.,Анапа м.о.,Комфорт,Bravo,2026-03-05,квартира,4,34.50,8383500.00,243000.00,С отделкой,ФЛ,Ипотека,ПАО Банк ВТБ,0,2026-06-18 11:12:27.291 +0300
bcd90c1f7a745d86700f5d01f8ea550c,Кипарис,Сукко с.,Анапа м.о.,Комфорт,Bravo,2026-03-05,квартира,8,85.70,19968100.00,233000.00,С отделкой,ФЛ,Ипотека,ПАО Сбербанк России,312,2026-06-18 11:12:27.291 +0300
d83227169c3b10c28e16d938fe1747f2,Резиденция Морей,Новороссийск,Новороссийск м.о.,Бизнес,ССК,2026-03-05,квартира,5,29.75,7140000.00,240000.00,Под чистовую и с отделкой,ФЛ,Ипотека,ПАО Сбербанк России,0,2026-06-18 11:12:27.291 +0300
e7435571144b9a3d7cd4ab24dd71543f,На Высоком берегу,Анапа,Анапа м.о.,Бизнес,ССК,2026-03-05,квартира,6,49.05,12753000.00,260000.00,Под чистовую,ФЛ,Ипотека,АО Альфа-Банк,0,2026-06-18 11:12:27.291 +0300
e7435571144b9a3d7cd4ab24dd71543f,На Высоком берегу,Анапа,Анапа м.о.,Бизнес,ССК,2026-03-05,квартира,3,36.30,9801000.00,270000.00,Под чистовую,ФЛ,Ипотека,ПАО Сбербанк России,0,2026-06-18 11:12:27.291 +0300
e7435571144b9a3d7cd4ab24dd71543f,На Высоком берегу,Анапа,Анапа м.о.,Бизнес,ССК,2026-03-05,квартира,5,53.35,13871000.00,260000.00,Под чистовую,ФЛ,Ипотека,ПАО Сбербанк России,0,2026-06-18 11:12:27.291 +0300
e7435571144b9a3d7cd4ab24dd71543f,На Высоком берегу,Анапа,Анапа м.о.,Бизнес,ССК,2026-03-05,квартира,5,37.70,10179000.00,270000.00,Под чистовую,ФЛ,Ипотека,АО Альфа-Банк,0,2026-06-18 11:12:27.291 +0300
"2be7f950954f9f0b079ca01c72d39a42",Морская Горгиппия,Анапа,Анапа м.о.,Эконом,ОБД-Инвест,2026-03-05,квартира,16,58.89,9061698.00,153875.00,Под чистовую,ФЛ,Нет,,0,2026-06-18 11:12:27.291 +0300
"9f774747a88c96336616fc5165908dba",Sun Hills Olginka,Ольгинка с.,Туапсинский м.о.,Комфорт,Метрикс Develoрment,2026-03-05,квартира,7,55.77,15162357.00,271873.00,Под чистовую,ФЛ,Нет,,0,2026-06-18 11:12:27.291 +0300
"9aa8b842445a7cec2bd4d81e48bebc3a",Новая Волна / Volna Residences,Сочи,Сочи г.о.,Элитный,Nedvex,2026-03-05,апартаменты,4,30.79,46092000.00,1496979.54,Отделка как доп. опция,ФЛ,Нет,,0,2026-06-18 11:12:27.291 +0300
"0fd8a9684833d1c7045dbb36bd3c14e2",Кислород,Сочи,Сочи г.о.,Бизнес,AVA Group,2026-03-06,квартира,4,21.89,9066386.00,397300.00,Без отделки,ФЛ,Ипотека,ПАО Сбербанк России,168,2026-06-18 11:12:27.291 +0300
"0fd8a9684833d1c7045dbb36bd3c14e2",Кислород,Сочи,Сочи г.о.,Бизнес,AVA Group,2026-03-06,квартира,19,37.19,13822493.00,381626.00,Без отделки,ФЛ,Ипотека,АО Альфа-Банк,362,2026-06-18 11:12:27.291 +0300
"508e2e152a644af269da402a71a52936",Облака,Новороссийск,Новороссийск м.о.,Комфорт,Неометрия,2026-03-06,квартира,3,35.40,7773040.00,212960.00,Без отделки,ФЛ,Ипотека,ПАО Совкомбанк,0,2026-06-18 11:12:27.291 +0300
b9d92574715ea90ea054b9078964a5d8,Лестория,Сочи,Сочи г.о.,Бизнес-,Неометрия,2026-03-06,квартира,11,63.30,24734660.00,390752.92,Без отделки,ФЛ,Ипотека,АО Альфа-Банк,360,2026-06-18 11:12:27.291 +0300
"657f63e930fe997bbb51f758ed370fb0",Кутузовский,Новороссийск,Новороссийск м.о.,Комфорт,МПМК Краснодарская-1,2026-03-06,нежилое помещение,-1,15.00,0.00,0.00,Без отделки,ФЛ,Нет,,0,2026-06-18 11:12:27.291 +0300
"83e4b77e4c81fe02646c0317f082a5b3",Эден / Eden Family Hotel,Анапа,Анапа м.о.,Комфорт,Развитие,2026-03-06,апартаменты,2,51.70,12769900.00,244634.10,С отделкой и мебелью,ФЛ,Нет,,0,2026-06-18 11:12:27.291 +0300
d83227169c3b10c28e16d938fe1747f2,Резиденция Морей,Новороссийск,Новороссийск м.о.,Бизнес,ССК,2026-03-06,квартира,7,41.55,9556500.00,230000.00,Под чистовую и с отделкой,ФЛ,Ипотека,АО Альфа-Банк,0,2026-06-18 11:12:27.291 +0300
e7435571144b9a3d7cd4ab24dd71543f,На Высоком берегу,Анапа,Анапа м.о.,Бизнес,ССК,2026-03-06,квартира,5,38.10,8382000.00,220000.00,Под чистовую,ФЛ,Ипотека,АО Альфа-Банк,0,2026-06-18 11:12:27.291 +0300
e7435571144b9a3d7cd4ab24dd71543f,На Высоком берегу,Анапа,Анапа м.о.,Бизнес,ССК,2026-03-06,квартира,6,53.15,11161500.00,210000.00,Под чистовую,ФЛ,Ипотека,АО Альфа-Банк,360,2026-06-18 11:12:27.291 +0300
"114265fbbd12eef28cca19fc11278cc4",Город у моря,Новороссийск,Новороссийск м.о.,Комфорт,ВКБ-Новостройки,2026-03-06,квартира,14,83.39,10543000.00,122650.07,С отделкой,ФЛ,Ипотека,ПАО Сбербанк России,360,2026-06-18 11:12:27.291 +0300
"83e4b77e4c81fe02646c0317f082a5b3",Эден / Eden Family Hotel,Анапа,Анапа м.о.,Комфорт,Развитие,2026-03-06,апартаменты,4,34.30,9333360.00,357600.00,С отделкой и мебелью,ФЛ,Нет,,0,2026-06-18 11:12:27.291 +0300
"5338417a484eca51d14d28b59e51946f",История-3,Южный п.,Динской м.о.,Комфорт,НВМ,2026-03-06,квартира,7,36.66,6782100.00,185000.00,Под чистовую,ФЛ,Ипотека,АО Банк Дом.РФ,216,2026-06-18 11:12:27.291 +0300
"5338417a484eca51d14d28b59e51946f",История-3,Южный п.,Динской м.о.,Комфорт,НВМ,2026-03-06,квартира,4,55.32,9127800.00,165000.00,Под чистовую,ФЛ,Ипотека,ПАО Сбербанк России,0,2026-06-18 11:12:27.291 +0300
fac27409f6adff29bbeb62313e70cb73,Каравелла Португалии,Дагомыс пгт.,Сочи г.о.,Комфорт,Мебельщик,2026-03-06,квартира,3,39.22,14702000.00,374859.77,Под чистовую,ФЛ,Нет,,0,2026-06-18 11:12:27.291 +0300
ecdd2060c65010326879068843af8e13,Хозяин морей,Анапа,Анапа м.о.,Бизнес,Точно,2026-03-06,квартира,4,38.00,9296000.00,257506.93,Под чистовую и отделка как доп. опция,ФЛ,Нет,,0,2026-06-18 11:12:27.291 +0300
cd60148b427a937b07d16ed3aa02db46,Алеан Селект Агой / Alean Select Agoy,Агой с.,Туапсинский м.о.,Комфорт,Метрикс Develoрment,2026-03-06,апартаменты,3,33.40,22044000.00,660000.00,С отделкой и мебелью,ФЛ,Нет,,0,2026-06-18 11:12:27.291 +0300
bcd90c1f7a745d86700f5d01f8ea550c,Кипарис,Сукко с.,Анапа м.о.,Комфорт,Bravo,2026-03-06,квартира,3,42.40,11384400.00,268500.00,С отделкой,ФЛ,Ипотека,АО Альфа-Банк,0,2026-06-18 11:12:27.291 +0300
c2600c4dfa1b97ac0b7b06040e1ddaec,Порто-Ново,Новороссийск,Новороссийск м.о.,Комфорт,DOGMA,2026-03-07,квартира,11,65.90,11070850.00,164500.00,"Под чистовую, отделка как доп. опция",ФЛ,Ипотека,ПАО Сбербанк России,0,2026-06-18 11:12:27.291 +0300
ecdd2060c65010326879068843af8e13,Хозяин морей,Анапа,Анапа м.о.,Бизнес,Точно,2026-03-07,квартира,5,34.20,14801000.00,247508.36,Под чистовую и отделка как доп. опция,ФЛ,Ипотека,ПАО Сбербанк России,0,2026-06-18 11:12:27.291 +0300
d83227169c3b10c28e16d938fe1747f2,Резиденция Морей,Новороссийск,Новороссийск м.о.,Бизнес,ССК,2026-03-07,квартира,4,28.84,6921600.00,240000.00,Под чистовую и с отделкой,ФЛ,Нет,,0,2026-06-18 11:12:27.291 +0300
"114265fbbd12eef28cca19fc11278cc4",Город у моря,Новороссийск,Новороссийск м.о.,Комфорт,ВКБ-Новостройки,2026-03-09,квартира,5,37.82,7175000.00,185113.52,С отделкой,ФЛ,Ипотека,ПАО Сбербанк России,0,2026-06-18 11:12:27.291 +0300
"89f537fda6bcc1df310625c68de74f15",Корсаков,Анапа,Анапа м.о.,Комфорт,ССК,2026-03-10,апартаменты,6,31.41,12249900.00,390000.00,С отделкой и мебелью,ФЛ,Ипотека,АО Альфа-Банк,0,2026-06-18 11:12:27.291 +0300
c2600c4dfa1b97ac0b7b06040e1ddaec,Порто-Ново,Новороссийск,Новороссийск м.о.,Комфорт,DOGMA,2026-03-10,квартира,7,57.60,7100006.00,123263.99,"Под чистовую, отделка как доп. опция",ФЛ,Нет,,0,2026-06-18 11:12:27.291 +0300
c2600c4dfa1b97ac0b7b06040e1ddaec,Порто-Ново,Новороссийск,Новороссийск м.о.,Комфорт,DOGMA,2026-03-10,квартира,15,37.30,8172430.00,219100.00,"Под чистовую, отделка как доп. опция",ФЛ,Ипотека,ПАО Сбербанк России,360,2026-06-18 11:12:27.291 +0300
"9648a6234501850e715607d4d244b13a",Botanica Hills,Небуг с.,Туапсинский м.о.,Комфорт,Метрикс Develoрment,2026-03-10,квартира,7,31.50,9332000.00,296253.97,"Под чистовую, отделка как доп. опция",ФЛ,Ипотека,ПАО Сбербанк России,360,2026-06-18 11:12:27.291 +0300
"068a5a3c5a4726c1ef2c4ae4a9e1359a",Cosmos Stay Olginka Moreol',Ольгинка с.,Туапсинский м.о.,Бизнес,НОСТА,2026-03-10,апартаменты,6,27.30,13650000.00,500000.00,С отделкой и мебелью,ФЛ,Нет,,0,2026-06-18 11:12:27.291 +0300
"068a5a3c5a4726c1ef2c4ae4a9e1359a",Cosmos Stay Olginka Moreol',Ольгинка с.,Туапсинский м.о.,Бизнес,НОСТА,2026-03-10,апартаменты,6,27.30,13650000.00,500000.00,С отделкой и мебелью,ФЛ,Ипотека,АО Альфа-Банк,360,2026-06-18 11:12:27.291 +0300
"9aa8b842445a7cec2bd4d81e48bebc3a",Новая Волна / Volna Residences,Сочи,Сочи г.о.,Элитный,Nedvex,2026-03-10,апартаменты,4,45.79,68373000.00,1493186.29,Отделка как доп. опция,ФЛ,Нет,,0,2026-06-18 11:12:27.291 +0300
"9aa8b842445a7cec2bd4d81e48bebc3a",Новая Волна / Volna Residences,Сочи,Сочи г.о.,Элитный,Nedvex,2026-03-10,апартаменты,4,32.72,47610000.00,1455073.35,Отделка как доп. опция,ФЛ,Нет,,0,2026-06-18 11:12:27.291 +0300
c5fc682cef8e118ca6caaa2ddeaeb433,Sun Garden Hotel,Анапа,Анапа м.о.,Премиум,Развитие,2026-03-10,апартаменты,6,39.80,21293000.00,535000.00,С отделкой и мебелью,ФЛ,Нет,,0,2026-06-18 11:12:27.291 +0300
"114265fbbd12eef28cca19fc11278cc4",Город у моря,Новороссийск,Новороссийск м.о.,Комфорт,ВКБ-Новостройки,2026-03-10,квартира,11,83.39,10381000.00,120849.83,С отделкой,ФЛ,Нет,,0,2026-06-18 11:12:27.291 +0300
e7435571144b9a3d7cd4ab24dd71543f,На Высоком берегу,Анапа,Анапа м.о.,Бизнес,ССК,2026-03-10,квартира,4,387.00,14976000.00,260000.00,Под чистовую,ФЛ,Ипотека,АО Альфа-Банк,0,2026-06-18 11:12:27.291 +0300
"114265fbbd12eef28cca19fc11278cc4",Город у моря,Новороссийск,Новороссийск м.о.,Комфорт,ВКБ-Новостройки,2026-03-10,квартира,1,57.54,8919000.00,155005.21,С отделкой,ФЛ,Ипотека,ПАО Сбербанк России,336,2026-06-18 11:12:27.291 +0300
"114265fbbd12eef28cca19fc11278cc4",Город у моря,Новороссийск,Новороссийск м.о.,Комфорт,ВКБ-Новостройки,2026-03-10,квартира,10,56.55,9305000.00,161713.59,С отделкой,ФЛ,Ипотека,ПАО Сбербанк России,360,2026-06-18 11:12:27.291 +0300
"83e4b77e4c81fe02646c0317f082a5b3",Эден / Eden Family Hotel,Анапа,Анапа м.о.,Комфорт,Развитие,2026-03-10,апартаменты,5,26.00,9297600.00,357600.00,С отделкой и мебелью,ФЛ,Нет,,0,2026-06-18 11:12:27.291 +0300
c5fc682cef8e118ca6caaa2ddeaeb433,Sun Garden Hotel,Анапа,Анапа м.о.,Премиум,Развитие,2026-03-10,апартаменты,3,68.40,25650000.00,375000.00,С отделкой и мебелью,ФЛ,Нет,,0,2026-06-18 11:12:27.291 +0300
"5338417a484eca51d14d28b59e51946f",История-3,Южный п.,Динской м.о.,Комфорт,НВМ,2026-03-10,квартира,4,55.75,9198750.00,165000.00,Под чистовую,ФЛ,Ипотека,ПАО Банк ВТБ,0,2026-06-18 11:12:27.291 +0300
"5042878e7f641330ddc35e8454bfe92c",Парк,Сочи,Сочи г.о.,Бизнес+,Десо,2026-03-10,апартаменты,4,29.90,37350000.00,900000.00,"Под чистовую, с отделкой и мебелью",ФЛ,Нет,,0,2026-06-18 11:12:27.291 +0300
"5042878e7f641330ddc35e8454bfe92c",Парк,Сочи,Сочи г.о.,Бизнес+,Десо,2026-03-10,апартаменты,4,45.70,45700000.00,1000000.00,"Под чистовую, с отделкой и мебелью",ФЛ,Нет,,0,2026-06-18 11:12:27.291 +0300
"5042878e7f641330ddc35e8454bfe92c",Парк,Сочи,Сочи г.о.,Бизнес+,Десо,2026-03-10,апартаменты,4,63.90,57510000.00,900000.00,"Под чистовую, с отделкой и мебелью",ФЛ,Нет,,0,2026-06-18 11:12:27.291 +0300
f158b53bd4c44a603ef7f54d61d1f267,Море тут,Голубицкая ст-ца,Темрюк м.о.,Бизнес,Каскад,2026-03-10,апартаменты,5,30.90,10506000.00,340000.00,"С отделкой, мебель как доп. опция",ФЛ,Нет,,0,2026-06-18 11:12:27.291 +0300
f158b53bd4c44a603ef7f54d61d1f267,Море тут,Голубицкая ст-ца,Темрюк м.о.,Бизнес,Каскад,2026-03-10,апартаменты,3,30.80,10472000.00,340000.00,"С отделкой, мебель как доп. опция",ФЛ,Нет,,0,2026-06-18 11:12:27.291 +0300
c5fc682cef8e118ca6caaa2ddeaeb433,Sun Garden Hotel,Анапа,Анапа м.о.,Премиум,Развитие,2026-03-11,апартаменты,2,40.50,17010000.00,420000.00,С отделкой и мебелью,ФЛ,Нет,,0,2026-06-18 11:12:27.291 +0300
"657f63e930fe997bbb51f758ed370fb0",Кутузовский,Новороссийск,Новороссийск м.о.,Комфорт,МПМК Краснодарская-1,2026-03-11,квартира,4,63.91,9678161.00,135019.00,Без отделки,ФЛ,Ипотека,ПАО Сбербанк России,360,2026-06-18 11:12:27.291 +0300
"9aa8b842445a7cec2bd4d81e48bebc3a",Новая Волна / Volna Residences,Сочи,Сочи г.о.,Элитный,Nedvex,2026-03-11,апартаменты,1,50.87,72359000.00,1422429.72,Отделка как доп. опция,ФЛ,Нет,,0,2026-06-18 11:12:27.291 +0300
"9aa8b842445a7cec2bd4d81e48bebc3a",Новая Волна / Volna Residences,Сочи,Сочи г.о.,Элитный,Nedvex,2026-03-11,апартаменты,3,30.97,46941000.00,1515692.61,Отделка как доп. опция,ФЛ,Нет,,0,2026-06-18 11:12:27.291 +0300
"0fd8a9684833d1c7045dbb36bd3c14e2",Кислород,Сочи,Сочи г.о.,Бизнес,AVA Group,2026-03-11,квартира,3,64.03,19796328.00,299400.00,Без отделки,ФЛ,Ипотека,АО Альфа-Банк,360,2026-06-18 11:12:27.291 +0300
"0fd8a9684833d1c7045dbb36bd3c14e2",Кислород,Сочи,Сочи г.о.,Бизнес,AVA Group,2026-03-11,квартира,18,48.67,15260369.00,328604.00,Без отделки,ФЛ,Ипотека,АО Альфа-Банк,216,2026-06-18 11:12:27.291 +0300
"508e2e152a644af269da402a71a52936",Облака,Новороссийск,Новороссийск м.о.,Комфорт,Неометрия,2026-03-11,квартира,3,32.10,7474323.00,221790.00,Без отделки,ФЛ,Ипотека,ПАО Сбербанк России,0,2026-06-18 11:12:27.291 +0300
"018074db013670b10cd1d3367521d2a2",Барса,Новороссийск,Новороссийск м.о.,Бизнес,Точно,2026-03-11,квартира,18,35.10,12574575.00,358250.00,Под чистовую и отделка как доп. опция,ФЛ,Ипотека,ПАО АКБ МЕТАЛЛУРГИЧЕСКИЙ ИНВЕСТИЦИОННЫЙ БАНК,0,2026-06-18 11:12:27.291 +0300
"89f537fda6bcc1df310625c68de74f15",Корсаков,Анапа,Анапа м.о.,Комфорт,ССК,2026-03-11,апартаменты,6,28.63,11165700.00,390000.00,С отделкой и мебелью,ФЛ,Ипотека,АО Альфа-Банк,0,2026-06-18 11:12:27.291 +0300
b3ccb1c60914c224f2e4e07d33d020da,Новый город,Тихорецк,Тихорецкий м.о.,Комфорт,Стройуниверсал,2026-03-11,квартира,2,42.98,5286540.00,141996.78,Под чистовую,ФЛ,Нет,,0,2026-06-18 11:12:27.291 +0300
c2600c4dfa1b97ac0b7b06040e1ddaec,Порто-Ново,Новороссийск,Новороссийск м.о.,Комфорт,DOGMA,2026-03-11,квартира,7,38.20,7704940.00,201700.00,"Под чистовую, отделка как доп. опция",ФЛ,Ипотека,ПАО Сбербанк России,0,2026-06-18 11:12:27.291 +0300
c2600c4dfa1b97ac0b7b06040e1ddaec,Порто-Ново,Новороссийск,Новороссийск м.о.,Комфорт,DOGMA,2026-03-11,квартира,7,37.40,5528318.00,147815.99,"Под чистовую, отделка как доп. опция",ФЛ,Нет,,0,2026-06-18 11:12:27.291 +0300
c2600c4dfa1b97ac0b7b06040e1ddaec,Порто-Ново,Новороссийск,Новороссийск м.о.,Комфорт,DOGMA,2026-03-11,квартира,5,67.50,10982250.00,162700.00,"Под чистовую, отделка как доп. опция",ФЛ,Ипотека,ПАО Сбербанк России,360,2026-06-18 11:12:27.291 +0300
bcd90c1f7a745d86700f5d01f8ea550c,Кипарис,Сукко с.,Анапа м.о.,Комфорт,Bravo,2026-03-11,квартира,8,42.20,11381340.00,269700.00,С отделкой,ЮЛ,Нет,,0,2026-06-18 11:12:27.291 +0300
bcd90c1f7a745d86700f5d01f8ea550c,Кипарис,Сукко с.,Анапа м.о.,Комфорт,Bravo,2026-03-11,квартира,6,35.20,8624000.00,245000.00,С отделкой,ФЛ,Нет,,0,2026-06-18 11:12:27.291 +0300
bcd90c1f7a745d86700f5d01f8ea550c,Кипарис,Сукко с.,Анапа м.о.,Комфорт,Bravo,2026-03-11,квартира,7,36.60,8967000.00,245000.00,С отделкой,ФЛ,Ипотека,ПАО Сбербанк России,0,2026-06-18 11:12:27.291 +0300
beab211029e00549c00644efbecceba0,CHALET DELUXE,Красная поляна пгт,Сочи г.о.,Бизнес+,Корпорация Остров Первый - 1,2026-03-11,апартаменты,3,25.85,41360000.00,1600000.00,С отделкой и мебелью,ФЛ,Нет,,0,2026-06-18 11:12:27.291 +0300
beab211029e00549c00644efbecceba0,CHALET DELUXE,Красная поляна пгт,Сочи г.о.,Бизнес+,Корпорация Остров Первый - 1,2026-03-11,апартаменты,3,25.80,41280000.00,1600000.00,С отделкой и мебелью,ФЛ,Нет,,0,2026-06-18 11:12:27.291 +0300
d83227169c3b10c28e16d938fe1747f2,Резиденция Морей,Новороссийск,Новороссийск м.о.,Бизнес,ССК,2026-03-11,квартира,8,62.82,13820400.00,220000.00,Под чистовую и с отделкой,ФЛ,Ипотека,АО Альфа-Банк,360,2026-06-18 11:12:27.291 +0300
d83227169c3b10c28e16d938fe1747f2,Резиденция Морей,Новороссийск,Новороссийск м.о.,Бизнес,ССК,2026-03-11,квартира,8,30.10,7224000.00,240000.00,Под чистовую и с отделкой,ФЛ,Ипотека,ПАО Сбербанк России,264,2026-06-18 11:12:27.291 +0300
e7435571144b9a3d7cd4ab24dd71543f,На Высоком берегу,Анапа,Анапа м.о.,Бизнес,ССК,2026-03-11,квартира,4,38.10,10287000.00,270000.00,Под чистовую,ФЛ,Ипотека,ПАО Сбербанк России,0,2026-06-18 11:12:27.291 +0300
e7435571144b9a3d7cd4ab24dd71543f,На Высоком берегу,Анапа,Анапа м.о.,Бизнес,ССК,2026-03-11,квартира,5,38.90,10503000.00,270000.00,Под чистовую,ФЛ,Нет,,0,2026-06-18 11:12:27.291 +0300
d83227169c3b10c28e16d938fe1747f2,Резиденция Морей,Новороссийск,Новороссийск м.о.,Бизнес,ССК,2026-03-11,квартира,9,49.40,11609000.00,235000.00,"Под чистовую, отделка как доп. опция",ФЛ,Ипотека,ПАО Сбербанк России,0,2026-06-18 11:12:27.291 +0300
c5fc682cef8e118ca6caaa2ddeaeb433,Sun Garden Hotel,Анапа,Анапа м.о.,Премиум,Развитие,2026-03-11,апартаменты,2,26.50,11804186.00,445441.00,С отделкой и мебелью,ФЛ,Нет,,0,2026-06-18 11:12:27.291 +0300
"0fd8a9684833d1c7045dbb36bd3c14e2",Кислород,Сочи,Сочи г.о.,Бизнес,AVA Group,2026-03-12,квартира,16,48.79,18623040.00,364800.00,Без отделки,ФЛ,Нет,,0,2026-06-18 11:12:27.291 +0300
"9aa8b842445a7cec2bd4d81e48bebc3a",Новая Волна / Volna Residences,Сочи,Сочи г.о.,Элитный,Nedvex,2026-03-12,апартаменты,4,41.24,62729774.00,1521090.56,Отделка как доп. опция,ФЛ,Нет,,0,2026-06-18 11:12:27.291 +0300
d83227169c3b10c28e16d938fe1747f2,Резиденция Морей,Новороссийск,Новороссийск м.о.,Бизнес,ССК,2026-03-12,квартира,4,62.82,13506300.00,215000.00,Под чистовую и с отделкой,ФЛ,Ипотека,ПАО Сбербанк России,360,2026-06-18 11:12:27.291 +0300
d83227169c3b10c28e16d938fe1747f2,Резиденция Морей,Новороссийск,Новороссийск м.о.,Бизнес,ССК,2026-03-12,квартира,6,41.35,9510500.00,230000.00,"Под чистовую, отделка как доп. опция",ФЛ,Ипотека,АО Альфа-Банк,360,2026-06-18 11:12:27.291 +0300
"114265fbbd12eef28cca19fc11278cc4",Город у моря,Новороссийск,Новороссийск м.о.,Комфорт,ВКБ-Новостройки,2026-03-12,квартира,9,56.55,9305000.00,161713.59,С отделкой,ФЛ,Ипотека,ПАО Сбербанк России,0,2026-06-18 11:12:27.291 +0300
"83e4b77e4c81fe02646c0317f082a5b3",Эден / Eden Family Hotel,Анапа,Анапа м.о.,Комфорт,Развитие,2026-03-12,апартаменты,2,24.00,8582400.00,357600.00,С отделкой и мебелью,ФЛ,Ипотека,ПАО Сбербанк России,360,2026-06-18 11:12:27.291 +0300
"83e4b77e4c81fe02646c0317f082a5b3",Эден / Eden Family Hotel,Анапа,Анапа м.о.,Комфорт,Развитие,2026-03-12,апартаменты,3,26.10,9333360.00,357600.00,С отделкой и мебелью,ФЛ,Ипотека,ПАО Сбербанк России,360,2026-06-18 11:12:27.291 +0300
"89f537fda6bcc1df310625c68de74f15",Корсаков,Анапа,Анапа м.о.,Комфорт,ССК,2026-03-12,апартаменты,8,26.25,10178325.00,382500.00,С отделкой и мебелью,ФЛ,Ипотека,АО Альфа-Банк,0,2026-06-18 11:12:27.291 +0300
b3ccb1c60914c224f2e4e07d33d020da,Новый город,Тихорецк,Тихорецкий м.о.,Комфорт,Стройуниверсал,2026-03-12,квартира,5,58.88,7065600.00,121000.00,Под чистовую,ФЛ,Ипотека,ПАО Сбербанк России,360,2026-06-18 11:12:27.291 +0300
ce10854bfb47343480564adf2f08a997,Фестивальный (Кропоткин),Кропоткин,Кропоткинский м.о.,Комфорт,Теплый дом,2026-03-12,квартира,5,41.80,4054600.00,97000.00,Без отделки,ФЛ,Ипотека,ПАО Сбербанк России,360,2026-06-18 11:12:27.291 +0300
c2600c4dfa1b97ac0b7b06040e1ddaec,Порто-Ново,Новороссийск,Новороссийск м.о.,Комфорт,DOGMA,2026-03-12,квартира,8,46.80,6715613.00,143496.00,"Под чистовую, отделка как доп. опция",ФЛ,Нет,,0,2026-06-18 11:12:27.291 +0300
ecdd2060c65010326879068843af8e13,Хозяин морей,Анапа,Анапа м.о.,Бизнес,Точно,2026-03-12,квартира,4,43.60,9696000.00,240000.00,Под чистовую и отделка как доп. опция,ФЛ,Нет,,0,2026-06-18 11:12:27.291 +0300
cd60148b427a937b07d16ed3aa02db46,Алеан Селект Агой / Alean Select Agoy,Агой с.,Туапсинский м.о.,Комфорт,Метрикс Develoрment,2026-03-12,апартаменты,4,33.40,23714000.00,710000.00,С отделкой и мебелью,ФЛ,Нет,,0,2026-06-18 11:12:27.291 +0300
cd60148b427a937b07d16ed3aa02db46,Алеан Селект Агой / Alean Select Agoy,Агой с.,Туапсинский м.о.,Комфорт,Метрикс Develoрment,2026-03-12,апартаменты,5,33.40,24048000.00,720000.00,С отделкой и мебелью,ФЛ,Нет,,0,2026-06-18 11:12:27.291 +0300
cd60148b427a937b07d16ed3aa02db46,Алеан Селект Агой / Alean Select Agoy,Агой с.,Туапсинский м.о.,Комфорт,Метрикс Develoрment,2026-03-12,апартаменты,6,33.40,24382000.00,730000.00,С отделкой и мебелью,ФЛ,Нет,,0,2026-06-18 11:12:27.291 +0300
cd60148b427a937b07d16ed3aa02db46,Алеан Селект Агой / Alean Select Agoy,Агой с.,Туапсинский м.о.,Комфорт,Метрикс Develoрment,2026-03-12,апартаменты,6,33.40,24382000.00,730000.00,С отделкой и мебелью,ФЛ,Нет,,0,2026-06-18 11:12:27.291 +0300
cd60148b427a937b07d16ed3aa02db46,Алеан Селект Агой / Alean Select Agoy,Агой с.,Туапсинский м.о.,Комфорт,Метрикс Develoрment,2026-03-12,апартаменты,6,33.40,24382000.00,730000.00,С отделкой и мебелью,ФЛ,Нет,,0,2026-06-18 11:12:27.291 +0300
cd60148b427a937b07d16ed3aa02db46,Алеан Селект Агой / Alean Select Agoy,Агой с.,Туапсинский м.о.,Комфорт,Метрикс Develoрment,2026-03-12,апартаменты,6,33.40,24382000.00,730000.00,С отделкой и мебелью,ФЛ,Нет,,0,2026-06-18 11:12:27.291 +0300
bcd90c1f7a745d86700f5d01f8ea550c,Кипарис,Сукко с.,Анапа м.о.,Комфорт,Bravo,2026-03-12,квартира,7,38.70,10932750.00,282500.00,С отделкой,ФЛ,Ипотека,ПАО Банк ВТБ,0,2026-06-18 11:12:27.291 +0300
"89f537fda6bcc1df310625c68de74f15",Корсаков,Анапа,Анапа м.о.,Комфорт,ССК,2026-03-13,апартаменты,8,31.41,12249900.00,390000.00,С отделкой и мебелью,ФЛ,Ипотека,АО Альфа-Банк,0,2026-06-18 11:12:27.291 +0300
b3ccb1c60914c224f2e4e07d33d020da,Новый город,Тихорецк,Тихорецкий м.о.,Комфорт,Стройуниверсал,2026-03-13,квартира,1,58.88,7065600.00,121000.00,Под чистовую,ФЛ,Нет,,0,2026-06-18 11:12:27.291 +0300
b3ccb1c60914c224f2e4e07d33d020da,Новый город,Тихорецк,Тихорецкий м.о.,Комфорт,Стройуниверсал,2026-03-13,квартира,4,38.19,4544610.00,140092.79,Под чистовую,ФЛ,Нет,,0,2026-06-18 11:12:27.291 +0300
bcd90c1f7a745d86700f5d01f8ea550c,Кипарис,Сукко с.,Анапа м.о.,Комфорт,Bravo,2026-03-13,квартира,2,53.30,12445550.00,233500.00,С отделкой,ФЛ,Ипотека,АО Альфа-Банк,0,2026-06-18 11:12:27.291 +0300
c5fc682cef8e118ca6caaa2ddeaeb433,Sun Garden Hotel,Анапа,Анапа м.о.,Премиум,Развитие,2026-03-13,апартаменты,3,26.50,10128750.00,382217.00,С отделкой и мебелью,ФЛ,Нет,,0,2026-06-18 11:12:27.291 +0300
"0fd8a9684833d1c7045dbb36bd3c14e2",Кислород,Сочи,Сочи г.о.,Бизнес,AVA Group,2026-03-13,квартира,11,21.94,9135984.00,399300.00,Без отделки,ФЛ,Ипотека,ПАО Сбербанк России,360,2026-06-18 11:12:27.291 +0300
"508e2e152a644af269da402a71a52936",Облака,Новороссийск,Новороссийск м.о.,Комфорт,Неометрия,2026-03-13,квартира,4,76.10,13353696.00,167760.00,Без отделки,ФЛ,Ипотека,ПАО Совкомбанк,0,2026-06-18 11:12:27.291 +0300
"3b768d7a3423d87ca2500e86b3aa26e8",Мореград,Анапа,Анапа м.о.,Комфорт,ССК,2026-03-13,апартаменты,2,26.40,8844000.00,335000.00,С отделкой и мебелью,ФЛ,Ипотека,АО Альфа-Банк,0,2026-06-18 11:12:27.291 +0300
e7435571144b9a3d7cd4ab24dd71543f,На Высоком берегу,Анапа,Анапа м.о.,Бизнес,ССК,2026-03-13,квартира,3,37.70,10179000.00,270000.00,Под чистовую,ФЛ,Ипотека,ПАО Сбербанк России,0,2026-06-18 11:12:27.291 +0300
"2be7f950954f9f0b079ca01c72d39a42",Морская Горгиппия,Анапа,Анапа м.о.,Эконом,ОБД-Инвест,2026-03-13,квартира,8,29.87,5488164.00,183735.00,Под чистовую,ФЛ,Ипотека,Кубань Кредит,72,2026-06-18 11:12:27.291 +0300
e6633db8b4c0466143c3ba2ad76172f0,Лучи,Анапа,Анапа м.о.,Комфорт,ADM group / Вертикаль,2026-03-13,апартаменты,8,26.48,17090440.00,613000.00,С отделкой и мебелью,ФЛ,Нет,,0,2026-06-18 11:12:27.291 +0300
"0fd8a9684833d1c7045dbb36bd3c14e2",Кислород,Сочи,Сочи г.о.,Бизнес,AVA Group,2026-03-13,квартира,4,64.03,19796328.00,299400.00,Без отделки,ФЛ,Ипотека,ПАО Совкомбанк,275,2026-06-18 11:12:27.291 +0300
"9648a6234501850e715607d4d244b13a",Botanica Hills,Небуг с.,Туапсинский м.о.,Комфорт,Метрикс Develoрment,2026-03-14,квартира,9,31.50,9490000.00,301269.84,"Под чистовую, отделка как доп. опция",ФЛ,Ипотека,ПАО Сбербанк России,360,2026-06-18 11:12:27.291 +0300
"114265fbbd12eef28cca19fc11278cc4",Город у моря,Новороссийск,Новороссийск м.о.,Комфорт,ВКБ-Новостройки,2026-03-16,квартира,7,66.72,9655000.00,144709.23,С отделкой,ФЛ,Ипотека,ПАО Сбербанк России,360,2026-06-18 11:12:27.291 +0300
e7435571144b9a3d7cd4ab24dd71543f,На Высоком берегу,Анапа,Анапа м.о.,Бизнес,ССК,2026-03-16,квартира,5,37.70,8294000.00,220000.00,Под чистовую,ФЛ,Нет,,0,2026-06-18 11:12:27.291 +0300
"114265fbbd12eef28cca19fc11278cc4",Город у моря,Новороссийск,Новороссийск м.о.,Комфорт,ВКБ-Новостройки,2026-03-16,квартира,2,38.76,7097000.00,183101.14,С отделкой,ФЛ,Ипотека,Кубань Кредит,0,2026-06-18 11:12:27.291 +0300
"114265fbbd12eef28cca19fc11278cc4",Город у моря,Новороссийск,Новороссийск м.о.,Комфорт,ВКБ-Новостройки,2026-03-16,квартира,14,57.54,9362000.00,162704.21,С отделкой,ФЛ,Ипотека,ПАО Сбербанк России,0,2026-06-18 11:12:27.291 +0300
d83227169c3b10c28e16d938fe1747f2,Резиденция Морей,Новороссийск,Новороссийск м.о.,Бизнес,ССК,2026-03-16,квартира,18,68.12,16348800.00,240000.00,"Под чистовую, отделка как доп. опция",ФЛ,Ипотека,ПАО Сбербанк России,0,2026-06-18 11:12:27.291 +0300
"123f6cdbbe542a25027b234318a48389",Космос Отель Курортный / Cosmos Hotel Kurortny,Сочи,Сочи г.о.,Бизнес,КР+,2026-03-16,апартаменты,10,20.00,13500000.00,675000.00,Отделка как доп. опция,ФЛ,Ипотека,ПАО Сбербанк России,300,2026-06-18 11:12:27.291 +0300
"0fd8a9684833d1c7045dbb36bd3c14e2",Кислород,Сочи,Сочи г.о.,Бизнес,AVA Group,2026-03-16,квартира,6,37.19,15672602.00,410600.00,Без отделки,ФЛ,Ипотека,АО Альфа-Банк,324,2026-06-18 11:12:27.291 +0300
"9648a6234501850e715607d4d244b13a",Botanica Hills,Небуг с.,Туапсинский м.о.,Комфорт,Метрикс Develoрment,2026-03-16,квартира,5,57.53,15610000.00,271336.69,"Под чистовую, отделка как доп. опция",ФЛ,Нет,,0,2026-06-18 11:12:27.291 +0300
"89f537fda6bcc1df310625c68de74f15",Корсаков,Анапа,Анапа м.о.,Комфорт,ССК,2026-03-16,апартаменты,2,29.83,11186250.00,375000.00,С отделкой и мебелью,ФЛ,Ипотека,ПАО Банк ВТБ,362,2026-06-18 11:12:27.291 +0300
b3ccb1c60914c224f2e4e07d33d020da,Новый город,Тихорецк,Тихорецкий м.о.,Комфорт,Стройуниверсал,2026-03-16,квартира,5,38.19,3892800.00,120000.00,Под чистовую,ФЛ,Нет,,0,2026-06-18 11:12:27.291 +0300
"9f774747a88c96336616fc5165908dba",Sun Hills Olginka,Ольгинка с.,Туапсинский м.о.,Комфорт,Метрикс Develoрment,2026-03-16,квартира,7,17.22,6169649.00,358283.97,Под чистовую,ФЛ,Ипотека,АО Альфа-Банк,360,2026-06-18 11:12:27.291 +0300
c2600c4dfa1b97ac0b7b06040e1ddaec,Порто-Ново,Новороссийск,Новороссийск м.о.,Комфорт,DOGMA,2026-03-16,квартира,10,37.20,5755882.00,154728.01,"Под чистовую, отделка как доп. опция",ФЛ,Нет,,0,2026-06-18 11:12:27.291 +0300
c2600c4dfa1b97ac0b7b06040e1ddaec,Порто-Ново,Новороссийск,Новороссийск м.о.,Комфорт,DOGMA,2026-03-16,квартира,7,67.50,11009250.00,163100.00,"Под чистовую, отделка как доп. опция",ФЛ,Ипотека,ПАО Сбербанк России,0,2026-06-18 11:12:27.291 +0300
bcd90c1f7a745d86700f5d01f8ea550c,Кипарис,Сукко с.,Анапа м.о.,Комфорт,Bravo,2026-03-16,квартира,4,38.70,10777950.00,278500.00,С отделкой,ФЛ,Ипотека,ПАО Сбербанк России,0,2026-06-18 11:12:27.291 +0300
"89f537fda6bcc1df310625c68de74f15",Корсаков,Анапа,Анапа м.о.,Комфорт,ССК,2026-03-17,апартаменты,6,29.83,11633700.00,390000.00,С отделкой и мебелью,ФЛ,Ипотека,АО Альфа-Банк,360,2026-06-18 11:12:27.291 +0300
de2aa2f5a366bc2350a3e192512ea3e6,Цветной бульвар,Северская ст-ца,Северский м.о.,Комфорт,Точно,2026-03-17,квартира,2,74.42,6697800.00,90000.00,С отделкой,ФЛ,Ипотека,ПАО Сбербанк России,360,2026-06-18 11:12:27.291 +0300
c5fc682cef8e118ca6caaa2ddeaeb433,Sun Garden Hotel,Анапа,Анапа м.о.,Премиум,Развитие,2026-03-17,апартаменты,6,26.50,14212957.00,536338.00,С отделкой и мебелью,ФЛ,Нет,,0,2026-06-18 11:12:27.291 +0300
"114265fbbd12eef28cca19fc11278cc4",Город у моря,Новороссийск,Новороссийск м.о.,Комфорт,ВКБ-Новостройки,2026-03-17,квартира,1,37.82,6944004.00,178923.08,С отделкой,ЮЛ,Нет,,0,2026-06-18 11:12:27.291 +0300
"114265fbbd12eef28cca19fc11278cc4",Город у моря,Новороссийск,Новороссийск м.о.,Комфорт,ВКБ-Новостройки,2026-03-17,квартира,2,37.82,6944004.00,178923.08,С отделкой,ЮЛ,Нет,,0,2026-06-18 11:12:27.291 +0300
"114265fbbd12eef28cca19fc11278cc4",Город у моря,Новороссийск,Новороссийск м.о.,Комфорт,ВКБ-Новостройки,2026-03-17,квартира,3,37.82,6944004.00,178923.08,С отделкой,ЮЛ,Нет,,0,2026-06-18 11:12:27.291 +0300
"114265fbbd12eef28cca19fc11278cc4",Город у моря,Новороссийск,Новороссийск м.о.,Комфорт,ВКБ-Новостройки,2026-03-17,квартира,4,37.82,6944004.00,178923.08,С отделкой,ЮЛ,Нет,,0,2026-06-18 11:12:27.291 +0300
"114265fbbd12eef28cca19fc11278cc4",Город у моря,Новороссийск,Новороссийск м.о.,Комфорт,ВКБ-Новостройки,2026-03-17,квартира,4,37.82,6935058.00,178923.08,С отделкой,ЮЛ,Нет,,0,2026-06-18 11:12:27.291 +0300
"114265fbbd12eef28cca19fc11278cc4",Город у моря,Новороссийск,Новороссийск м.о.,Комфорт,ВКБ-Новостройки,2026-03-17,квартира,5,37.82,6944004.00,178923.08,С отделкой,ЮЛ,Нет,,0,2026-06-18 11:12:27.291 +0300
"114265fbbd12eef28cca19fc11278cc4",Город у моря,Новороссийск,Новороссийск м.о.,Комфорт,ВКБ-Новостройки,2026-03-17,квартира,5,37.82,6935058.00,178923.08,С отделкой,ЮЛ,Нет,,0,2026-06-18 11:12:27.291 +0300
"114265fbbd12eef28cca19fc11278cc4",Город у моря,Новороссийск,Новороссийск м.о.,Комфорт,ВКБ-Новостройки,2026-03-17,квартира,6,37.82,5485715.00,141348.00,С отделкой,ЮЛ,Нет,,0,2026-06-18 11:12:27.291 +0300
"114265fbbd12eef28cca19fc11278cc4",Город у моря,Новороссийск,Новороссийск м.о.,Комфорт,ВКБ-Новостройки,2026-03-17,квартира,6,37.82,5478648.00,141348.00,С отделкой,ЮЛ,Нет,,0,2026-06-18 11:12:27.291 +0300
"114265fbbd12eef28cca19fc11278cc4",Город у моря,Новороссийск,Новороссийск м.о.,Комфорт,ВКБ-Новостройки,2026-03-17,квартира,7,37.82,7311999.00,188405.05,С отделкой,ЮЛ,Нет,,0,2026-06-18 11:12:27.291 +0300
"114265fbbd12eef28cca19fc11278cc4",Город у моря,Новороссийск,Новороссийск м.о.,Комфорт,ВКБ-Новостройки,2026-03-17,квартира,7,37.82,7302579.00,188405.05,С отделкой,ЮЛ,Нет,,0,2026-06-18 11:12:27.291 +0300
"114265fbbd12eef28cca19fc11278cc4",Город у моря,Новороссийск,Новороссийск м.о.,Комфорт,ВКБ-Новостройки,2026-03-17,квартира,8,37.82,7311999.00,188405.05,С отделкой,ЮЛ,Нет,,0,2026-06-18 11:12:27.291 +0300
"114265fbbd12eef28cca19fc11278cc4",Город у моря,Новороссийск,Новороссийск м.о.,Комфорт,ВКБ-Новостройки,2026-03-17,квартира,8,37.82,7302579.00,188405.05,С отделкой,ЮЛ,Нет,,0,2026-06-18 11:12:27.291 +0300
"114265fbbd12eef28cca19fc11278cc4",Город у моря,Новороссийск,Новороссийск м.о.,Комфорт,ВКБ-Новостройки,2026-03-17,квартира,9,37.82,7311999.00,188405.05,С отделкой,ЮЛ,Нет,,0,2026-06-18 11:12:27.291 +0300
"114265fbbd12eef28cca19fc11278cc4",Город у моря,Новороссийск,Новороссийск м.о.,Комфорт,ВКБ-Новостройки,2026-03-17,квартира,9,37.82,7302579.00,188405.05,С отделкой,ЮЛ,Нет,,0,2026-06-18 11:12:27.291 +0300
"114265fbbd12eef28cca19fc11278cc4",Город у моря,Новороссийск,Новороссийск м.о.,Комфорт,ВКБ-Новостройки,2026-03-17,квартира,10,37.82,7311999.00,188405.05,С отделкой,ЮЛ,Нет,,0,2026-06-18 11:12:27.291 +0300
"114265fbbd12eef28cca19fc11278cc4",Город у моря,Новороссийск,Новороссийск м.о.,Комфорт,ВКБ-Новостройки,2026-03-17,квартира,10,37.82,7302579.00,188405.05,С отделкой,ЮЛ,Нет,,0,2026-06-18 11:12:27.291 +0300
"114265fbbd12eef28cca19fc11278cc4",Город у моря,Новороссийск,Новороссийск м.о.,Комфорт,ВКБ-Новостройки,2026-03-17,квартира,11,37.82,7311999.00,188405.05,С отделкой,ЮЛ,Нет,,0,2026-06-18 11:12:27.291 +0300
"114265fbbd12eef28cca19fc11278cc4",Город у моря,Новороссийск,Новороссийск м.о.,Комфорт,ВКБ-Новостройки,2026-03-17,квартира,11,37.82,7302579.00,188405.05,С отделкой,ЮЛ,Нет,,0,2026-06-18 11:12:27.291 +0300
"114265fbbd12eef28cca19fc11278cc4",Город у моря,Новороссийск,Новороссийск м.о.,Комфорт,ВКБ-Новостройки,2026-03-17,квартира,12,37.82,7311999.00,188405.05,С отделкой,ЮЛ,Нет,,0,2026-06-18 11:12:27.291 +0300
"114265fbbd12eef28cca19fc11278cc4",Город у моря,Новороссийск,Новороссийск м.о.,Комфорт,ВКБ-Новостройки,2026-03-17,квартира,12,37.82,7302579.00,188405.05,С отделкой,ЮЛ,Нет,,0,2026-06-18 11:12:27.291 +0300
"114265fbbd12eef28cca19fc11278cc4",Город у моря,Новороссийск,Новороссийск м.о.,Комфорт,ВКБ-Новостройки,2026-03-17,квартира,13,37.82,7311999.00,188405.05,С отделкой,ЮЛ,Нет,,0,2026-06-18 11:12:27.291 +0300
"114265fbbd12eef28cca19fc11278cc4",Город у моря,Новороссийск,Новороссийск м.о.,Комфорт,ВКБ-Новостройки,2026-03-17,квартира,13,37.82,7302579.00,188405.05,С отделкой,ЮЛ,Нет,,0,2026-06-18 11:12:27.291 +0300
"114265fbbd12eef28cca19fc11278cc4",Город у моря,Новороссийск,Новороссийск м.о.,Комфорт,ВКБ-Новостройки,2026-03-17,квартира,14,37.82,7311999.00,188405.05,С отделкой,ЮЛ,Нет,,0,2026-06-18 11:12:27.291 +0300
"114265fbbd12eef28cca19fc11278cc4",Город у моря,Новороссийск,Новороссийск м.о.,Комфорт,ВКБ-Новостройки,2026-03-17,квартира,14,37.82,7302579.00,188405.05,С отделкой,ЮЛ,Нет,,0,2026-06-18 11:12:27.291 +0300
"114265fbbd12eef28cca19fc11278cc4",Город у моря,Новороссийск,Новороссийск м.о.,Комфорт,ВКБ-Новостройки,2026-03-17,квартира,15,37.82,7311999.00,188405.05,С отделкой,ЮЛ,Нет,,0,2026-06-18 11:12:27.291 +0300
"114265fbbd12eef28cca19fc11278cc4",Город у моря,Новороссийск,Новороссийск м.о.,Комфорт,ВКБ-Новостройки,2026-03-17,квартира,15,37.82,7302579.00,188405.05,С отделкой,ЮЛ,Нет,,0,2026-06-18 11:12:27.291 +0300
"114265fbbd12eef28cca19fc11278cc4",Город у моря,Новороссийск,Новороссийск м.о.,Комфорт,ВКБ-Новостройки,2026-03-17,квартира,16,37.82,7311999.00,188405.05,С отделкой,ЮЛ,Нет,,0,2026-06-18 11:12:27.291 +0300
"114265fbbd12eef28cca19fc11278cc4",Город у моря,Новороссийск,Новороссийск м.о.,Комфорт,ВКБ-Новостройки,2026-03-17,квартира,16,37.82,7302579.00,188405.05,С отделкой,ЮЛ,Нет,,0,2026-06-18 11:12:27.291 +0300
"114265fbbd12eef28cca19fc11278cc4",Город у моря,Новороссийск,Новороссийск м.о.,Комфорт,ВКБ-Новостройки,2026-03-17,квартира,1,37.82,6944004.00,178923.08,С отделкой,ЮЛ,Нет,,0,2026-06-18 11:12:27.291 +0300
"114265fbbd12eef28cca19fc11278cc4",Город у моря,Новороссийск,Новороссийск м.о.,Комфорт,ВКБ-Новостройки,2026-03-17,квартира,4,37.82,6944004.00,178923.08,С отделкой,ЮЛ,Нет,,0,2026-06-18 11:12:27.291 +0300
"114265fbbd12eef28cca19fc11278cc4",Город у моря,Новороссийск,Новороссийск м.о.,Комфорт,ВКБ-Новостройки,2026-03-17,квартира,5,37.82,6944004.00,178923.08,С отделкой,ЮЛ,Нет,,0,2026-06-18 11:12:27.291 +0300
"114265fbbd12eef28cca19fc11278cc4",Город у моря,Новороссийск,Новороссийск м.о.,Комфорт,ВКБ-Новостройки,2026-03-17,квартира,6,37.82,5485715.00,141348.00,С отделкой,ЮЛ,Нет,,0,2026-06-18 11:12:27.291 +0300
"114265fbbd12eef28cca19fc11278cc4",Город у моря,Новороссийск,Новороссийск м.о.,Комфорт,ВКБ-Новостройки,2026-03-17,квартира,7,37.82,7311999.00,188405.05,С отделкой,ЮЛ,Нет,,0,2026-06-18 11:12:27.291 +0300
"114265fbbd12eef28cca19fc11278cc4",Город у моря,Новороссийск,Новороссийск м.о.,Комфорт,ВКБ-Новостройки,2026-03-17,квартира,7,37.82,7302579.00,188405.05,С отделкой,ЮЛ,Нет,,0,2026-06-18 11:12:27.291 +0300
"114265fbbd12eef28cca19fc11278cc4",Город у моря,Новороссийск,Новороссийск м.о.,Комфорт,ВКБ-Новостройки,2026-03-17,квартира,8,37.82,7311999.00,188405.05,С отделкой,ЮЛ,Нет,,0,2026-06-18 11:12:27.291 +0300
"114265fbbd12eef28cca19fc11278cc4",Город у моря,Новороссийск,Новороссийск м.о.,Комфорт,ВКБ-Новостройки,2026-03-17,квартира,8,37.82,7302579.00,188405.05,С отделкой,ЮЛ,Нет,,0,2026-06-18 11:12:27.291 +0300
"114265fbbd12eef28cca19fc11278cc4",Город у моря,Новороссийск,Новороссийск м.о.,Комфорт,ВКБ-Новостройки,2026-03-17,квартира,9,37.82,7311999.00,188405.05,С отделкой,ЮЛ,Нет,,0,2026-06-18 11:12:27.291 +0300
"114265fbbd12eef28cca19fc11278cc4",Город у моря,Новороссийск,Новороссийск м.о.,Комфорт,ВКБ-Новостройки,2026-03-17,квартира,11,37.82,7311999.00,188405.05,С отделкой,ЮЛ,Нет,,0,2026-06-18 11:12:27.291 +0300
"114265fbbd12eef28cca19fc11278cc4",Город у моря,Новороссийск,Новороссийск м.о.,Комфорт,ВКБ-Новостройки,2026-03-17,квартира,12,37.82,7311999.00,188405.05,С отделкой,ЮЛ,Нет,,0,2026-06-18 11:12:27.291 +0300
"114265fbbd12eef28cca19fc11278cc4",Город у моря,Новороссийск,Новороссийск м.о.,Комфорт,ВКБ-Новостройки,2026-03-17,квартира,12,37.82,7302579.00,188405.05,С отделкой,ЮЛ,Нет,,0,2026-06-18 11:12:27.291 +0300
"114265fbbd12eef28cca19fc11278cc4",Город у моря,Новороссийск,Новороссийск м.о.,Комфорт,ВКБ-Новостройки,2026-03-17,квартира,14,37.82,7311999.00,188405.05,С отделкой,ЮЛ,Нет,,0,2026-06-18 11:12:27.291 +0300
"114265fbbd12eef28cca19fc11278cc4",Город у моря,Новороссийск,Новороссийск м.о.,Комфорт,ВКБ-Новостройки,2026-03-17,квартира,14,37.82,7302579.00,188405.05,С отделкой,ЮЛ,Нет,,0,2026-06-18 11:12:27.291 +0300
"114265fbbd12eef28cca19fc11278cc4",Город у моря,Новороссийск,Новороссийск м.о.,Комфорт,ВКБ-Новостройки,2026-03-17,квартира,15,37.82,7311999.00,188405.05,С отделкой,ЮЛ,Нет,,0,2026-06-18 11:12:27.291 +0300
"114265fbbd12eef28cca19fc11278cc4",Город у моря,Новороссийск,Новороссийск м.о.,Комфорт,ВКБ-Новостройки,2026-03-17,квартира,15,37.82,7302579.00,188405.05,С отделкой,ЮЛ,Нет,,0,2026-06-18 11:12:27.291 +0300
"114265fbbd12eef28cca19fc11278cc4",Город у моря,Новороссийск,Новороссийск м.о.,Комфорт,ВКБ-Новостройки,2026-03-17,квартира,16,37.82,7311999.00,188405.05,С отделкой,ЮЛ,Нет,,0,2026-06-18 11:12:27.291 +0300
"114265fbbd12eef28cca19fc11278cc4",Город у моря,Новороссийск,Новороссийск м.о.,Комфорт,ВКБ-Новостройки,2026-03-17,квартира,16,37.82,7302579.00,188405.05,С отделкой,ЮЛ,Нет,,0,2026-06-18 11:12:27.291 +0300
d83227169c3b10c28e16d938fe1747f2,Резиденция Морей,Новороссийск,Новороссийск м.о.,Бизнес,ССК,2026-03-17,квартира,8,43.09,9910700.00,230000.00,Под чистовую и с отделкой,ФЛ,Ипотека,АО Альфа-Банк,360,2026-06-18 11:12:27.291 +0300
d83227169c3b10c28e16d938fe1747f2,Резиденция Морей,Новороссийск,Новороссийск м.о.,Бизнес,ССК,2026-03-17,квартира,3,29.84,7462500.00,250000.00,Под чистовую и с отделкой,ФЛ,Ипотека,ПАО Сбербанк России,360,2026-06-18 11:12:27.291 +0300
d83227169c3b10c28e16d938fe1747f2,Резиденция Морей,Новороссийск,Новороссийск м.о.,Бизнес,ССК,2026-03-17,квартира,3,31.66,7322500.00,250000.00,Под чистовую и с отделкой,ФЛ,Ипотека,ПАО Сбербанк России,0,2026-06-18 11:12:27.291 +0300
"114265fbbd12eef28cca19fc11278cc4",Город у моря,Новороссийск,Новороссийск м.о.,Комфорт,ВКБ-Новостройки,2026-03-17,квартира,2,83.39,10127000.00,117810.61,С отделкой,ФЛ,Ипотека,Кубань Кредит,0,2026-06-18 11:12:27.291 +0300
"95f1de2b556858c9cfd19ec123edd090",Космос Черное море Риверта Отель / Cosmos Black Sea Riverta Hotel,Пляхо с.,Туапсинский м.о.,Премиум,Тренд-групп,2026-03-17,апартаменты,5,25.60,19928000.00,530000.00,С отделкой и мебелью,ФЛ,Нет,,0,2026-06-18 11:12:27.291 +0300
d83227169c3b10c28e16d938fe1747f2,Резиденция Морей,Новороссийск,Новороссийск м.о.,Бизнес,ССК,2026-03-17,квартира,7,28.64,7160000.00,250000.00,"Под чистовую, отделка как доп. опция",ФЛ,Ипотека,ПАО Сбербанк России,0,2026-06-18 11:12:27.291 +0300
"0fd8a9684833d1c7045dbb36bd3c14e2",Кислород,Сочи,Сочи г.о.,Бизнес,AVA Group,2026-03-17,квартира,18,48.79,17020070.00,333400.00,Без отделки,ФЛ,Ипотека,ПАО Совкомбанк,300,2026-06-18 11:12:27.291 +0300
b9d92574715ea90ea054b9078964a5d8,Лестория,Сочи,Сочи г.о.,Бизнес-,Неометрия,2026-03-17,квартира,4,20.30,10803051.00,532170.00,Под чистовую,ФЛ,Нет,,0,2026-06-18 11:12:27.291 +0300
"9aa8b842445a7cec2bd4d81e48bebc3a",Новая Волна / Volna Residences,Сочи,Сочи г.о.,Элитный,Nedvex,2026-03-18,апартаменты,2,30.34,43716000.00,1440870.14,Отделка как доп. опция,ФЛ,Нет,,0,2026-06-18 11:12:27.291 +0300
"9aa8b842445a7cec2bd4d81e48bebc3a",Новая Волна / Volna Residences,Сочи,Сочи г.о.,Элитный,Nedvex,2026-03-18,апартаменты,3,45.79,68373000.00,1493186.29,Отделка как доп. опция,ФЛ,Ипотека,ПАО Сбербанк России,288,2026-06-18 11:12:27.291 +0300
"0fd8a9684833d1c7045dbb36bd3c14e2",Кислород,Сочи,Сочи г.о.,Бизнес,AVA Group,2026-03-18,квартира,8,37.14,13677679.00,358900.00,Без отделки,ФЛ,Ипотека,ПАО Совкомбанк,360,2026-06-18 11:12:27.291 +0300
"937886a1c9205f225c86d9db67028971",Палаццо Де Агой / Гранд Отель Агой,Агой с.,Туапсинский м.о.,Бизнес+,ЯRus девелопмент,2026-03-18,апартаменты,3,29.30,32654469.00,1114487.00,С отделкой и мебелью,ФЛ,Нет,,0,2026-06-18 11:12:27.291 +0300
c5fc682cef8e118ca6caaa2ddeaeb433,Sun Garden Hotel,Анапа,Анапа м.о.,Премиум,Развитие,2026-03-18,апартаменты,8,32.70,17538252.00,536338.00,С отделкой и мебелью,ФЛ,Нет,,0,2026-06-18 11:12:27.291 +0300
"018074db013670b10cd1d3367521d2a2",Барса,Новороссийск,Новороссийск м.о.,Бизнес,Точно,2026-03-18,квартира,23,49.97,13894000.00,288856.55,Под чистовую и отделка как доп. опция,ФЛ,Ипотека,АО Альфа-Банк,300,2026-06-18 11:12:27.291 +0300
fc98c3a43cd1680c1cb66c1523d44f4a,Дзенпарк,Марьянская ст.,Красноармейский м.о.,Комфорт,Средастрой,2026-03-18,квартира,1,17.70,2124000.00,120000.00,Под чистовую,ФЛ,Ипотека,АО Альфа-Банк,0,2026-06-18 11:12:27.291 +0300
fc98c3a43cd1680c1cb66c1523d44f4a,Дзенпарк,Марьянская ст.,Красноармейский м.о.,Комфорт,Средастрой,2026-03-18,квартира,1,17.70,2124000.00,120000.00,"Под чистовую, отделка как доп. опция",ФЛ,Ипотека,АО Альфа-Банк,0,2026-06-18 11:12:27.291 +0300
"9f774747a88c96336616fc5165908dba",Sun Hills Olginka,Ольгинка с.,Туапсинский м.о.,Комфорт,Метрикс Develoрment,2026-03-18,квартира,8,18.62,6673334.00,358396.03,Под чистовую,ФЛ,Ипотека,ПАО Промсвязьбанк,178,2026-06-18 11:12:27.291 +0300
c2600c4dfa1b97ac0b7b06040e1ddaec,Порто-Ново,Новороссийск,Новороссийск м.о.,Комфорт,DOGMA,2026-03-18,квартира,12,57.40,10725690.00,182100.00,"Под чистовую, отделка как доп. опция",ФЛ,Ипотека,ПАО Сбербанк России,0,2026-06-18 11:12:27.291 +0300
fac27409f6adff29bbeb62313e70cb73,Каравелла Португалии,Дагомыс пгт.,Сочи г.о.,Комфорт,Мебельщик,2026-03-18,квартира,6,27.59,12690500.00,459967.38,Под чистовую,ФЛ,Ипотека,ПАО Сбербанк России,360,2026-06-18 11:12:27.291 +0300
"9648a6234501850e715607d4d244b13a",Botanica Hills,Небуг с.,Туапсинский м.о.,Комфорт,Метрикс Develoрment,2026-03-18,квартира,7,28.60,8542000.00,298671.33,"Под чистовую, отделка как доп. опция",ФЛ,Нет,,0,2026-06-18 11:12:27.291 +0300
"508e2e152a644af269da402a71a52936",Облака,Новороссийск,Новороссийск м.о.,Комфорт,Неометрия,2026-03-18,нежилое помещение,1,71.90,0.00,0.00,Без отделки,ФЛ,Нет,,0,2026-06-18 11:12:27.291 +0300
b9d92574715ea90ea054b9078964a5d8,Лестория,Сочи,Сочи г.о.,Бизнес-,Неометрия,2026-03-18,квартира,12,24.20,12969210.00,535917.77,С отделкой,ФЛ,Ипотека,ПАО Банк ВТБ,362,2026-06-18 11:12:27.291 +0300
d83227169c3b10c28e16d938fe1747f2,Резиденция Морей,Новороссийск,Новороссийск м.о.,Бизнес,ССК,2026-03-18,квартира,4,29.85,7462500.00,250000.00,Под чистовую и с отделкой,ФЛ,Ипотека,ПАО Сбербанк России,360,2026-06-18 11:12:27.291 +0300
d83227169c3b10c28e16d938fe1747f2,Резиденция Морей,Новороссийск,Новороссийск м.о.,Бизнес,ССК,2026-03-18,квартира,5,27.74,6935000.00,250000.00,Под чистовую и с отделкой,ФЛ,Ипотека,ПАО Совкомбанк,0,2026-06-18 11:12:27.291 +0300
e7435571144b9a3d7cd4ab24dd71543f,На Высоком берегу,Анапа,Анапа м.о.,Бизнес,ССК,2026-03-18,квартира,6,38.90,8558000.00,220000.00,Под чистовую,ФЛ,Нет,,0,2026-06-18 11:12:27.291 +0300
"114265fbbd12eef28cca19fc11278cc4",Город у моря,Новороссийск,Новороссийск м.о.,Комфорт,ВКБ-Новостройки,2026-03-18,квартира,6,26.51,6098000.00,230026.41,С отделкой,ФЛ,Нет,,0,2026-06-18 11:12:27.291 +0300
"83e4b77e4c81fe02646c0317f082a5b3",Эден / Eden Family Hotel,Анапа,Анапа м.о.,Комфорт,Развитие,2026-03-18,апартаменты,3,26.00,9297600.00,357600.00,С отделкой и мебелью,ФЛ,Нет,,0,2026-06-18 11:12:27.291 +0300
"114265fbbd12eef28cca19fc11278cc4",Город у моря,Новороссийск,Новороссийск м.о.,Комфорт,ВКБ-Новостройки,2026-03-19,квартира,10,57.54,9052000.00,157316.65,С отделкой,ФЛ,Ипотека,Кубань Кредит,0,2026-06-18 11:12:27.291 +0300
cd60148b427a937b07d16ed3aa02db46,Алеан Селект Агой / Alean Select Agoy,Агой с.,Туапсинский м.о.,Комфорт,Метрикс Develoрment,2026-03-19,апартаменты,5,33.10,19800020.00,598187.92,С отделкой и мебелью,ФЛ,Нет,,0,2026-06-18 11:12:27.291 +0300
e7435571144b9a3d7cd4ab24dd71543f,На Высоком берегу,Анапа,Анапа м.о.,Бизнес,ССК,2026-03-19,квартира,7,36.30,10164000.00,280000.00,Под чистовую,ФЛ,Нет,,0,2026-06-18 11:12:27.291 +0300
e7435571144b9a3d7cd4ab24dd71543f,На Высоком берегу,Анапа,Анапа м.о.,Бизнес,ССК,2026-03-19,квартира,11,53.35,14137750.00,265000.00,Под чистовую,ФЛ,Ипотека,ПАО Совкомбанк,0,2026-06-18 11:12:27.291 +0300
"114265fbbd12eef28cca19fc11278cc4",Город у моря,Новороссийск,Новороссийск м.о.,Комфорт,ВКБ-Новостройки,2026-03-19,квартира,3,47.15,8307000.00,176182.40,С отделкой,ФЛ,Ипотека,ПАО Сбербанк России,0,2026-06-18 11:12:27.291 +0300
"2be7f950954f9f0b079ca01c72d39a42",Морская Горгиппия,Анапа,Анапа м.о.,Эконом,ОБД-Инвест,2026-03-19,квартира,2,37.65,6917622.00,183735.00,Под чистовую,ФЛ,Ипотека,ПАО Сбербанк России,0,2026-06-18 11:12:27.291 +0300
"2be7f950954f9f0b079ca01c72d39a42",Морская Горгиппия,Анапа,Анапа м.о.,Эконом,ОБД-Инвест,2026-03-19,квартира,11,58.89,9061698.00,153875.00,Под чистовую,ФЛ,Нет,,0,2026-06-18 11:12:27.291 +0300
"2be7f950954f9f0b079ca01c72d39a42",Морская Горгиппия,Анапа,Анапа м.о.,Эконом,ОБД-Инвест,2026-03-19,квартира,12,58.89,9061698.00,153875.00,Под чистовую,ФЛ,Нет,,0,2026-06-18 11:12:27.291 +0300
"83e4b77e4c81fe02646c0317f082a5b3",Эден / Eden Family Hotel,Анапа,Анапа м.о.,Комфорт,Развитие,2026-03-19,апартаменты,3,30.20,10799520.00,357600.00,С отделкой и мебелью,ФЛ,Нет,,0,2026-06-18 11:12:27.291 +0300
"95f1de2b556858c9cfd19ec123edd090",Космос Черное море Риверта Отель / Cosmos Black Sea Riverta Hotel,Пляхо с.,Туапсинский м.о.,Премиум,Тренд-групп,2026-03-19,апартаменты,7,33.60,18480000.00,550000.00,С отделкой и мебелью,ФЛ,Нет,,0,2026-06-18 11:12:27.291 +0300
"018074db013670b10cd1d3367521d2a2",Барса,Новороссийск,Новороссийск м.о.,Бизнес,Точно,2026-03-19,квартира,15,58.50,12867000.00,219948.72,Под чистовую и отделка как доп. опция,ФЛ,Ипотека,ПАО Сбербанк России,0,2026-06-18 11:12:27.291 +0300
c2600c4dfa1b97ac0b7b06040e1ddaec,Порто-Ново,Новороссийск,Новороссийск м.о.,Комфорт,DOGMA,2026-03-19,квартира,17,46.60,9352620.00,200700.00,"Под чистовую, отделка как доп. опция",ФЛ,Ипотека,ПАО Сбербанк России,0,2026-06-18 11:12:27.291 +0300
c2600c4dfa1b97ac0b7b06040e1ddaec,Порто-Ново,Новороссийск,Новороссийск м.о.,Комфорт,DOGMA,2026-03-19,квартира,7,60.20,7627601.00,123624.00,"Под чистовую, отделка как доп. опция",ФЛ,Нет,,0,2026-06-18 11:12:27.291 +0300
c2600c4dfa1b97ac0b7b06040e1ddaec,Порто-Ново,Новороссийск,Новороссийск м.о.,Комфорт,DOGMA,2026-03-19,квартира,4,67.50,10982250.00,162700.00,"Под чистовую, отделка как доп. опция",ФЛ,Ипотека,ПАО Сбербанк России,360,2026-06-18 11:12:27.291 +0300
bcd90c1f7a745d86700f5d01f8ea550c,Кипарис,Сукко с.,Анапа м.о.,Комфорт,Bravo,2026-03-19,квартира,2,34.50,9625500.00,279000.00,С отделкой,ФЛ,Ипотека,АО Альфа-Банк,114,2026-06-18 11:12:27.291 +0300
bcd90c1f7a745d86700f5d01f8ea550c,Кипарис,Сукко с.,Анапа м.о.,Комфорт,Bravo,2026-03-19,квартира,5,34.80,9810120.00,281900.00,С отделкой,ФЛ,Нет,,0,2026-06-18 11:12:27.291 +0300
bcd90c1f7a745d86700f5d01f8ea550c,Кипарис,Сукко с.,Анапа м.о.,Комфорт,Bravo,2026-03-19,квартира,5,42.40,11469200.00,270500.00,С отделкой,ФЛ,Ипотека,АО Альфа-Банк,228,2026-06-18 11:12:27.291 +0300
bcd90c1f7a745d86700f5d01f8ea550c,Кипарис,Сукко с.,Анапа м.о.,Комфорт,Bravo,2026-03-19,квартира,7,34.50,8452500.00,245000.00,С отделкой,ФЛ,Нет,,0,2026-06-18 11:12:27.291 +0300
"9aa8b842445a7cec2bd4d81e48bebc3a",Новая Волна / Volna Residences,Сочи,Сочи г.о.,Элитный,Nedvex,2026-03-19,апартаменты,1,31.33,51708000.00,1650430.90,Отделка как доп. опция,ФЛ,Нет,,0,2026-06-18 11:12:27.291 +0300
"508e2e152a644af269da402a71a52936",Облака,Новороссийск,Новороссийск м.о.,Комфорт,Неометрия,2026-03-19,квартира,18,39.00,8096160.00,200400.00,Без отделки,ФЛ,Ипотека,ПАО Сбербанк России,0,2026-06-18 11:12:27.291 +0300
"77bdd422e70b328c06a31923eddda80c",Агой-Парк,Агой с.,Туапсинский м.о.,Комфорт,АГОЙ-ПАРК,2026-03-20,квартира,2,35.96,8589945.00,238875.00,Отделка как доп. опция,ФЛ,Нет,,0,2026-06-18 11:12:27.291 +0300
"018074db013670b10cd1d3367521d2a2",Барса,Новороссийск,Новороссийск м.о.,Бизнес,Точно,2026-03-20,нежилое помещение,1,145.20,0.00,0.00,Под чистовую и отделка как доп. опция,ФЛ,Нет,,0,2026-06-18 11:12:27.291 +0300
"018074db013670b10cd1d3367521d2a2",Барса,Новороссийск,Новороссийск м.о.,Бизнес,Точно,2026-03-20,нежилое помещение,1,137.70,0.00,0.00,Под чистовую и отделка как доп. опция,ФЛ,Нет,,0,2026-06-18 11:12:27.291 +0300
c2600c4dfa1b97ac0b7b06040e1ddaec,Порто-Ново,Новороссийск,Новороссийск м.о.,Комфорт,DOGMA,2026-03-20,квартира,12,37.20,5785344.00,155520.00,"Под чистовую, отделка как доп. опция",ФЛ,Нет,,0,2026-06-18 11:12:27.291 +0300
ecdd2060c65010326879068843af8e13,Хозяин морей,Анапа,Анапа м.о.,Бизнес,Точно,2026-03-20,квартира,2,59.50,13127000.00,227504.33,Под чистовую и отделка как доп. опция,ФЛ,Нет,,0,2026-06-18 11:12:27.291 +0300
bcd90c1f7a745d86700f5d01f8ea550c,Кипарис,Сукко с.,Анапа м.о.,Комфорт,Bravo,2026-03-20,квартира,1,53.80,12562300.00,233500.00,С отделкой,ФЛ,Ипотека,АО Альфа-Банк,360,2026-06-18 11:12:27.291 +0300
bcd90c1f7a745d86700f5d01f8ea550c,Кипарис,Сукко с.,Анапа м.о.,Комфорт,Bravo,2026-03-20,квартира,3,53.90,12585650.00,233500.00,С отделкой,ФЛ,Ипотека,ПАО Совкомбанк,0,2026-06-18 11:12:27.291 +0300
bcd90c1f7a745d86700f5d01f8ea550c,Кипарис,Сукко с.,Анапа м.о.,Комфорт,Bravo,2026-03-20,квартира,4,42.40,11384400.00,268500.00,С отделкой,ФЛ,Ипотека,ПАО Банк ВТБ,338,2026-06-18 11:12:27.291 +0300
bcd90c1f7a745d86700f5d01f8ea550c,Кипарис,Сукко с.,Анапа м.о.,Комфорт,Bravo,2026-03-20,нежилое помещение,1,105.10,0.00,0.00,С отделкой,ФЛ,Нет,,0,2026-06-18 11:12:27.291 +0300
"114265fbbd12eef28cca19fc11278cc4",Город у моря,Новороссийск,Новороссийск м.о.,Комфорт,ВКБ-Новостройки,2026-03-20,квартира,7,57.54,9138000.00,158811.26,С отделкой,ФЛ,Ипотека,Кубань Кредит,280,2026-06-18 11:12:27.291 +0300
d83227169c3b10c28e16d938fe1747f2,Резиденция Морей,Новороссийск,Новороссийск м.о.,Бизнес,ССК,2026-03-20,квартира,5,41.55,9556500.00,230000.00,Под чистовую и с отделкой,ФЛ,Ипотека,ПАО Сбербанк России,0,2026-06-18 11:12:27.291 +0300
d83227169c3b10c28e16d938fe1747f2,Резиденция Морей,Новороссийск,Новороссийск м.о.,Бизнес,ССК,2026-03-20,квартира,3,43.09,9695250.00,225000.00,Под чистовую и с отделкой,ФЛ,Ипотека,АО Альфа-Банк,360,2026-06-18 11:12:27.291 +0300
e7435571144b9a3d7cd4ab24dd71543f,На Высоком берегу,Анапа,Анапа м.о.,Бизнес,ССК,2026-03-20,квартира,4,56.15,14599000.00,260000.00,Под чистовую,ФЛ,Ипотека,АО Альфа-Банк,0,2026-06-18 11:12:27.291 +0300
e7435571144b9a3d7cd4ab24dd71543f,На Высоком берегу,Анапа,Анапа м.о.,Бизнес,ССК,2026-03-20,квартира,5,57.85,12148500.00,210000.00,Под чистовую,ФЛ,Ипотека,ПАО Совкомбанк,0,2026-06-18 11:12:27.291 +0300
e7435571144b9a3d7cd4ab24dd71543f,На Высоком берегу,Анапа,Анапа м.о.,Бизнес,ССК,2026-03-20,квартира,5,37.80,10206000.00,270000.00,Под чистовую,ФЛ,Ипотека,ПАО Сбербанк России,0,2026-06-18 11:12:27.291 +0300
"2be7f950954f9f0b079ca01c72d39a42",Морская Горгиппия,Анапа,Анапа м.о.,Эконом,ОБД-Инвест,2026-03-20,квартира,7,58.89,9061698.00,153875.00,Под чистовую,ФЛ,Ипотека,ПАО Сбербанк России,0,2026-06-18 11:12:27.291 +0300
"9aa8b842445a7cec2bd4d81e48bebc3a",Новая Волна / Volna Residences,Сочи,Сочи г.о.,Элитный,Nedvex,2026-03-20,апартаменты,4,38.52,54704000.00,1420145.38,Отделка как доп. опция,ФЛ,Нет,,0,2026-06-18 11:12:27.291 +0300
"0fd8a9684833d1c7045dbb36bd3c14e2",Кислород,Сочи,Сочи г.о.,Бизнес,AVA Group,2026-03-20,квартира,5,64.03,19928568.00,301400.00,Без отделки,ФЛ,Ипотека,ПАО Сбербанк России,360,2026-06-18 11:12:27.291 +0300
c2600c4dfa1b97ac0b7b06040e1ddaec,Порто-Ново,Новороссийск,Новороссийск м.о.,Комфорт,DOGMA,2026-03-21,квартира,5,60.20,10371770.00,168100.00,"Под чистовую, отделка как доп. опция",ФЛ,Нет,,0,2026-06-18 11:12:27.291 +0300
ecdd2060c65010326879068843af8e13,Хозяин морей,Анапа,Анапа м.о.,Бизнес,Точно,2026-03-21,квартира,2,38.00,9296000.00,257506.93,Под чистовую и отделка как доп. опция,ФЛ,Ипотека,ПАО Сбербанк России,0,2026-06-18 11:12:27.291 +0300
d83227169c3b10c28e16d938fe1747f2,Резиденция Морей,Новороссийск,Новороссийск м.о.,Бизнес,ССК,2026-03-21,квартира,3,44.17,10954160.00,248000.00,Под чистовую и с отделкой,ФЛ,Ипотека,ПАО Сбербанк России,0,2026-06-18 11:12:27.291 +0300
"114265fbbd12eef28cca19fc11278cc4",Город у моря,Новороссийск,Новороссийск м.о.,Комфорт,ВКБ-Новостройки,2026-03-22,квартира,5,66.72,9555000.00,143210.43,С отделкой,ФЛ,Ипотека,ПАО Сбербанк России,360,2026-06-18 11:12:27.291 +0300
"9aa8b842445a7cec2bd4d81e48bebc3a",Новая Волна / Volna Residences,Сочи,Сочи г.о.,Элитный,Nedvex,2026-03-22,апартаменты,1,31.63,51346000.00,1623332.28,Отделка как доп. опция,ФЛ,Нет,,0,2026-06-18 11:12:27.291 +0300
d83227169c3b10c28e16d938fe1747f2,Резиденция Морей,Новороссийск,Новороссийск м.о.,Бизнес,ССК,2026-03-23,квартира,2,40.11,9225300.00,230000.00,Под чистовую и с отделкой,ФЛ,Ипотека,ПАО Сбербанк России,240,2026-06-18 11:12:27.291 +0300
d83227169c3b10c28e16d938fe1747f2,Резиденция Морей,Новороссийск,Новороссийск м.о.,Бизнес,ССК,2026-03-23,квартира,5,41.55,9556500.00,230000.00,Под чистовую и с отделкой,ФЛ,Ипотека,ПАО Сбербанк России,0,2026-06-18 11:12:27.291 +0300
e7435571144b9a3d7cd4ab24dd71543f,На Высоком берегу,Анапа,Анапа м.о.,Бизнес,ССК,2026-03-23,квартира,4,37.70,8294000.00,220000.00,Под чистовую,ФЛ,Нет,,0,2026-06-18 11:12:27.291 +0300
"83e4b77e4c81fe02646c0317f082a5b3",Эден / Eden Family Hotel,Анапа,Анапа м.о.,Комфорт,Развитие,2026-03-23,апартаменты,5,26.00,9283092.00,357042.00,С отделкой и мебелью,ФЛ,Нет,,0,2026-06-18 11:12:27.291 +0300
c2600c4dfa1b97ac0b7b06040e1ddaec,Порто-Ново,Новороссийск,Новороссийск м.о.,Комфорт,DOGMA,2026-03-23,квартира,9,36.20,7866260.00,217300.00,"Под чистовую, отделка как доп. опция",ФЛ,Ипотека,ПАО Сбербанк России,0,2026-06-18 11:12:27.291 +0300
fac27409f6adff29bbeb62313e70cb73,Каравелла Португалии,Дагомыс пгт.,Сочи г.о.,Комфорт,Мебельщик,2026-03-23,квартира,7,42.25,16210499.00,383680.47,Под чистовую,ФЛ,Ипотека,ПАО Сбербанк России,348,2026-06-18 11:12:27.291 +0300
ecdd2060c65010326879068843af8e13,Хозяин морей,Анапа,Анапа м.о.,Бизнес,Точно,2026-03-23,квартира,2,34.20,8332999.00,252515.15,Под чистовую и отделка как доп. опция,ФЛ,Ипотека,ПАО Сбербанк России,0,2026-06-18 11:12:27.291 +0300
"77bdd422e70b328c06a31923eddda80c",Агой-Парк,Агой с.,Туапсинский м.о.,Комфорт,АГОЙ-ПАРК,2026-03-23,квартира,9,65.84,17206875.00,262500.00,Отделка как доп. опция,ФЛ,Ипотека,Финансовая корпорация Открытие,360,2026-06-18 11:12:27.291 +0300
"018074db013670b10cd1d3367521d2a2",Барса,Новороссийск,Новороссийск м.о.,Бизнес,Точно,2026-03-23,квартира,10,57.07,11410000.00,206702.90,Под чистовую и отделка как доп. опция,ФЛ,Нет,,0,2026-06-18 11:12:27.291 +0300
"3b768d7a3423d87ca2500e86b3aa26e8",Мореград,Анапа,Анапа м.о.,Комфорт,ССК,2026-03-24,апартаменты,5,26.40,8844000.00,335000.00,С отделкой и мебелью,ФЛ,Ипотека,ПАО Совкомбанк,0,2026-06-18 11:12:27.291 +0300
e7435571144b9a3d7cd4ab24dd71543f,На Высоком берегу,Анапа,Анапа м.о.,Бизнес,ССК,2026-03-24,квартира,6,37.80,10206000.00,270000.00,Под чистовую,ФЛ,Нет,,0,2026-06-18 11:12:27.291 +0300
e7435571144b9a3d7cd4ab24dd71543f,На Высоком берегу,Анапа,Анапа м.о.,Бизнес,ССК,2026-03-24,квартира,6,37.70,10179000.00,270000.00,Под чистовую,ФЛ,Ипотека,ПАО Сбербанк России,0,2026-06-18 11:12:27.291 +0300
e7435571144b9a3d7cd4ab24dd71543f,На Высоком берегу,Анапа,Анапа м.о.,Бизнес,ССК,2026-03-24,квартира,3,49.05,12753000.00,260000.00,Под чистовую,ФЛ,Нет,,0,2026-06-18 11:12:27.291 +0300
e7435571144b9a3d7cd4ab24dd71543f,На Высоком берегу,Анапа,Анапа м.о.,Бизнес,ССК,2026-03-24,квартира,2,36.30,9801000.00,270000.00,Под чистовую,ФЛ,Ипотека,ПАО Сбербанк России,0,2026-06-18 11:12:27.291 +0300
"2be7f950954f9f0b079ca01c72d39a42",Морская Горгиппия,Анапа,Анапа м.о.,Эконом,ОБД-Инвест,2026-03-24,квартира,12,37.65,6917622.00,183735.00,Под чистовую,ФЛ,Ипотека,ПАО Сбербанк России,0,2026-06-18 11:12:27.291 +0300
"95f1de2b556858c9cfd19ec123edd090",Космос Черное море Риверта Отель / Cosmos Black Sea Riverta Hotel,Пляхо с.,Туапсинский м.о.,Премиум,Тренд-групп,2026-03-24,апартаменты,3,25.70,13621000.00,530000.00,С отделкой и мебелью,ФЛ,Нет,,0,2026-06-18 11:12:27.291 +0300
"95f1de2b556858c9cfd19ec123edd090",Космос Черное море Риверта Отель / Cosmos Black Sea Riverta Hotel,Пляхо с.,Туапсинский м.о.,Премиум,Тренд-групп,2026-03-24,апартаменты,3,27.30,14469000.00,530000.00,С отделкой и мебелью,ФЛ,Нет,,0,2026-06-18 11:12:27.291 +0300
"95f1de2b556858c9cfd19ec123edd090",Космос Черное море Риверта Отель / Cosmos Black Sea Riverta Hotel,Пляхо с.,Туапсинский м.о.,Премиум,Тренд-групп,2026-03-24,апартаменты,4,27.30,14605500.00,535000.00,С отделкой и мебелью,ФЛ,Нет,,0,2026-06-18 11:12:27.291 +0300
"937886a1c9205f225c86d9db67028971",Палаццо Де Агой / Гранд Отель Агой,Агой с.,Туапсинский м.о.,Бизнес+,ЯRus девелопмент,2026-03-24,апартаменты,2,30.00,33434610.00,1114487.00,С отделкой и мебелью,ФЛ,Нет,,0,2026-06-18 11:12:27.291 +0300
"937886a1c9205f225c86d9db67028971",Палаццо Де Агой / Гранд Отель Агой,Агой с.,Туапсинский м.о.,Бизнес+,ЯRus девелопмент,2026-03-24,апартаменты,2,29.30,32654469.00,1114487.00,С отделкой и мебелью,ФЛ,Нет,,0,2026-06-18 11:12:27.291 +0300
"937886a1c9205f225c86d9db67028971",Палаццо Де Агой / Гранд Отель Агой,Агой с.,Туапсинский м.о.,Бизнес+,ЯRus девелопмент,2026-03-24,апартаменты,2,30.00,33434610.00,1114487.00,С отделкой и мебелью,ФЛ,Нет,,0,2026-06-18 11:12:27.291 +0300
"937886a1c9205f225c86d9db67028971",Палаццо Де Агой / Гранд Отель Агой,Агой с.,Туапсинский м.о.,Бизнес+,ЯRus девелопмент,2026-03-24,апартаменты,2,30.90,34437648.00,1114487.00,С отделкой и мебелью,ФЛ,Нет,,0,2026-06-18 11:12:27.291 +0300
"018074db013670b10cd1d3367521d2a2",Барса,Новороссийск,Новороссийск м.о.,Бизнес,Точно,2026-03-24,квартира,9,62.30,13096405.00,220850.00,С отделкой,ФЛ,Ипотека,ПАО Сбербанк России,240,2026-06-18 11:12:27.291 +0300
ce10854bfb47343480564adf2f08a997,Фестивальный (Кропоткин),Кропоткин,Кропоткинский м.о.,Комфорт,Теплый дом,2026-03-24,квартира,3,76.70,6677400.00,93000.00,Без отделки,ФЛ,Ипотека,ПАО Сбербанк России,360,2026-06-18 11:12:27.291 +0300
ce10854bfb47343480564adf2f08a997,Фестивальный (Кропоткин),Кропоткин,Кропоткинский м.о.,Комфорт,Теплый дом,2026-03-24,квартира,5,42.80,4151600.00,97000.00,Без отделки,ФЛ,Ипотека,ПАО Сбербанк России,0,2026-06-18 11:12:27.291 +0300
c2600c4dfa1b97ac0b7b06040e1ddaec,Порто-Ново,Новороссийск,Новороссийск м.о.,Комфорт,DOGMA,2026-03-24,квартира,7,30.70,7757890.00,252700.00,"Под чистовую, отделка как доп. опция",ФЛ,Ипотека,ПАО Сбербанк России,0,2026-06-18 11:12:27.291 +0300
ecdd2060c65010326879068843af8e13,Хозяин морей,Анапа,Анапа м.о.,Бизнес,Точно,2026-03-24,квартира,2,49.20,11685000.00,237500.00,Под чистовую и отделка как доп. опция,ФЛ,Нет,,0,2026-06-18 11:12:27.291 +0300
ecdd2060c65010326879068843af8e13,Хозяин морей,Анапа,Анапа м.о.,Бизнес,Точно,2026-03-24,квартира,5,38.00,9296000.00,257506.93,Под чистовую и отделка как доп. опция,ФЛ,Ипотека,ПАО Сбербанк России,0,2026-06-18 11:12:27.291 +0300
cd60148b427a937b07d16ed3aa02db46,Алеан Селект Агой / Alean Select Agoy,Агой с.,Туапсинский м.о.,Комфорт,Метрикс Develoрment,2026-03-24,апартаменты,5,33.10,23881000.00,715000.00,С отделкой и мебелью,ФЛ,Нет,,0,2026-06-18 11:12:27.291 +0300
bcd90c1f7a745d86700f5d01f8ea550c,Кипарис,Сукко с.,Анапа м.о.,Комфорт,Bravo,2026-03-24,квартира,6,42.40,11469200.00,270500.00,С отделкой,ФЛ,Ипотека,ПАО Банк ВТБ,0,2026-06-18 11:12:27.291 +0300
bcd90c1f7a745d86700f5d01f8ea550c,Кипарис,Сукко с.,Анапа м.о.,Комфорт,Bravo,2026-03-24,квартира,6,42.40,11469200.00,270500.00,С отделкой,ФЛ,Ипотека,АО Альфа-Банк,0,2026-06-18 11:12:27.291 +0300
bcd90c1f7a745d86700f5d01f8ea550c,Кипарис,Сукко с.,Анапа м.о.,Комфорт,Bravo,2026-03-24,квартира,3,34.80,8456400.00,243000.00,С отделкой,ФЛ,Ипотека,ПАО Сбербанк России,360,2026-06-18 11:12:27.291 +0300
"018074db013670b10cd1d3367521d2a2",Барса,Новороссийск,Новороссийск м.о.,Бизнес,Точно,2026-03-25,квартира,3,35.80,10447000.00,311850.75,С отделкой,ФЛ,Ипотека,ПАО Сбербанк России,0,2026-06-18 11:12:27.291 +0300
"89f537fda6bcc1df310625c68de74f15",Корсаков,Анапа,Анапа м.о.,Комфорт,ССК,2026-03-25,апартаменты,8,29.83,11633700.00,390000.00,С отделкой и мебелью,ФЛ,Ипотека,АО Альфа-Банк,0,2026-06-18 11:12:27.291 +0300
c2600c4dfa1b97ac0b7b06040e1ddaec,Порто-Ново,Новороссийск,Новороссийск м.о.,Комфорт,DOGMA,2026-03-25,квартира,7,46.80,6715612.00,143496.00,"Под чистовую, отделка как доп. опция",ФЛ,Ипотека,ПАО Сбербанк России,0,2026-06-18 11:12:27.291 +0300
bcd90c1f7a745d86700f5d01f8ea550c,Кипарис,Сукко с.,Анапа м.о.,Комфорт,Bravo,2026-03-25,квартира,2,39.70,11175550.00,281500.00,С отделкой,ФЛ,Ипотека,АО Альфа-Банк,240,2026-06-18 11:12:27.291 +0300
bcd90c1f7a745d86700f5d01f8ea550c,Кипарис,Сукко с.,Анапа м.о.,Комфорт,Bravo,2026-03-25,квартира,7,52.50,12585650.00,233500.00,С отделкой,ФЛ,Ипотека,АО Альфа-Банк,0,2026-06-18 11:12:27.291 +0300
bcd90c1f7a745d86700f5d01f8ea550c,Кипарис,Сукко с.,Анапа м.о.,Комфорт,Bravo,2026-03-25,квартира,3,36.60,8893800.00,243000.00,С отделкой,ФЛ,Нет,,0,2026-06-18 11:12:27.291 +0300
"9aa8b842445a7cec2bd4d81e48bebc3a",Новая Волна / Volna Residences,Сочи,Сочи г.о.,Элитный,Nedvex,2026-03-25,апартаменты,3,30.79,45561000.00,1479733.68,Отделка как доп. опция,ФЛ,Ипотека,ПАО Сбербанк России,360,2026-06-18 11:12:27.291 +0300
c5fc682cef8e118ca6caaa2ddeaeb433,Sun Garden Hotel,Анапа,Анапа м.о.,Премиум,Развитие,2026-03-25,апартаменты,2,39.90,16758000.00,420000.00,С отделкой и мебелью,ФЛ,Нет,,0,2026-06-18 11:12:27.291 +0300
"3b768d7a3423d87ca2500e86b3aa26e8",Мореград,Анапа,Анапа м.о.,Комфорт,ССК,2026-03-25,апартаменты,2,24.00,8760000.00,365000.00,С отделкой и мебелью,ФЛ,Ипотека,АО Альфа-Банк,0,2026-06-18 11:12:27.291 +0300
e7435571144b9a3d7cd4ab24dd71543f,На Высоком берегу,Анапа,Анапа м.о.,Бизнес,ССК,2026-03-25,квартира,4,38.90,10503000.00,270000.00,Под чистовую,ФЛ,Ипотека,ПАО Совкомбанк,0,2026-06-18 11:12:27.291 +0300
e7435571144b9a3d7cd4ab24dd71543f,На Высоком берегу,Анапа,Анапа м.о.,Бизнес,ССК,2026-03-25,квартира,5,38.90,10503000.00,270000.00,Под чистовую,ФЛ,Ипотека,АО Альфа-Банк,0,2026-06-18 11:12:27.291 +0300
e7435571144b9a3d7cd4ab24dd71543f,На Высоком берегу,Анапа,Анапа м.о.,Бизнес,ССК,2026-03-25,квартира,3,37.80,10206000.00,270000.00,Под чистовую,ФЛ,Нет,,0,2026-06-18 11:12:27.291 +0300
e7435571144b9a3d7cd4ab24dd71543f,На Высоком берегу,Анапа,Анапа м.о.,Бизнес,ССК,2026-03-25,квартира,2,57.05,14833000.00,260000.00,Под чистовую,ФЛ,Ипотека,ПАО Совкомбанк,0,2026-06-18 11:12:27.291 +0300
e7435571144b9a3d7cd4ab24dd71543f,На Высоком берегу,Анапа,Анапа м.о.,Бизнес,ССК,2026-03-25,квартира,5,38.10,10287000.00,270000.00,Под чистовую,ФЛ,Ипотека,ПАО Сбербанк России,0,2026-06-18 11:12:27.291 +0300
e7435571144b9a3d7cd4ab24dd71543f,На Высоком берегу,Анапа,Анапа м.о.,Бизнес,ССК,2026-03-25,квартира,4,37.70,10179000.00,270000.00,Под чистовую,ФЛ,Ипотека,ПАО Совкомбанк,0,2026-06-18 11:12:27.291 +0300
"114265fbbd12eef28cca19fc11278cc4",Город у моря,Новороссийск,Новороссийск м.о.,Комфорт,ВКБ-Новостройки,2026-03-25,квартира,12,56.55,9354000.00,162565.17,С отделкой,ФЛ,Ипотека,ПАО Сбербанк России,0,2026-06-18 11:12:27.291 +0300
"2be7f950954f9f0b079ca01c72d39a42",Морская Горгиппия,Анапа,Анапа м.о.,Эконом,ОБД-Инвест,2026-03-25,квартира,5,58.89,9061698.00,153875.00,Под чистовую,ФЛ,Ипотека,ПАО Банк ВТБ,302,2026-06-18 11:12:27.291 +0300
"83e4b77e4c81fe02646c0317f082a5b3",Эден / Eden Family Hotel,Анапа,Анапа м.о.,Комфорт,Развитие,2026-03-25,апартаменты,5,24.00,8569008.00,357042.00,С отделкой и мебелью,ФЛ,Нет,,0,2026-06-18 11:12:27.291 +0300
d83227169c3b10c28e16d938fe1747f2,Резиденция Морей,Новороссийск,Новороссийск м.о.,Бизнес,ССК,2026-03-25,квартира,7,28.64,7160000.00,250000.00,"Под чистовую, отделка как доп. опция",ФЛ,Ипотека,АО Альфа-Банк,0,2026-06-18 11:12:27.291 +0300
d83227169c3b10c28e16d938fe1747f2,Резиденция Морей,Новороссийск,Новороссийск м.о.,Бизнес,ССК,2026-03-25,квартира,7,28.64,7160000.00,250000.00,"Под чистовую, отделка как доп. опция",ФЛ,Ипотека,АО Альфа-Банк,0,2026-06-18 11:12:27.291 +0300
d83227169c3b10c28e16d938fe1747f2,Резиденция Морей,Новороссийск,Новороссийск м.о.,Бизнес,ССК,2026-03-25,квартира,8,28.61,7152500.00,250000.00,"Под чистовую, отделка как доп. опция",ФЛ,Ипотека,ПАО Сбербанк России,360,2026-06-18 11:12:27.291 +0300
"5042878e7f641330ddc35e8454bfe92c",Парк,Сочи,Сочи г.о.,Бизнес+,Десо,2026-03-25,апартаменты,3,80.30,68255000.00,750000.00,"Под чистовую, с отделкой и мебелью",ФЛ,Нет,,0,2026-06-18 11:12:27.291 +0300
"0fd8a9684833d1c7045dbb36bd3c14e2",Кислород,Сочи,Сочи г.о.,Бизнес,AVA Group,2026-03-25,квартира,7,37.19,15672602.00,410600.00,Без отделки,ФЛ,Ипотека,АО Альфа-Банк,240,2026-06-18 11:12:27.291 +0300
b9d92574715ea90ea054b9078964a5d8,Лестория,Сочи,Сочи г.о.,Бизнес-,Неометрия,2026-03-25,квартира,11,25.60,13497380.00,527241.41,Без отделки,ФЛ,Нет,,0,2026-06-18 11:12:27.291 +0300
"83e4b77e4c81fe02646c0317f082a5b3",Эден / Eden Family Hotel,Анапа,Анапа м.о.,Комфорт,Развитие,2026-03-25,апартаменты,5,31.50,8084191.00,256641.00,С отделкой и мебелью,ФЛ,Нет,,0,2026-06-18 11:12:27.291 +0300
"77bdd422e70b328c06a31923eddda80c",Агой-Парк,Агой с.,Туапсинский м.о.,Комфорт,АГОЙ-ПАРК,2026-03-26,квартира,3,35.02,10295880.00,294000.00,Отделка как доп. опция,ФЛ,Ипотека,Финансовая корпорация Открытие,360,2026-06-18 11:12:27.291 +0300
f158b53bd4c44a603ef7f54d61d1f267,Море тут,Голубицкая ст-ца,Темрюк м.о.,Бизнес,Каскад,2026-03-26,апартаменты,2,36.00,11880000.00,330000.00,"С отделкой, мебель как доп. опция",ФЛ,Нет,,0,2026-06-18 11:12:27.291 +0300
f158b53bd4c44a603ef7f54d61d1f267,Море тут,Голубицкая ст-ца,Темрюк м.о.,Бизнес,Каскад,2026-03-26,апартаменты,2,30.90,8961000.00,290000.00,"С отделкой, мебель как доп. опция",ФЛ,Нет,,0,2026-06-18 11:12:27.291 +0300
"89f537fda6bcc1df310625c68de74f15",Корсаков,Анапа,Анапа м.о.,Комфорт,ССК,2026-03-26,апартаменты,6,28.63,11520600.00,390000.00,С отделкой и мебелью,ФЛ,Ипотека,АО Альфа-Банк,0,2026-06-18 11:12:27.291 +0300
c2600c4dfa1b97ac0b7b06040e1ddaec,Порто-Ново,Новороссийск,Новороссийск м.о.,Комфорт,DOGMA,2026-03-26,квартира,11,65.90,10936250.00,162500.00,"Под чистовую, отделка как доп. опция",ФЛ,Нет,,0,2026-06-18 11:12:27.291 +0300
c2600c4dfa1b97ac0b7b06040e1ddaec,Порто-Ново,Новороссийск,Новороссийск м.о.,Комфорт,DOGMA,2026-03-26,квартира,9,48.40,10038160.00,207400.00,"Под чистовую, отделка как доп. опция",ФЛ,Ипотека,ПАО Совкомбанк,0,2026-06-18 11:12:27.291 +0300
c2600c4dfa1b97ac0b7b06040e1ddaec,Порто-Ново,Новороссийск,Новороссийск м.о.,Комфорт,DOGMA,2026-03-26,квартира,10,37.30,8265680.00,221600.00,"Под чистовую, отделка как доп. опция",ФЛ,Ипотека,ПАО Сбербанк России,360,2026-06-18 11:12:27.291 +0300
bcd90c1f7a745d86700f5d01f8ea550c,Кипарис,Сукко с.,Анапа м.о.,Комфорт,Bravo,2026-03-26,квартира,6,51.70,12071950.00,233500.00,С отделкой,ФЛ,Ипотека,ПАО Совкомбанк,0,2026-06-18 11:12:27.291 +0300
bcd90c1f7a745d86700f5d01f8ea550c,Кипарис,Сукко с.,Анапа м.о.,Комфорт,Bravo,2026-03-26,квартира,6,39.50,11198250.00,283500.00,С отделкой,ФЛ,Ипотека,АО Альфа-Банк,360,2026-06-18 11:12:27.291 +0300
bcd90c1f7a745d86700f5d01f8ea550c,Кипарис,Сукко с.,Анапа м.о.,Комфорт,Bravo,2026-03-26,квартира,8,35.10,8599500.00,245000.00,С отделкой,ФЛ,Ипотека,ПАО Сбербанк России,0,2026-06-18 11:12:27.291 +0300
c2600c4dfa1b97ac0b7b06040e1ddaec,Порто-Ново,Новороссийск,Новороссийск м.о.,Комфорт,DOGMA,2026-03-26,квартира,18,37.20,7440000.00,200000.00,"Под чистовую, отделка как доп. опция",ФЛ,Нет,,0,2026-06-18 11:12:27.291 +0300
d83227169c3b10c28e16d938fe1747f2,Резиденция Морей,Новороссийск,Новороссийск м.о.,Бизнес,ССК,2026-03-26,квартира,8,45.30,10067925.00,222250.00,Под чистовую и с отделкой,ФЛ,Нет,,0,2026-06-18 11:12:27.291 +0300
d83227169c3b10c28e16d938fe1747f2,Резиденция Морей,Новороссийск,Новороссийск м.о.,Бизнес,ССК,2026-03-26,квартира,4,29.14,7285000.00,250000.00,"Под чистовую, отделка как доп. опция",ФЛ,Ипотека,ПАО Сбербанк России,360,2026-06-18 11:12:27.291 +0300
"3b768d7a3423d87ca2500e86b3aa26e8",Мореград,Анапа,Анапа м.о.,Комфорт,ССК,2026-03-26,апартаменты,5,24.10,8796500.00,365000.00,С отделкой и мебелью,ФЛ,Нет,,0,2026-06-18 11:12:27.291 +0300
e7435571144b9a3d7cd4ab24dd71543f,На Высоком берегу,Анапа,Анапа м.о.,Бизнес,ССК,2026-03-26,квартира,6,32.45,9410500.00,290000.00,Под чистовую,ФЛ,Ипотека,ПАО Сбербанк России,360,2026-06-18 11:12:27.291 +0300
"114265fbbd12eef28cca19fc11278cc4",Город у моря,Новороссийск,Новороссийск м.о.,Комфорт,ВКБ-Новостройки,2026-03-26,квартира,14,37.82,7218000.00,186222.91,С отделкой,ФЛ,Ипотека,ПАО Сбербанк России,0,2026-06-18 11:12:27.291 +0300
"114265fbbd12eef28cca19fc11278cc4",Город у моря,Новороссийск,Новороссийск м.о.,Комфорт,ВКБ-Новостройки,2026-03-26,квартира,13,57.54,9362000.00,162704.21,С отделкой,ФЛ,Ипотека,Кубань Кредит,0,2026-06-18 11:12:27.291 +0300
"2be7f950954f9f0b079ca01c72d39a42",Морская Горгиппия,Анапа,Анапа м.о.,Эконом,ОБД-Инвест,2026-03-26,квартира,15,58.89,9061698.00,153875.00,Под чистовую,ФЛ,Ипотека,ПАО Сбербанк России,0,2026-06-18 11:12:27.291 +0300
"95f1de2b556858c9cfd19ec123edd090",Космос Черное море Риверта Отель / Cosmos Black Sea Riverta Hotel,Пляхо с.,Туапсинский м.о.,Премиум,Тренд-групп,2026-03-26,апартаменты,5,25.70,13878000.00,540000.00,С отделкой и мебелью,ФЛ,Ипотека,ПАО Сбербанк России,0,2026-06-18 11:12:27.291 +0300
d83227169c3b10c28e16d938fe1747f2,Резиденция Морей,Новороссийск,Новороссийск м.о.,Бизнес,ССК,2026-03-26,квартира,10,28.24,7060000.00,250000.00,"Под чистовую, отделка как доп. опция",ФЛ,Ипотека,ПАО Сбербанк России,0,2026-06-18 11:12:27.291 +0300
"114265fbbd12eef28cca19fc11278cc4",Город у моря,Новороссийск,Новороссийск м.о.,Комфорт,ВКБ-Новостройки,2026-03-27,квартира,7,57.54,9138000.00,158811.26,С отделкой,ФЛ,Ипотека,ПАО Банк ВТБ,362,2026-06-18 11:12:27.291 +0300
d83227169c3b10c28e16d938fe1747f2,Резиденция Морей,Новороссийск,Новороссийск м.о.,Бизнес,ССК,2026-03-27,квартира,9,41.56,9766600.00,235000.00,Под чистовую и с отделкой,ФЛ,Ипотека,ПАО Сбербанк России,360,2026-06-18 11:12:27.291 +0300
d83227169c3b10c28e16d938fe1747f2,Резиденция Морей,Новороссийск,Новороссийск м.о.,Бизнес,ССК,2026-03-27,квартира,8,26.82,6705000.00,250000.00,Под чистовую и с отделкой,ФЛ,Ипотека,ПАО Сбербанк России,0,2026-06-18 11:12:27.291 +0300
e7435571144b9a3d7cd4ab24dd71543f,На Высоком берегу,Анапа,Анапа м.о.,Бизнес,ССК,2026-03-27,квартира,6,53.05,13793000.00,260000.00,Под чистовую,ФЛ,Ипотека,АО Альфа-Банк,0,2026-06-18 11:12:27.291 +0300
"114265fbbd12eef28cca19fc11278cc4",Город у моря,Новороссийск,Новороссийск м.о.,Комфорт,ВКБ-Новостройки,2026-03-27,квартира,2,38.81,7266000.00,187219.79,С отделкой,ФЛ,Нет,,0,2026-06-18 11:12:27.291 +0300
"114265fbbd12eef28cca19fc11278cc4",Город у моря,Новороссийск,Новороссийск м.о.,Комфорт,ВКБ-Новостройки,2026-03-27,квартира,9,65.09,9760000.00,146414.64,С отделкой,ФЛ,Ипотека,Кубань Кредит,0,2026-06-18 11:12:27.291 +0300
"2be7f950954f9f0b079ca01c72d39a42",Морская Горгиппия,Анапа,Анапа м.о.,Эконом,ОБД-Инвест,2026-03-27,квартира,3,58.77,11261460.00,191619.20,Под чистовую,ФЛ,Ипотека,ПАО Сбербанк России,0,2026-06-18 11:12:27.291 +0300
"83e4b77e4c81fe02646c0317f082a5b3",Эден / Eden Family Hotel,Анапа,Анапа м.о.,Комфорт,Развитие,2026-03-27,апартаменты,5,24.00,8569008.00,357042.00,С отделкой и мебелью,ФЛ,Нет,,0,2026-06-18 11:12:27.291 +0300
"83e4b77e4c81fe02646c0317f082a5b3",Эден / Eden Family Hotel,Анапа,Анапа м.о.,Комфорт,Развитие,2026-03-27,апартаменты,4,24.00,9283092.00,357042.00,С отделкой и мебелью,ФЛ,Нет,,0,2026-06-18 11:12:27.291 +0300
"95f1de2b556858c9cfd19ec123edd090",Космос Черное море Риверта Отель / Cosmos Black Sea Riverta Hotel,Пляхо с.,Туапсинский м.о.,Премиум,Тренд-групп,2026-03-27,апартаменты,3,25.60,13568000.00,530000.00,С отделкой и мебелью,ФЛ,Нет,,0,2026-06-18 11:12:27.291 +0300
c5fc682cef8e118ca6caaa2ddeaeb433,Sun Garden Hotel,Анапа,Анапа м.о.,Премиум,Развитие,2026-03-27,апартаменты,2,26.50,14893000.00,562000.00,С отделкой и мебелью,ФЛ,Ипотека,ПАО Сбербанк России,240,2026-06-18 11:12:27.291 +0300
"5338417a484eca51d14d28b59e51946f",История-3,Южный п.,Динской м.о.,Комфорт,НВМ,2026-03-27,квартира,4,23.24,4820400.00,195000.00,Под чистовую,ФЛ,Ипотека,АО Альфа-Банк,360,2026-06-18 11:12:27.291 +0300
c2600c4dfa1b97ac0b7b06040e1ddaec,Порто-Ново,Новороссийск,Новороссийск м.о.,Комфорт,DOGMA,2026-03-27,квартира,15,20.90,3955032.00,189236.00,"Под чистовую, отделка как доп. опция",ФЛ,Ипотека,ПАО Сбербанк России,0,2026-06-18 11:12:27.291 +0300
c2600c4dfa1b97ac0b7b06040e1ddaec,Порто-Ново,Новороссийск,Новороссийск м.о.,Комфорт,DOGMA,2026-03-27,квартира,15,20.90,6746520.00,322800.00,"Под чистовую, отделка как доп. опция",ФЛ,Ипотека,ПАО Сбербанк России,0,2026-06-18 11:12:27.291 +0300
cd60148b427a937b07d16ed3aa02db46,Алеан Селект Агой / Alean Select Agoy,Агой с.,Туапсинский м.о.,Комфорт,Метрикс Develoрment,2026-03-27,апартаменты,5,33.40,24048000.00,720000.00,С отделкой и мебелью,ФЛ,Нет,,0,2026-06-18 11:12:27.291 +0300
cd60148b427a937b07d16ed3aa02db46,Алеан Селект Агой / Alean Select Agoy,Агой с.,Туапсинский м.о.,Комфорт,Метрикс Develoрment,2026-03-27,апартаменты,4,36.30,24865500.00,685000.00,С отделкой и мебелью,ФЛ,Нет,,0,2026-06-18 11:12:27.291 +0300
bcd90c1f7a745d86700f5d01f8ea550c,Кипарис,Сукко с.,Анапа м.о.,Комфорт,Bravo,2026-03-27,квартира,6,51.60,12048600.00,233500.00,С отделкой,ФЛ,Ипотека,АО Альфа-Банк,0,2026-06-18 11:12:27.291 +0300
bcd90c1f7a745d86700f5d01f8ea550c,Кипарис,Сукко с.,Анапа м.о.,Комфорт,Bravo,2026-03-27,квартира,7,37.30,9138500.00,245000.00,С отделкой,ФЛ,Ипотека,ПАО Сбербанк России,0,2026-06-18 11:12:27.291 +0300
c5fc682cef8e118ca6caaa2ddeaeb433,Sun Garden Hotel,Анапа,Анапа м.о.,Премиум,Развитие,2026-03-27,апартаменты,2,53.00,21836000.00,412000.00,С отделкой и мебелью,ФЛ,Нет,,0,2026-06-18 11:12:27.291 +0300
b9d92574715ea90ea054b9078964a5d8,Лестория,Сочи,Сочи г.о.,Бизнес-,Неометрия,2026-03-27,квартира,3,35.60,15832700.00,444738.76,Под чистовую и с отделкой,ФЛ,Ипотека,ПАО Совкомбанк,359,2026-06-18 11:12:27.291 +0300
"89f537fda6bcc1df310625c68de74f15",Корсаков,Анапа,Анапа м.о.,Комфорт,ССК,2026-03-28,апартаменты,5,28.63,11165700.00,390000.00,С отделкой и мебелью,ФЛ,Ипотека,АО Альфа-Банк,0,2026-06-18 11:12:27.291 +0300
c2600c4dfa1b97ac0b7b06040e1ddaec,Порто-Ново,Новороссийск,Новороссийск м.о.,Комфорт,DOGMA,2026-03-28,квартира,9,57.60,7100005.00,123263.99,"Под чистовую, отделка как доп. опция",ФЛ,Нет,,0,2026-06-18 11:12:27.291 +0300
c2600c4dfa1b97ac0b7b06040e1ddaec,Порто-Ново,Новороссийск,Новороссийск м.о.,Комфорт,DOGMA,2026-03-28,квартира,12,45.10,9045060.00,194100.00,"Под чистовую, отделка как доп. опция",ФЛ,Ипотека,ПАО Сбербанк России,0,2026-06-18 11:12:27.291 +0300
c2600c4dfa1b97ac0b7b06040e1ddaec,Порто-Ново,Новороссийск,Новороссийск м.о.,Комфорт,DOGMA,2026-03-28,квартира,6,67.50,11063250.00,163900.00,"Под чистовую, отделка как доп. опция",ФЛ,Ипотека,ПАО Сбербанк России,360,2026-06-18 11:12:27.291 +0300
"508e2e152a644af269da402a71a52936",Облака,Новороссийск,Новороссийск м.о.,Комфорт,Неометрия,2026-03-28,квартира,11,69.50,12235825.00,168770.00,Без отделки,ФЛ,Ипотека,ПАО Сбербанк России,360,2026-06-18 11:12:27.291 +0300
"83e4b77e4c81fe02646c0317f082a5b3",Эден / Eden Family Hotel,Анапа,Анапа м.о.,Комфорт,Развитие,2026-03-28,апартаменты,2,53.60,13185613.00,243276.99,С отделкой и мебелью,ФЛ,Ипотека,ПАО Сбербанк России,0,2026-06-18 11:12:27.291 +0300
c2600c4dfa1b97ac0b7b06040e1ddaec,Порто-Ново,Новороссийск,Новороссийск м.о.,Комфорт,DOGMA,2026-03-29,квартира,5,67.50,11043000.00,163600.00,"Под чистовую, отделка как доп. опция",ФЛ,Ипотека,ПАО Сбербанк России,0,2026-06-18 11:12:27.291 +0300
c2600c4dfa1b97ac0b7b06040e1ddaec,Порто-Ново,Новороссийск,Новороссийск м.о.,Комфорт,DOGMA,2026-03-29,квартира,9,46.80,9336600.00,199500.00,"Под чистовую, отделка как доп. опция",ФЛ,Нет,,0,2026-06-18 11:12:27.291 +0300
"9f774747a88c96336616fc5165908dba",Sun Hills Olginka,Ольгинка с.,Туапсинский м.о.,Комфорт,Метрикс Develoрment,2026-03-30,квартира,9,17.76,6364296.00,358350.00,Под чистовую,ФЛ,Ипотека,ПАО Банк ВТБ,362,2026-06-18 11:12:27.291 +0300
"9f774747a88c96336616fc5165908dba",Sun Hills Olginka,Ольгинка с.,Туапсинский м.о.,Комфорт,Метрикс Develoрment,2026-03-30,квартира,11,26.37,8201070.00,311000.00,Под чистовую,ФЛ,Нет,,0,2026-06-18 11:12:27.291 +0300
"9f774747a88c96336616fc5165908dba",Sun Hills Olginka,Ольгинка с.,Туапсинский м.о.,Комфорт,Метрикс Develoрment,2026-03-30,квартира,12,16.96,6275200.00,370000.00,Под чистовую,ФЛ,Ипотека,АО Альфа-Банк,360,2026-06-18 11:12:27.291 +0300
ecdd2060c65010326879068843af8e13,Хозяин морей,Анапа,Анапа м.о.,Бизнес,Точно,2026-03-30,квартира,2,38.00,9296000.00,257506.93,Под чистовую и отделка как доп. опция,ФЛ,Ипотека,ПАО Сбербанк России,0,2026-06-18 11:12:27.291 +0300
bcd90c1f7a745d86700f5d01f8ea550c,Кипарис,Сукко с.,Анапа м.о.,Комфорт,Bravo,2026-03-30,квартира,7,42.40,11554000.00,272500.00,С отделкой,ФЛ,Ипотека,ПАО Сбербанк России,0,2026-06-18 11:12:27.291 +0300
bcd90c1f7a745d86700f5d01f8ea550c,Кипарис,Сукко с.,Анапа м.о.,Комфорт,Bravo,2026-03-30,квартира,5,34.80,9778800.00,281000.00,С отделкой,ФЛ,Ипотека,ПАО Совкомбанк,0,2026-06-18 11:12:27.291 +0300
bcd90c1f7a745d86700f5d01f8ea550c,Кипарис,Сукко с.,Анапа м.о.,Комфорт,Bravo,2026-03-30,квартира,3,35.20,8553600.00,243000.00,С отделкой,ФЛ,Нет,,0,2026-06-18 11:12:27.291 +0300
bcd90c1f7a745d86700f5d01f8ea550c,Кипарис,Сукко с.,Анапа м.о.,Комфорт,Bravo,2026-03-30,квартира,4,34.50,8383500.00,243000.00,С отделкой,ФЛ,Нет,,0,2026-06-18 11:12:27.291 +0300
bcd90c1f7a745d86700f5d01f8ea550c,Кипарис,Сукко с.,Анапа м.о.,Комфорт,Bravo,2026-03-30,квартира,7,54.70,12745100.00,233000.00,С отделкой,ФЛ,Нет,,0,2026-06-18 11:12:27.291 +0300
bcd90c1f7a745d86700f5d01f8ea550c,Кипарис,Сукко с.,Анапа м.о.,Комфорт,Bravo,2026-03-30,квартира,4,38.70,9210600.00,238000.00,С отделкой,ФЛ,Ипотека,ПАО Сбербанк России,0,2026-06-18 11:12:27.291 +0300
"114265fbbd12eef28cca19fc11278cc4",Город у моря,Новороссийск,Новороссийск м.о.,Комфорт,ВКБ-Новостройки,2026-03-30,квартира,12,83.39,10474000.00,121847.37,С отделкой,ФЛ,Ипотека,ПАО Сбербанк России,360,2026-06-18 11:12:27.291 +0300
"3b768d7a3423d87ca2500e86b3aa26e8",Мореград,Анапа,Анапа м.о.,Комфорт,ССК,2026-03-30,апартаменты,2,48.70,15194400.00,312000.00,С отделкой и мебелью,ФЛ,Ипотека,АО Альфа-Банк,0,2026-06-18 11:12:27.291 +0300
d83227169c3b10c28e16d938fe1747f2,Резиденция Морей,Новороссийск,Новороссийск м.о.,Бизнес,ССК,2026-03-30,квартира,6,28.61,7152500.00,250000.00,"Под чистовую, отделка как доп. опция",ФЛ,Ипотека,ПАО Совкомбанк,0,2026-06-18 11:12:27.291 +0300
e7435571144b9a3d7cd4ab24dd71543f,На Высоком берегу,Анапа,Анапа м.о.,Бизнес,ССК,2026-03-30,квартира,3,57.60,14976000.00,260000.00,Под чистовую,ФЛ,Ипотека,ПАО Сбербанк России,360,2026-06-18 11:12:27.291 +0300
e7435571144b9a3d7cd4ab24dd71543f,На Высоком берегу,Анапа,Анапа м.о.,Бизнес,ССК,2026-03-30,квартира,3,38.10,8382000.00,220000.00,Под чистовую,ФЛ,Ипотека,ПАО Сбербанк России,0,2026-06-18 11:12:27.291 +0300
e7435571144b9a3d7cd4ab24dd71543f,На Высоком берегу,Анапа,Анапа м.о.,Бизнес,ССК,2026-03-30,квартира,6,37.80,10206000.00,270000.00,Под чистовую,ФЛ,Ипотека,АО Альфа-Банк,0,2026-06-18 11:12:27.291 +0300
e7435571144b9a3d7cd4ab24dd71543f,На Высоком берегу,Анапа,Анапа м.о.,Бизнес,ССК,2026-03-30,квартира,2,38.90,8558000.00,220000.00,Под чистовую,ФЛ,Ипотека,ПАО Сбербанк России,360,2026-06-18 11:12:27.291 +0300
e7435571144b9a3d7cd4ab24dd71543f,На Высоком берегу,Анапа,Анапа м.о.,Бизнес,ССК,2026-03-30,квартира,5,53.35,13871000.00,260000.00,Под чистовую,ФЛ,Ипотека,АО Альфа-Банк,0,2026-06-18 11:12:27.291 +0300
e7435571144b9a3d7cd4ab24dd71543f,На Высоком берегу,Анапа,Анапа м.о.,Бизнес,ССК,2026-03-30,квартира,10,57.05,15118250.00,265000.00,Под чистовую,ФЛ,Ипотека,АО Альфа-Банк,240,2026-06-18 11:12:27.291 +0300
e7435571144b9a3d7cd4ab24dd71543f,На Высоком берегу,Анапа,Анапа м.о.,Бизнес,ССК,2026-03-30,квартира,3,37.80,10206000.00,270000.00,Под чистовую,ФЛ,Ипотека,ПАО Сбербанк России,360,2026-06-18 11:12:27.291 +0300
"114265fbbd12eef28cca19fc11278cc4",Город у моря,Новороссийск,Новороссийск м.о.,Комфорт,ВКБ-Новостройки,2026-03-30,квартира,15,37.82,7136000.00,184107.33,С отделкой,ФЛ,Ипотека,Кубань Кредит,0,2026-06-18 11:12:27.291 +0300
"114265fbbd12eef28cca19fc11278cc4",Город у моря,Новороссийск,Новороссийск м.о.,Комфорт,ВКБ-Новостройки,2026-03-30,квартира,16,38.81,7464000.00,192321.57,С отделкой,ФЛ,Ипотека,ПАО Сбербанк России,0,2026-06-18 11:12:27.291 +0300
e6633db8b4c0466143c3ba2ad76172f0,Лучи,Анапа,Анапа м.о.,Комфорт,ADM group / Вертикаль,2026-03-30,апартаменты,2,33.40,17935800.00,537000.00,С отделкой и мебелью,ФЛ,Нет,,0,2026-06-18 11:12:27.291 +0300
"83e4b77e4c81fe02646c0317f082a5b3",Эден / Eden Family Hotel,Анапа,Анапа м.о.,Комфорт,Развитие,2026-03-30,апартаменты,5,25.90,9247387.00,357042.00,С отделкой и мебелью,ФЛ,Нет,,0,2026-06-18 11:12:27.291 +0300
"83e4b77e4c81fe02646c0317f082a5b3",Эден / Eden Family Hotel,Анапа,Анапа м.о.,Комфорт,Развитие,2026-03-30,апартаменты,2,26.00,9283092.00,357042.00,С отделкой и мебелью,ФЛ,Нет,,0,2026-06-18 11:12:27.291 +0300
"95f1de2b556858c9cfd19ec123edd090",Космос Черное море Риверта Отель / Cosmos Black Sea Riverta Hotel,Пляхо с.,Туапсинский м.о.,Премиум,Тренд-групп,2026-03-30,нежилое помещение,3,30.90,0.00,0.00,С отделкой и мебелью,ЮЛ,Нет,,0,2026-06-18 11:12:27.291 +0300
"95f1de2b556858c9cfd19ec123edd090",Космос Черное море Риверта Отель / Cosmos Black Sea Riverta Hotel,Пляхо с.,Туапсинский м.о.,Премиум,Тренд-групп,2026-03-30,апартаменты,4,25.70,13749500.00,535000.00,С отделкой и мебелью,ФЛ,Нет,,0,2026-06-18 11:12:27.291 +0300
d83227169c3b10c28e16d938fe1747f2,Резиденция Морей,Новороссийск,Новороссийск м.о.,Бизнес,ССК,2026-03-30,квартира,9,46.19,10623700.00,230000.00,"Под чистовую, отделка как доп. опция",ФЛ,Ипотека,АО Альфа-Банк,0,2026-06-18 11:12:27.291 +0300
d83227169c3b10c28e16d938fe1747f2,Резиденция Морей,Новороссийск,Новороссийск м.о.,Бизнес,ССК,2026-03-30,квартира,16,28.24,7060000.00,250000.00,"Под чистовую, отделка как доп. опция",ФЛ,Нет,,0,2026-06-18 11:12:27.291 +0300
"5338417a484eca51d14d28b59e51946f",История-3,Южный п.,Динской м.о.,Комфорт,НВМ,2026-03-30,квартира,5,52.05,9127800.00,165000.00,Под чистовую,ФЛ,Ипотека,ПАО Сбербанк России,360,2026-06-18 11:12:27.291 +0300
"9aa8b842445a7cec2bd4d81e48bebc3a",Новая Волна / Volna Residences,Сочи,Сочи г.о.,Элитный,Nedvex,2026-03-30,апартаменты,3,30.34,44100000.00,1453526.70,Отделка как доп. опция,ФЛ,Нет,,0,2026-06-18 11:12:27.291 +0300
"9aa8b842445a7cec2bd4d81e48bebc3a",Новая Волна / Volna Residences,Сочи,Сочи г.о.,Элитный,Nedvex,2026-03-30,апартаменты,3,30.79,43665000.00,1418155.25,Отделка как доп. опция,ФЛ,Нет,,0,2026-06-18 11:12:27.291 +0300
"0fd8a9684833d1c7045dbb36bd3c14e2",Кислород,Сочи,Сочи г.о.,Бизнес,AVA Group,2026-03-30,квартира,10,48.67,16766460.00,329400.00,Без отделки,ФЛ,Ипотека,АО Альфа-Банк,360,2026-06-18 11:12:27.291 +0300
"508e2e152a644af269da402a71a52936",Облака,Новороссийск,Новороссийск м.о.,Комфорт,Неометрия,2026-03-30,квартира,22,44.80,9875712.00,220440.00,Без отделки,ФЛ,Нет,,0,2026-06-18 11:12:27.291 +0300
b9d92574715ea90ea054b9078964a5d8,Лестория,Сочи,Сочи г.о.,Бизнес-,Неометрия,2026-03-30,квартира,6,28.60,12967634.00,453413.78,Без отделки,ФЛ,Ипотека,ПАО Совкомбанк,359,2026-06-18 11:12:27.291 +0300
"77bdd422e70b328c06a31923eddda80c",Агой-Парк,Агой с.,Туапсинский м.о.,Комфорт,АГОЙ-ПАРК,2026-03-30,квартира,2,35.67,8114925.00,227500.00,Отделка как доп. опция,ФЛ,Ипотека,Финансовая корпорация Открытие,336,2026-06-18 11:12:27.291 +0300
"77bdd422e70b328c06a31923eddda80c",Агой-Парк,Агой с.,Туапсинский м.о.,Комфорт,АГОЙ-ПАРК,2026-03-30,квартира,4,35.91,10557540.00,294000.00,Отделка как доп. опция,ФЛ,Ипотека,ПАО Сбербанк России,360,2026-06-18 11:12:27.291 +0300
c5fc682cef8e118ca6caaa2ddeaeb433,Sun Garden Hotel,Анапа,Анапа м.о.,Премиум,Развитие,2026-03-31,апартаменты,6,75.30,21611100.00,287000.00,С отделкой и мебелью,ФЛ,Нет,,0,2026-06-18 11:12:27.291 +0300
"114265fbbd12eef28cca19fc11278cc4",Город у моря,Новороссийск,Новороссийск м.о.,Комфорт,ВКБ-Новостройки,2026-03-31,квартира,1,83.39,10194000.00,118342.23,С отделкой,ФЛ,Ипотека,ПАО Сбербанк России,360,2026-06-18 11:12:27.291 +0300
d83227169c3b10c28e16d938fe1747f2,Резиденция Морей,Новороссийск,Новороссийск м.о.,Бизнес,ССК,2026-03-31,квартира,3,40.19,9243700.00,230000.00,Под чистовую и с отделкой,ФЛ,Ипотека,ПАО Сбербанк России,0,2026-06-18 11:12:27.291 +0300
d83227169c3b10c28e16d938fe1747f2,Резиденция Морей,Новороссийск,Новороссийск м.о.,Бизнес,ССК,2026-03-31,квартира,3,63.76,13147506.00,207800.00,"Под чистовую, отделка как доп. опция",ФЛ,Ипотека,АО Альфа-Банк,324,2026-06-18 11:12:27.291 +0300
d83227169c3b10c28e16d938fe1747f2,Резиденция Морей,Новороссийск,Новороссийск м.о.,Бизнес,ССК,2026-03-31,квартира,6,27.67,6897500.00,250000.00,Под чистовую и с отделкой,ФЛ,Ипотека,ПАО Банк ВТБ,362,2026-06-18 11:12:27.291 +0300
d83227169c3b10c28e16d938fe1747f2,Резиденция Морей,Новороссийск,Новороссийск м.о.,Бизнес,ССК,2026-03-31,квартира,5,29.35,6700000.00,250000.00,Под чистовую и с отделкой,ФЛ,Ипотека,АО Альфа-Банк,360,2026-06-18 11:12:27.291 +0300
"3b768d7a3423d87ca2500e86b3aa26e8",Мореград,Анапа,Анапа м.о.,Комфорт,ССК,2026-03-31,апартаменты,4,23.30,8504500.00,365000.00,С отделкой и мебелью,ФЛ,Ипотека,АО Альфа-Банк,0,2026-06-18 11:12:27.291 +0300
e7435571144b9a3d7cd4ab24dd71543f,На Высоком берегу,Анапа,Анапа м.о.,Бизнес,ССК,2026-03-31,квартира,3,57.85,12148500.00,210000.00,Под чистовую,ФЛ,Ипотека,АО Альфа-Банк,360,2026-06-18 11:12:27.291 +0300
e7435571144b9a3d7cd4ab24dd71543f,На Высоком берегу,Анапа,Анапа м.о.,Бизнес,ССК,2026-03-31,квартира,4,37.80,10206000.00,270000.00,Под чистовую,ФЛ,Ипотека,ПАО Сбербанк России,0,2026-06-18 11:12:27.291 +0300
e7435571144b9a3d7cd4ab24dd71543f,На Высоком берегу,Анапа,Анапа м.о.,Бизнес,ССК,2026-03-31,квартира,3,53.15,11161500.00,210000.00,Под чистовую,ФЛ,Ипотека,АО Альфа-Банк,0,2026-06-18 11:12:27.291 +0300
"2be7f950954f9f0b079ca01c72d39a42",Морская Горгиппия,Анапа,Анапа м.о.,Эконом,ОБД-Инвест,2026-03-31,квартира,6,58.77,11261460.00,191619.20,Под чистовую,ФЛ,Нет,,0,2026-06-18 11:12:27.291 +0300
"89f537fda6bcc1df310625c68de74f15",Корсаков,Анапа,Анапа м.о.,Комфорт,ССК,2026-03-31,апартаменты,2,29.83,11186250.00,375000.00,С отделкой и мебелью,ФЛ,Ипотека,АО Альфа-Банк,0,2026-06-18 11:12:27.291 +0300
"89f537fda6bcc1df310625c68de74f15",Корсаков,Анапа,Анапа м.о.,Комфорт,ССК,2026-03-31,апартаменты,5,29.83,11633700.00,390000.00,С отделкой и мебелью,ФЛ,Ипотека,АО Альфа-Банк,0,2026-06-18 11:12:27.291 +0300
"89f537fda6bcc1df310625c68de74f15",Корсаков,Анапа,Анапа м.о.,Комфорт,ССК,2026-03-31,апартаменты,8,31.41,12686700.00,390000.00,С отделкой и мебелью,ФЛ,Ипотека,АО Альфа-Банк,0,2026-06-18 11:12:27.291 +0300
"89f537fda6bcc1df310625c68de74f15",Корсаков,Анапа,Анапа м.о.,Комфорт,ССК,2026-03-31,апартаменты,8,28.63,11520600.00,390000.00,С отделкой и мебелью,ФЛ,Ипотека,ПАО Банк ВТБ,0,2026-06-18 11:12:27.291 +0300
"89f537fda6bcc1df310625c68de74f15",Корсаков,Анапа,Анапа м.о.,Комфорт,ССК,2026-03-31,апартаменты,8,31.40,12655500.00,390000.00,С отделкой и мебелью,ФЛ,Ипотека,АО Альфа-Банк,0,2026-06-18 11:12:27.291 +0300
"9f774747a88c96336616fc5165908dba",Sun Hills Olginka,Ольгинка с.,Туапсинский м.о.,Комфорт,Метрикс Develoрment,2026-03-31,квартира,3,25.45,7787700.00,306000.00,Под чистовую,ФЛ,Ипотека,ПАО Сбербанк России,360,2026-06-18 11:12:27.291 +0300
"9f774747a88c96336616fc5165908dba",Sun Hills Olginka,Ольгинка с.,Туапсинский м.о.,Комфорт,Метрикс Develoрment,2026-03-31,квартира,7,31.77,9221115.00,290245.99,Под чистовую,ФЛ,Ипотека,АО Альфа-Банк,216,2026-06-18 11:12:27.291 +0300
"9f774747a88c96336616fc5165908dba",Sun Hills Olginka,Ольгинка с.,Туапсинский м.о.,Комфорт,Метрикс Develoрment,2026-03-31,квартира,5,17.72,6118485.00,345286.99,Под чистовую,ФЛ,Ипотека,АО Альфа-Банк,348,2026-06-18 11:12:27.291 +0300
"9f774747a88c96336616fc5165908dba",Sun Hills Olginka,Ольгинка с.,Туапсинский м.о.,Комфорт,Метрикс Develoрment,2026-03-31,квартира,11,16.96,6275200.00,370000.00,Под чистовую,ФЛ,Ипотека,АО Альфа-Банк,348,2026-06-18 11:12:27.291 +0300
c2600c4dfa1b97ac0b7b06040e1ddaec,Порто-Ново,Новороссийск,Новороссийск м.о.,Комфорт,DOGMA,2026-03-31,квартира,9,20.00,6028000.00,301400.00,"Под чистовую, отделка как доп. опция",ФЛ,Ипотека,ПАО Сбербанк России,0,2026-06-18 11:12:27.291 +0300
ecdd2060c65010326879068843af8e13,Хозяин морей,Анапа,Анапа м.о.,Бизнес,Точно,2026-03-31,квартира,2,49.10,11136000.00,240000.00,Под чистовую и отделка как доп. опция,ФЛ,Ипотека,ПАО Сбербанк России,0,2026-06-18 11:12:27.291 +0300
bcd90c1f7a745d86700f5d01f8ea550c,Кипарис,Сукко с.,Анапа м.о.,Комфорт,Bravo,2026-03-31,квартира,2,42.40,11384400.00,268500.00,С отделкой,ФЛ,Ипотека,АО Альфа-Банк,0,2026-06-18 11:12:27.291 +0300
c2600c4dfa1b97ac0b7b06040e1ddaec,Порто-Ново,Новороссийск,Новороссийск м.о.,Комфорт,DOGMA,2026-03-31,квартира,8,37.50,7848712.00,209299.00,"Под чистовую, отделка как доп. опция",ФЛ,Ипотека,ПАО Сбербанк России,0,2026-06-18 11:12:27.291 +0300
b9d92574715ea90ea054b9078964a5d8,Лестория,Сочи,Сочи г.о.,Бизнес-,Неометрия,2026-03-31,квартира,4,30.70,14138922.00,460551.21,Под чистовую,ФЛ,Ипотека,ПАО Совкомбанк,359,2026-06-18 11:12:27.291 +0300
b9d92574715ea90ea054b9078964a5d8,Лестория,Сочи,Сочи г.о.,Бизнес-,Неометрия,2026-03-31,квартира,4,33.40,14875524.00,445374.97,Под чистовую,ФЛ,Ипотека,ПАО МОСКОВСКИЙ КРЕДИТНЫЙ БАНК,251,2026-06-18 11:12:27.291 +0300
"9aa8b842445a7cec2bd4d81e48bebc3a",Новая Волна / Volna Residences,Сочи,Сочи г.о.,Элитный,Nedvex,2026-03-31,апартаменты,4,30.34,44267000.00,1459030.98,Отделка как доп. опция,ФЛ,Нет,,0,2026-06-18 11:12:27.291 +0300
"9aa8b842445a7cec2bd4d81e48bebc3a",Новая Волна / Volna Residences,Сочи,Сочи г.о.,Элитный,Nedvex,2026-04-01,апартаменты,3,30.34,44113000.00,1453955.17,Отделка как доп. опция,ФЛ,Нет,,0,2026-06-18 11:12:27.291 +0300
"114265fbbd12eef28cca19fc11278cc4",Город у моря,Новороссийск,Новороссийск м.о.,Комфорт,ВКБ-Новостройки,2026-04-01,квартира,12,37.82,7312000.00,188405.05,С отделкой,ФЛ,Ипотека,АО АБ РОССИЯ,0,2026-06-18 11:12:27.291 +0300
"937886a1c9205f225c86d9db67028971",Палаццо Де Агой / Гранд Отель Агой,Агой с.,Туапсинский м.о.,Бизнес+,ЯRus девелопмент,2026-04-01,апартаменты,2,29.30,27835000.00,950000.00,С отделкой и мебелью,ФЛ,Нет,,0,2026-06-18 11:12:27.291 +0300
d83227169c3b10c28e16d938fe1747f2,Резиденция Морей,Новороссийск,Новороссийск м.о.,Бизнес,ССК,2026-04-01,квартира,6,27.80,6950000.00,250000.00,Под чистовую и с отделкой,ФЛ,Нет,,0,2026-06-18 11:12:27.291 +0300
"95f1de2b556858c9cfd19ec123edd090",Космос Черное море Риверта Отель / Cosmos Black Sea Riverta Hotel,Пляхо с.,Туапсинский м.о.,Премиум,Тренд-групп,2026-04-01,нежилое помещение,5,38.00,0.00,0.00,С отделкой и мебелью,ФЛ,Нет,,0,2026-06-18 11:12:27.291 +0300
"5338417a484eca51d14d28b59e51946f",История-3,Южный п.,Динской м.о.,Комфорт,НВМ,2026-04-01,квартира,7,52.05,9127800.00,165000.00,Под чистовую,ФЛ,Ипотека,ПАО Сбербанк России,360,2026-06-18 11:12:27.291 +0300
"5042878e7f641330ddc35e8454bfe92c",Парк,Сочи,Сочи г.о.,Бизнес+,Десо,2026-04-01,апартаменты,3,53.00,42400000.00,800000.00,"Под чистовую, с отделкой и мебелью",ФЛ,Нет,,0,2026-06-18 11:12:27.291 +0300
"95f1de2b556858c9cfd19ec123edd090",Космос Черное море Риверта Отель / Cosmos Black Sea Riverta Hotel,Пляхо с.,Туапсинский м.о.,Премиум,Тренд-групп,2026-04-01,нежилое помещение,6,30.60,0.00,0.00,С отделкой и мебелью,ФЛ,Нет,,0,2026-06-18 11:12:27.291 +0300
"937886a1c9205f225c86d9db67028971",Палаццо Де Агой / Гранд Отель Агой,Агой с.,Туапсинский м.о.,Бизнес+,ЯRus девелопмент,2026-04-01,апартаменты,2,29.20,31244000.00,1070000.00,С отделкой и мебелью,ФЛ,Нет,,0,2026-06-18 11:12:27.291 +0300
"937886a1c9205f225c86d9db67028971",Палаццо Де Агой / Гранд Отель Агой,Агой с.,Туапсинский м.о.,Бизнес+,ЯRus девелопмент,2026-04-01,апартаменты,2,29.40,31458000.00,1070000.00,С отделкой и мебелью,ФЛ,Нет,,0,2026-06-18 11:12:27.291 +0300
c5fc682cef8e118ca6caaa2ddeaeb433,Sun Garden Hotel,Анапа,Анапа м.о.,Премиум,Развитие,2026-04-01,апартаменты,7,39.90,17755500.00,445000.00,С отделкой и мебелью,ФЛ,Нет,,0,2026-06-18 11:12:27.291 +0300
b9d92574715ea90ea054b9078964a5d8,Лестория,Сочи,Сочи г.о.,Бизнес-,Неометрия,2026-04-01,квартира,4,35.10,15784916.00,449712.71,Под чистовую,ФЛ,Нет,,0,2026-06-18 11:12:27.291 +0300
b3ccb1c60914c224f2e4e07d33d020da,Новый город,Тихорецк,Тихорецкий м.о.,Комфорт,Стройуниверсал,2026-04-01,квартира,1,38.19,4544610.00,140092.79,Под чистовую,ФЛ,Нет,,0,2026-06-18 11:12:27.291 +0300
bcd90c1f7a745d86700f5d01f8ea550c,Кипарис,Сукко с.,Анапа м.о.,Комфорт,Bravo,2026-04-01,квартира,3,34.50,8383500.00,243000.00,С отделкой,ФЛ,Нет,,0,2026-06-18 11:12:27.291 +0300
c2600c4dfa1b97ac0b7b06040e1ddaec,Порто-Ново,Новороссийск,Новороссийск м.о.,Комфорт,DOGMA,2026-04-02,квартира,6,37.40,7667000.00,205000.00,"Под чистовую, отделка как доп. опция",ФЛ,Ипотека,ПАО Сбербанк России,0,2026-06-18 11:12:27.291 +0300
"9aa8b842445a7cec2bd4d81e48bebc3a",Новая Волна / Volna Residences,Сочи,Сочи г.о.,Элитный,Nedvex,2026-04-02,апартаменты,4,35.02,49370000.00,1409765.85,Отделка как доп. опция,ЮЛ,Нет,,0,2026-06-18 11:12:27.291 +0300
"9aa8b842445a7cec2bd4d81e48bebc3a",Новая Волна / Volna Residences,Сочи,Сочи г.о.,Элитный,Nedvex,2026-04-02,апартаменты,4,54.32,73830000.00,1359167.89,Отделка как доп. опция,ЮЛ,Нет,,0,2026-06-18 11:12:27.291 +0300
e7435571144b9a3d7cd4ab24dd71543f,На Высоком берегу,Анапа,Анапа м.о.,Бизнес,ССК,2026-04-02,квартира,3,37.70,10179000.00,270000.00,Под чистовую,ФЛ,Ипотека,ПАО Сбербанк России,0,2026-06-18 11:12:27.291 +0300
"114265fbbd12eef28cca19fc11278cc4",Город у моря,Новороссийск,Новороссийск м.о.,Комфорт,ВКБ-Новостройки,2026-04-02,квартира,16,32.49,6778000.00,208618.04,С отделкой,ФЛ,Ипотека,Кубань Кредит,0,2026-06-18 11:12:27.291 +0300
"114265fbbd12eef28cca19fc11278cc4",Город у моря,Новороссийск,Новороссийск м.о.,Комфорт,ВКБ-Новостройки,2026-04-02,квартира,10,37.82,7175000.00,185113.52,С отделкой,ФЛ,Ипотека,Кубань Кредит,360,2026-06-18 11:12:27.291 +0300
"5338417a484eca51d14d28b59e51946f",История-3,Южный п.,Динской м.о.,Комфорт,НВМ,2026-04-02,квартира,6,55.32,9127800.00,165000.00,Под чистовую,ФЛ,Ипотека,АО Альфа-Банк,180,2026-06-18 11:12:27.291 +0300
"508e2e152a644af269da402a71a52936",Облака,Новороссийск,Новороссийск м.о.,Комфорт,Неометрия,2026-04-02,квартира,15,36.10,8281701.00,229410.00,Без отделки,ФЛ,Ипотека,ПАО Банк ВТБ,362,2026-06-18 11:12:27.291 +0300
de2aa2f5a366bc2350a3e192512ea3e6,Цветной бульвар,Северская ст-ца,Северский м.о.,Комфорт,Точно,2026-04-03,квартира,5,53.78,6340400.00,110000.00,С отделкой,ФЛ,Ипотека,ПАО Промсвязьбанк,178,2026-06-18 11:12:27.291 +0300
c5fc682cef8e118ca6caaa2ddeaeb433,Sun Garden Hotel,Анапа,Анапа м.о.,Премиум,Развитие,2026-04-03,апартаменты,3,40.20,21507000.00,535000.00,С отделкой и мебелью,ФЛ,Нет,,0,2026-06-18 11:12:27.291 +0300
"9aa8b842445a7cec2bd4d81e48bebc3a",Новая Волна / Volna Residences,Сочи,Сочи г.о.,Элитный,Nedvex,2026-04-03,апартаменты,2,30.34,44895119.00,1479733.68,Отделка как доп. опция,ФЛ,Нет,,0,2026-06-18 11:12:27.291 +0300
"937886a1c9205f225c86d9db67028971",Палаццо Де Агой / Гранд Отель Агой,Агой с.,Туапсинский м.о.,Бизнес+,ЯRus девелопмент,2026-04-03,апартаменты,2,30.00,31800000.00,1060000.00,С отделкой и мебелью,ФЛ,Нет,,0,2026-06-18 11:12:27.291 +0300
"937886a1c9205f225c86d9db67028971",Палаццо Де Агой / Гранд Отель Агой,Агой с.,Туапсинский м.о.,Бизнес+,ЯRus девелопмент,2026-04-03,апартаменты,2,29.10,31137000.00,1070000.00,С отделкой и мебелью,ФЛ,Нет,,0,2026-06-18 11:12:27.291 +0300
bcd90c1f7a745d86700f5d01f8ea550c,Кипарис,Сукко с.,Анапа м.о.,Комфорт,Bravo,2026-04-03,квартира,5,37.40,10584200.00,283000.00,С отделкой,ФЛ,Ипотека,АО Альфа-Банк,0,2026-06-18 11:12:27.291 +0300
bcd90c1f7a745d86700f5d01f8ea550c,Кипарис,Сукко с.,Анапа м.о.,Комфорт,Bravo,2026-04-03,квартира,5,38.70,10777950.00,278500.00,С отделкой,ФЛ,Ипотека,АО Альфа-Банк,0,2026-06-18 11:12:27.291 +0300
"9648a6234501850e715607d4d244b13a",Botanica Hills,Небуг с.,Туапсинский м.о.,Комфорт,Метрикс Develoрment,2026-04-03,квартира,3,57.53,15458000.00,268694.59,"Под чистовую, отделка как доп. опция",ФЛ,Нет,,0,2026-06-18 11:12:27.291 +0300
b9d92574715ea90ea054b9078964a5d8,Лестория,Сочи,Сочи г.о.,Бизнес-,Неометрия,2026-04-03,квартира,12,35.60,16713954.00,469493.09,Под чистовую и с отделкой,ФЛ,Ипотека,АО Альфа-Банк,360,2026-06-18 11:12:27.291 +0300
b9d92574715ea90ea054b9078964a5d8,Лестория,Сочи,Сочи г.о.,Бизнес-,Неометрия,2026-04-03,квартира,15,32.40,14093096.00,434972.10,Без отделки,ФЛ,Ипотека,АО Альфа-Банк,300,2026-06-18 11:12:27.291 +0300
b9d92574715ea90ea054b9078964a5d8,Лестория,Сочи,Сочи г.о.,Бизнес-,Неометрия,2026-04-03,квартира,11,21.00,12908600.00,614695.24,Под чистовую,ФЛ,Ипотека,ПАО Совкомбанк,360,2026-06-18 11:12:27.291 +0300
d83227169c3b10c28e16d938fe1747f2,Резиденция Морей,Новороссийск,Новороссийск м.о.,Бизнес,ССК,2026-04-03,квартира,8,29.75,7437500.00,250000.00,Под чистовую и с отделкой,ФЛ,Ипотека,АО Альфа-Банк,0,2026-06-18 11:12:27.291 +0300
"3b768d7a3423d87ca2500e86b3aa26e8",Мореград,Анапа,Анапа м.о.,Комфорт,ССК,2026-04-03,апартаменты,3,48.70,15194400.00,312000.00,С отделкой и мебелью,ФЛ,Ипотека,АО Альфа-Банк,0,2026-06-18 11:12:27.291 +0300
"3b768d7a3423d87ca2500e86b3aa26e8",Мореград,Анапа,Анапа м.о.,Комфорт,ССК,2026-04-03,апартаменты,5,45.70,15355200.00,336000.00,С отделкой и мебелью,ФЛ,Ипотека,АО Альфа-Банк,0,2026-06-18 11:12:27.291 +0300
e7435571144b9a3d7cd4ab24dd71543f,На Высоком берегу,Анапа,Анапа м.о.,Бизнес,ССК,2026-04-03,квартира,2,37.80,10206000.00,270000.00,Под чистовую,ФЛ,Ипотека,ПАО Сбербанк России,0,2026-06-18 11:12:27.291 +0300
e7435571144b9a3d7cd4ab24dd71543f,На Высоком берегу,Анапа,Анапа м.о.,Бизнес,ССК,2026-04-03,квартира,2,36.30,9801000.00,270000.00,Под чистовую,ФЛ,Ипотека,ПАО Сбербанк России,0,2026-06-18 11:12:27.291 +0300
e7435571144b9a3d7cd4ab24dd71543f,На Высоком берегу,Анапа,Анапа м.о.,Бизнес,ССК,2026-04-03,квартира,3,37.80,8316000.00,220000.00,Под чистовую,ФЛ,Ипотека,ПАО Сбербанк России,0,2026-06-18 11:12:27.291 +0300
"114265fbbd12eef28cca19fc11278cc4",Город у моря,Новороссийск,Новороссийск м.о.,Комфорт,ВКБ-Новостройки,2026-04-03,квартира,7,38.76,7237000.00,186713.11,С отделкой,ФЛ,Ипотека,ПАО Сбербанк России,360,2026-06-18 11:12:27.291 +0300
"114265fbbd12eef28cca19fc11278cc4",Город у моря,Новороссийск,Новороссийск м.о.,Комфорт,ВКБ-Новостройки,2026-04-03,квартира,2,38.76,7097000.00,183101.14,С отделкой,ФЛ,Нет,,0,2026-06-18 11:12:27.291 +0300
"114265fbbd12eef28cca19fc11278cc4",Город у моря,Новороссийск,Новороссийск м.о.,Комфорт,ВКБ-Новостройки,2026-04-03,квартира,4,47.15,8358000.00,177264.05,С отделкой,ФЛ,Ипотека,Кубань Кредит,336,2026-06-18 11:12:27.291 +0300
"2be7f950954f9f0b079ca01c72d39a42",Морская Горгиппия,Анапа,Анапа м.о.,Эконом,ОБД-Инвест,2026-04-03,квартира,7,37.65,6922592.00,183867.00,Под чистовую,ФЛ,Ипотека,ПАО Сбербанк России,0,2026-06-18 11:12:27.291 +0300
"83e4b77e4c81fe02646c0317f082a5b3",Эден / Eden Family Hotel,Анапа,Анапа м.о.,Комфорт,Развитие,2026-04-03,апартаменты,3,25.70,9175979.00,357042.00,С отделкой и мебелью,ФЛ,Нет,,0,2026-06-18 11:12:27.291 +0300
"114265fbbd12eef28cca19fc11278cc4",Город у моря,Новороссийск,Новороссийск м.о.,Комфорт,ВКБ-Новостройки,2026-04-04,квартира,7,38.76,7237000.00,186713.11,С отделкой,ФЛ,Ипотека,ПАО Сбербанк России,360,2026-06-18 11:12:27.291 +0300
"07bd46b1bd7ed7e55c01f89be9f5e7e6",Kairos / Сезоны,Анапа,Анапа м.о.,Бизнес,ЛАРГУС БЭЙ,2026-04-04,апартаменты,6,54.60,24125010.00,441850.00,С отделкой и мебелью,ФЛ,Нет,,0,2026-06-18 11:12:27.291 +0300
"07bd46b1bd7ed7e55c01f89be9f5e7e6",Kairos / Сезоны,Анапа,Анапа м.о.,Бизнес,ЛАРГУС БЭЙ,2026-04-04,апартаменты,6,54.70,23537410.00,430300.00,С отделкой и мебелью,ФЛ,Нет,,0,2026-06-18 11:12:27.291 +0300
"114265fbbd12eef28cca19fc11278cc4",Город у моря,Новороссийск,Новороссийск м.о.,Комфорт,ВКБ-Новостройки,2026-04-06,квартира,6,56.55,9224000.00,160305.87,С отделкой,ФЛ,Ипотека,ПАО Сбербанк России,360,2026-06-18 11:12:27.291 +0300
d83227169c3b10c28e16d938fe1747f2,Резиденция Морей,Новороссийск,Новороссийск м.о.,Бизнес,ССК,2026-04-06,квартира,6,43.09,9910700.00,230000.00,Под чистовую и с отделкой,ФЛ,Ипотека,АО Альфа-Банк,0,2026-06-18 11:12:27.291 +0300
d83227169c3b10c28e16d938fe1747f2,Резиденция Морей,Новороссийск,Новороссийск м.о.,Бизнес,ССК,2026-04-06,квартира,3,40.19,9243700.00,230000.00,Под чистовую и с отделкой,ФЛ,Ипотека,ПАО Сбербанк России,300,2026-06-18 11:12:27.291 +0300
"3b768d7a3423d87ca2500e86b3aa26e8",Мореград,Анапа,Анапа м.о.,Комфорт,ССК,2026-04-06,апартаменты,6,24.10,9037500.00,375000.00,С отделкой и мебелью,ФЛ,Ипотека,АО Альфа-Банк,0,2026-06-18 11:12:27.291 +0300
"2be7f950954f9f0b079ca01c72d39a42",Морская Горгиппия,Анапа,Анапа м.о.,Эконом,ОБД-Инвест,2026-04-06,квартира,16,29.87,5492107.00,183867.00,Под чистовую,ФЛ,Ипотека,ПАО Сбербанк России,0,2026-06-18 11:12:27.291 +0300
"83e4b77e4c81fe02646c0317f082a5b3",Эден / Eden Family Hotel,Анапа,Анапа м.о.,Комфорт,Развитие,2026-04-06,апартаменты,2,26.00,9283092.00,357042.00,С отделкой и мебелью,ФЛ,Ипотека,ПАО Сбербанк России,0,2026-06-18 11:12:27.291 +0300
d83227169c3b10c28e16d938fe1747f2,Резиденция Морей,Новороссийск,Новороссийск м.о.,Бизнес,ССК,2026-04-06,квартира,15,28.24,7060000.00,250000.00,"Под чистовую, отделка как доп. опция",ФЛ,Ипотека,ПАО Сбербанк России,0,2026-06-18 11:12:27.291 +0300
"937886a1c9205f225c86d9db67028971",Палаццо Де Агой / Гранд Отель Агой,Агой с.,Туапсинский м.о.,Бизнес+,ЯRus девелопмент,2026-04-06,апартаменты,2,29.20,31244000.00,1070000.00,С отделкой и мебелью,ФЛ,Нет,,0,2026-06-18 11:12:27.291 +0300
"937886a1c9205f225c86d9db67028971",Палаццо Де Агой / Гранд Отель Агой,Агой с.,Туапсинский м.о.,Бизнес+,ЯRus девелопмент,2026-04-06,апартаменты,2,36.30,38478000.00,1060000.00,С отделкой и мебелью,ЮЛ,Нет,,0,2026-06-18 11:12:27.291 +0300
"9aa8b842445a7cec2bd4d81e48bebc3a",Новая Волна / Volna Residences,Сочи,Сочи г.о.,Элитный,Nedvex,2026-04-06,апартаменты,4,41.70,66895000.00,1604196.64,Отделка как доп. опция,ФЛ,Нет,,0,2026-06-18 11:12:27.291 +0300
c2600c4dfa1b97ac0b7b06040e1ddaec,Порто-Ново,Новороссийск,Новороссийск м.о.,Комфорт,DOGMA,2026-04-06,квартира,7,49.20,10206020.00,201700.00,"Под чистовую, отделка как доп. опция",ФЛ,Ипотека,ПАО Сбербанк России,360,2026-06-18 11:12:27.291 +0300
ecdd2060c65010326879068843af8e13,Хозяин морей,Анапа,Анапа м.о.,Бизнес,Точно,2026-04-06,квартира,4,43.60,9696000.00,240000.00,Под чистовую и отделка как доп. опция,ФЛ,Нет,,0,2026-06-18 11:12:27.291 +0300
c2600c4dfa1b97ac0b7b06040e1ddaec,Порто-Ново,Новороссийск,Новороссийск м.о.,Комфорт,DOGMA,2026-04-06,квартира,10,36.00,7653600.00,212600.00,"Под чистовую, отделка как доп. опция",ФЛ,Ипотека,ПАО Промсвязьбанк,216,2026-06-18 11:12:27.291 +0300
"9648a6234501850e715607d4d244b13a",Botanica Hills,Небуг с.,Туапсинский м.о.,Комфорт,Метрикс Develoрment,2026-04-06,квартира,9,38.67,11563000.00,299017.33,"Под чистовую, отделка как доп. опция",ФЛ,Нет,,0,2026-06-18 11:12:27.291 +0300
b9d92574715ea90ea054b9078964a5d8,Лестория,Сочи,Сочи г.о.,Бизнес-,Неометрия,2026-04-06,квартира,17,33.40,16675784.00,499274.97,Под чистовую,ФЛ,Нет,,0,2026-06-18 11:12:27.291 +0300
"508e2e152a644af269da402a71a52936",Облака,Новороссийск,Новороссийск м.о.,Комфорт,Неометрия,2026-04-07,квартира,23,63.00,11779740.00,186980.00,Без отделки,ФЛ,Ипотека,ПАО Совкомбанк,0,2026-06-18 11:12:27.291 +0300
b9d92574715ea90ea054b9078964a5d8,Лестория,Сочи,Сочи г.о.,Бизнес-,Неометрия,2026-04-07,квартира,12,37.50,16507220.00,440192.53,Без отделки,ФЛ,Ипотека,ПАО Совкомбанк,360,2026-06-18 11:12:27.291 +0300
"3b768d7a3423d87ca2500e86b3aa26e8",Мореград,Анапа,Анапа м.о.,Комфорт,ССК,2026-04-07,апартаменты,3,45.60,14227200.00,312000.00,С отделкой и мебелью,ФЛ,Ипотека,ПАО Сбербанк России,360,2026-06-18 11:12:27.291 +0300
"3b768d7a3423d87ca2500e86b3aa26e8",Мореград,Анапа,Анапа м.о.,Комфорт,ССК,2026-04-07,апартаменты,8,23.30,8737500.00,375000.00,С отделкой и мебелью,ФЛ,Ипотека,АО Альфа-Банк,0,2026-06-18 11:12:27.291 +0300
e7435571144b9a3d7cd4ab24dd71543f,На Высоком берегу,Анапа,Анапа м.о.,Бизнес,ССК,2026-04-07,квартира,5,49.50,12870000.00,260000.00,Под чистовую,ФЛ,Нет,,0,2026-06-18 11:12:27.291 +0300
e7435571144b9a3d7cd4ab24dd71543f,На Высоком берегу,Анапа,Анапа м.о.,Бизнес,ССК,2026-04-07,квартира,2,37.80,8316000.00,220000.00,Под чистовую,ФЛ,Ипотека,ПАО Сбербанк России,0,2026-06-18 11:12:27.291 +0300
"114265fbbd12eef28cca19fc11278cc4",Город у моря,Новороссийск,Новороссийск м.о.,Комфорт,ВКБ-Новостройки,2026-04-07,квартира,3,38.76,7237000.00,186713.11,С отделкой,ФЛ,Ипотека,Кубань Кредит,120,2026-06-18 11:12:27.291 +0300
"2be7f950954f9f0b079ca01c72d39a42",Морская Горгиппия,Анапа,Анапа м.о.,Эконом,ОБД-Инвест,2026-04-07,квартира,10,58.89,9288130.00,157720.00,Под чистовую,ФЛ,Ипотека,ПАО Сбербанк России,0,2026-06-18 11:12:27.291 +0300
"83e4b77e4c81fe02646c0317f082a5b3",Эден / Eden Family Hotel,Анапа,Анапа м.о.,Комфорт,Развитие,2026-04-07,апартаменты,4,26.00,9175979.00,357042.00,С отделкой и мебелью,ФЛ,Ипотека,ПАО Сбербанк России,0,2026-06-18 11:12:27.291 +0300
"937886a1c9205f225c86d9db67028971",Палаццо Де Агой / Гранд Отель Агой,Агой с.,Туапсинский м.о.,Бизнес+,ЯRus девелопмент,2026-04-07,апартаменты,2,30.30,29088000.00,960000.00,С отделкой и мебелью,ФЛ,Нет,,0,2026-06-18 11:12:27.291 +0300
"937886a1c9205f225c86d9db67028971",Палаццо Де Агой / Гранд Отель Агой,Агой с.,Туапсинский м.о.,Бизнес+,ЯRus девелопмент,2026-04-07,апартаменты,2,29.10,31137000.00,1070000.00,С отделкой и мебелью,ФЛ,Нет,,0,2026-06-18 11:12:27.291 +0300
"89f537fda6bcc1df310625c68de74f15",Корсаков,Анапа,Анапа м.о.,Комфорт,ССК,2026-04-07,апартаменты,5,31.40,12655500.00,390000.00,С отделкой и мебелью,ФЛ,Ипотека,АО Альфа-Банк,0,2026-06-18 11:12:27.291 +0300
"9f774747a88c96336616fc5165908dba",Sun Hills Olginka,Ольгинка с.,Туапсинский м.о.,Комфорт,Метрикс Develoрment,2026-04-07,квартира,8,17.76,6364296.00,358350.00,Под чистовую,ФЛ,Ипотека,ПАО Совкомбанк,0,2026-06-18 11:12:27.291 +0300
ecdd2060c65010326879068843af8e13,Хозяин морей,Анапа,Анапа м.о.,Бизнес,Точно,2026-04-07,квартира,3,63.10,13880999.00,232512.56,Под чистовую и отделка как доп. опция,ФЛ,Ипотека,ПАО Сбербанк России,216,2026-06-18 11:12:27.291 +0300
ecdd2060c65010326879068843af8e13,Хозяин морей,Анапа,Анапа м.о.,Бизнес,Точно,2026-04-07,квартира,4,43.60,9696000.00,240000.00,Под чистовую и отделка как доп. опция,ФЛ,Нет,,0,2026-06-18 11:12:27.291 +0300
bcd90c1f7a745d86700f5d01f8ea550c,Кипарис,Сукко с.,Анапа м.о.,Комфорт,Bravo,2026-04-07,квартира,5,37.30,8336550.00,223500.00,С отделкой,ФЛ,Ипотека,ПАО Сбербанк России,0,2026-06-18 11:12:27.291 +0300
bcd90c1f7a745d86700f5d01f8ea550c,Кипарис,Сукко с.,Анапа м.о.,Комфорт,Bravo,2026-04-07,квартира,2,33.20,8383500.00,243000.00,С отделкой,ФЛ,Нет,,0,2026-06-18 11:12:27.291 +0300
"9aa8b842445a7cec2bd4d81e48bebc3a",Новая Волна / Volna Residences,Сочи,Сочи г.о.,Элитный,Nedvex,2026-04-07,апартаменты,2,32.72,47611000.00,1455103.91,Отделка как доп. опция,ФЛ,Нет,,0,2026-06-18 11:12:27.291 +0300
"9aa8b842445a7cec2bd4d81e48bebc3a",Новая Волна / Volna Residences,Сочи,Сочи г.о.,Элитный,Nedvex,2026-04-08,апартаменты,4,37.20,57100000.00,1534946.24,Отделка как доп. опция,ФЛ,Нет,,0,2026-06-18 11:12:27.291 +0300
"114265fbbd12eef28cca19fc11278cc4",Город у моря,Новороссийск,Новороссийск м.о.,Комфорт,ВКБ-Новостройки,2026-04-08,квартира,10,57.54,9052000.00,157316.65,С отделкой,ФЛ,Ипотека,ПАО Сбербанк России,0,2026-06-18 11:12:27.291 +0300
d83227169c3b10c28e16d938fe1747f2,Резиденция Морей,Новороссийск,Новороссийск м.о.,Бизнес,ССК,2026-04-08,квартира,3,52.75,11723687.00,222250.00,Под чистовую и с отделкой,ФЛ,Нет,,0,2026-06-18 11:12:27.291 +0300
d83227169c3b10c28e16d938fe1747f2,Резиденция Морей,Новороссийск,Новороссийск м.о.,Бизнес,ССК,2026-04-08,квартира,4,73.34,15053035.00,205250.00,Под чистовую и с отделкой,ФЛ,Нет,,0,2026-06-18 11:12:27.291 +0300
e7435571144b9a3d7cd4ab24dd71543f,На Высоком берегу,Анапа,Анапа м.о.,Бизнес,ССК,2026-04-08,квартира,3,53.35,11203500.00,210000.00,Под чистовую,ФЛ,Ипотека,ПАО Совкомбанк,0,2026-06-18 11:12:27.291 +0300
e7435571144b9a3d7cd4ab24dd71543f,На Высоком берегу,Анапа,Анапа м.о.,Бизнес,ССК,2026-04-08,квартира,2,37.80,8316000.00,220000.00,Под чистовую,ФЛ,Нет,,0,2026-06-18 11:12:27.291 +0300
c5fc682cef8e118ca6caaa2ddeaeb433,Sun Garden Hotel,Анапа,Анапа м.о.,Премиум,Развитие,2026-04-08,апартаменты,1,26.50,14893000.00,562000.00,С отделкой и мебелью,ФЛ,Нет,,0,2026-06-18 11:12:27.291 +0300
"508e2e152a644af269da402a71a52936",Облака,Новороссийск,Новороссийск м.о.,Комфорт,Неометрия,2026-04-08,квартира,21,31.70,7296706.00,230180.00,Без отделки,ФЛ,Ипотека,ПАО Банк ВТБ,0,2026-06-18 11:12:27.291 +0300
f158b53bd4c44a603ef7f54d61d1f267,Море тут,Голубицкая ст-ца,Темрюк м.о.,Бизнес,Каскад,2026-04-08,апартаменты,2,30.90,8961000.00,290000.00,"С отделкой, мебель как доп. опция",ФЛ,Нет,,0,2026-06-18 11:12:27.291 +0300
ce10854bfb47343480564adf2f08a997,Фестивальный (Кропоткин),Кропоткин,Кропоткинский м.о.,Комфорт,Теплый дом,2026-04-08,квартира,1,43.30,6749200.00,94000.00,Без отделки,ФЛ,Ипотека,ПАО Сбербанк России,300,2026-06-18 11:12:27.291 +0300
ecdd2060c65010326879068843af8e13,Хозяин морей,Анапа,Анапа м.о.,Бизнес,Точно,2026-04-08,квартира,3,43.60,9696000.00,240000.00,Под чистовую и отделка как доп. опция,ФЛ,Ипотека,ПАО Сбербанк России,0,2026-06-18 11:12:27.291 +0300
ecdd2060c65010326879068843af8e13,Хозяин морей,Анапа,Анапа м.о.,Бизнес,Точно,2026-04-08,нежилое помещение,1,54.80,0.00,0.00,Под чистовую и отделка как доп. опция,ЮЛ,Нет,,0,2026-06-18 11:12:27.291 +0300
bcd90c1f7a745d86700f5d01f8ea550c,Кипарис,Сукко с.,Анапа м.о.,Комфорт,Bravo,2026-04-08,квартира,8,34.40,9804000.00,285000.00,С отделкой,ФЛ,Ипотека,АО Альфа-Банк,0,2026-06-18 11:12:27.291 +0300
c2600c4dfa1b97ac0b7b06040e1ddaec,Порто-Ново,Новороссийск,Новороссийск м.о.,Комфорт,DOGMA,2026-04-08,квартира,9,36.20,7533220.00,208100.00,"Под чистовую, отделка как доп. опция",ФЛ,Нет,,0,2026-06-18 11:12:27.291 +0300
"9648a6234501850e715607d4d244b13a",Botanica Hills,Небуг с.,Туапсинский м.о.,Комфорт,Метрикс Develoрment,2026-04-09,квартира,4,57.53,15819000.00,274969.58,"Под чистовую, отделка как доп. опция",ФЛ,Нет,,0,2026-06-18 11:12:27.291 +0300
b9d92574715ea90ea054b9078964a5d8,Лестория,Сочи,Сочи г.о.,Бизнес-,Неометрия,2026-04-09,квартира,15,37.00,17859870.00,482699.19,Под чистовую и с отделкой,ФЛ,Ипотека,АО Тинькофф Банк,0,2026-06-18 11:12:27.291 +0300
"9aa8b842445a7cec2bd4d81e48bebc3a",Новая Волна / Volna Residences,Сочи,Сочи г.о.,Элитный,Nedvex,2026-04-09,апартаменты,4,41.63,63323000.00,1521090.56,Отделка как доп. опция,ФЛ,Нет,,0,2026-06-18 11:12:27.291 +0300
"9aa8b842445a7cec2bd4d81e48bebc3a",Новая Волна / Volna Residences,Сочи,Сочи г.о.,Элитный,Nedvex,2026-04-09,апартаменты,4,37.29,55385000.00,1485250.74,Отделка как доп. опция,ФЛ,Нет,,0,2026-06-18 11:12:27.291 +0300
d83227169c3b10c28e16d938fe1747f2,Резиденция Морей,Новороссийск,Новороссийск м.о.,Бизнес,ССК,2026-04-09,квартира,8,41.56,9766600.00,235000.00,Под чистовую и с отделкой,ФЛ,Ипотека,АО Альфа-Банк,204,2026-06-18 11:12:27.291 +0300
"3b768d7a3423d87ca2500e86b3aa26e8",Мореград,Анапа,Анапа м.о.,Комфорт,ССК,2026-04-09,апартаменты,3,24.10,8796500.00,365000.00,С отделкой и мебелью,ФЛ,Ипотека,АО Альфа-Банк,0,2026-06-18 11:12:27.291 +0300
"3b768d7a3423d87ca2500e86b3aa26e8",Мореград,Анапа,Анапа м.о.,Комфорт,ССК,2026-04-09,апартаменты,9,24.10,8676000.00,360000.00,С отделкой и мебелью,ФЛ,Ипотека,ПАО Совкомбанк,0,2026-06-18 11:12:27.291 +0300
e7435571144b9a3d7cd4ab24dd71543f,На Высоком берегу,Анапа,Анапа м.о.,Бизнес,ССК,2026-04-09,квартира,2,36.30,9801000.00,270000.00,Под чистовую,ФЛ,Ипотека,ПАО Сбербанк России,0,2026-06-18 11:12:27.291 +0300
e7435571144b9a3d7cd4ab24dd71543f,На Высоком берегу,Анапа,Анапа м.о.,Бизнес,ССК,2026-04-09,квартира,3,37.80,10206000.00,270000.00,Под чистовую,ФЛ,Нет,,0,2026-06-18 11:12:27.291 +0300
e7435571144b9a3d7cd4ab24dd71543f,На Высоком берегу,Анапа,Анапа м.о.,Бизнес,ССК,2026-04-09,квартира,8,57.05,15118250.00,265000.00,Под чистовую,ФЛ,Нет,,0,2026-06-18 11:12:27.291 +0300
d83227169c3b10c28e16d938fe1747f2,Резиденция Морей,Новороссийск,Новороссийск м.о.,Бизнес,ССК,2026-04-09,квартира,17,28.24,7060000.00,250000.00,"Под чистовую, отделка как доп. опция",ФЛ,Ипотека,ПАО Сбербанк России,360,2026-06-18 11:12:27.291 +0300
c2600c4dfa1b97ac0b7b06040e1ddaec,Порто-Ново,Новороссийск,Новороссийск м.о.,Комфорт,DOGMA,2026-04-09,квартира,9,65.40,11072220.00,169300.00,"Под чистовую, отделка как доп. опция",ФЛ,Нет,,0,2026-06-18 11:12:27.291 +0300
ecdd2060c65010326879068843af8e13,Хозяин морей,Анапа,Анапа м.о.,Бизнес,Точно,2026-04-09,квартира,4,34.20,8332999.00,252515.15,Под чистовую и отделка как доп. опция,ФЛ,Ипотека,ПАО Сбербанк России,0,2026-06-18 11:12:27.291 +0300
bcd90c1f7a745d86700f5d01f8ea550c,Кипарис,Сукко с.,Анапа м.о.,Комфорт,Bravo,2026-04-09,квартира,3,37.30,8261950.00,221500.00,С отделкой,ФЛ,Ипотека,ПАО Сбербанк России,0,2026-06-18 11:12:27.291 +0300
c2600c4dfa1b97ac0b7b06040e1ddaec,Порто-Ново,Новороссийск,Новороссийск м.о.,Комфорт,DOGMA,2026-04-09,квартира,12,37.30,7743480.00,207600.00,"Под чистовую, отделка как доп. опция",ФЛ,Ипотека,ПАО Сбербанк России,0,2026-06-18 11:12:27.291 +0300
"77bdd422e70b328c06a31923eddda80c",Агой-Парк,Агой с.,Туапсинский м.о.,Комфорт,АГОЙ-ПАРК,2026-04-09,квартира,1,36.33,8678329.00,238875.01,Отделка как доп. опция,ФЛ,Ипотека,АО Альфа-Банк,348,2026-06-18 11:12:27.291 +0300
c5fc682cef8e118ca6caaa2ddeaeb433,Sun Garden Hotel,Анапа,Анапа м.о.,Премиум,Развитие,2026-04-09,апартаменты,5,39.90,17293500.00,427000.00,С отделкой и мебелью,ФЛ,Ипотека,ПАО Совкомбанк,0,2026-06-18 11:12:27.291 +0300
"123f6cdbbe542a25027b234318a48389",Космос Отель Курортный / Cosmos Hotel Kurortny,Сочи,Сочи г.о.,Бизнес,КР+,2026-04-09,апартаменты,6,32.40,16689600.00,490870.59,Отделка как доп. опция,ФЛ,Нет,,0,2026-06-18 11:12:27.291 +0300
"9aa8b842445a7cec2bd4d81e48bebc3a",Новая Волна / Volna Residences,Сочи,Сочи г.о.,Элитный,Nedvex,2026-04-10,апартаменты,3,41.70,69849999.00,1675059.95,Отделка как доп. опция,ЮЛ,Нет,,0,2026-06-18 11:12:27.291 +0300
b9d92574715ea90ea054b9078964a5d8,Лестория,Сочи,Сочи г.о.,Бизнес-,Неометрия,2026-04-10,квартира,7,20.30,10951228.00,539469.36,Под чистовую,ФЛ,Ипотека,ПАО Совкомбанк,300,2026-06-18 11:12:27.291 +0300
"9f774747a88c96336616fc5165908dba",Sun Hills Olginka,Ольгинка с.,Туапсинский м.о.,Комфорт,Метрикс Develoрment,2026-04-10,квартира,10,17.22,6444654.00,374254.01,Под чистовую,ФЛ,Ипотека,ПАО Сбербанк России,311,2026-06-18 11:12:27.291 +0300
c2600c4dfa1b97ac0b7b06040e1ddaec,Порто-Ново,Новороссийск,Новороссийск м.о.,Комфорт,DOGMA,2026-04-10,квартира,5,46.80,8775000.00,187500.00,"Под чистовую, отделка как доп. опция",ФЛ,Ипотека,ПАО Сбербанк России,0,2026-06-18 11:12:27.291 +0300
e7435571144b9a3d7cd4ab24dd71543f,На Высоком берегу,Анапа,Анапа м.о.,Бизнес,ССК,2026-04-10,квартира,3,32.45,9410500.00,290000.00,Под чистовую,ФЛ,Ипотека,АО Альфа-Банк,0,2026-06-18 11:12:27.291 +0300
e7435571144b9a3d7cd4ab24dd71543f,На Высоком берегу,Анапа,Анапа м.о.,Бизнес,ССК,2026-04-10,квартира,3,68.40,17100000.00,250000.00,Под чистовую,ФЛ,Нет,,0,2026-06-18 11:12:27.291 +0300
"83e4b77e4c81fe02646c0317f082a5b3",Эден / Eden Family Hotel,Анапа,Анапа м.о.,Комфорт,Развитие,2026-04-10,апартаменты,4,30.20,9283092.00,357042.00,С отделкой и мебелью,ФЛ,Нет,,0,2026-06-18 11:12:27.291 +0300
d83227169c3b10c28e16d938fe1747f2,Резиденция Морей,Новороссийск,Новороссийск м.о.,Бизнес,ССК,2026-04-10,квартира,17,40.84,10210000.00,250000.00,"Под чистовую, отделка как доп. опция",ФЛ,Ипотека,ПАО Банк ВТБ,242,2026-06-18 11:12:27.291 +0300
"441afa8fae5c94a584f16bc1baa6b237",Моренуар,Новороссийск,Новороссийск м.о.,Бизнес,Семья,2026-04-10,квартира,7,21.00,6458160.00,284000.00,С отделкой,ФЛ,Ипотека,АО Банк Дом.РФ,360,2026-06-18 11:12:27.291 +0300
"5338417a484eca51d14d28b59e51946f",История-3,Южный п.,Динской м.о.,Комфорт,НВМ,2026-04-11,квартира,5,56.35,9297750.00,165000.00,Под чистовую,ФЛ,Ипотека,ПАО Сбербанк России,240,2026-06-18 11:12:27.291 +0300
bcd90c1f7a745d86700f5d01f8ea550c,Кипарис,Сукко с.,Анапа м.о.,Комфорт,Bravo,2026-04-11,квартира,4,36.40,10064600.00,276500.00,С отделкой,ФЛ,Ипотека,ПАО Сбербанк России,0,2026-06-18 11:12:27.291 +0300
b9d92574715ea90ea054b9078964a5d8,Лестория,Сочи,Сочи г.о.,Бизнес-,Неометрия,2026-04-13,квартира,17,44.40,19479764.00,438733.42,Под чистовую,ФЛ,Нет,,0,2026-06-18 11:12:27.291 +0300
d83227169c3b10c28e16d938fe1747f2,Резиденция Морей,Новороссийск,Новороссийск м.о.,Бизнес,ССК,2026-04-13,квартира,3,35.83,8967783.00,250287.00,Под чистовую и с отделкой,ФЛ,Ипотека,АО Альфа-Банк,168,2026-06-18 11:12:27.291 +0300
"2be7f950954f9f0b079ca01c72d39a42",Морская Горгиппия,Анапа,Анапа м.о.,Эконом,ОБД-Инвест,2026-04-13,квартира,11,58.89,9288130.00,157720.00,Под чистовую,ФЛ,Ипотека,ПАО Сбербанк России,0,2026-06-18 11:12:27.291 +0300
"83e4b77e4c81fe02646c0317f082a5b3",Эден / Eden Family Hotel,Анапа,Анапа м.о.,Комфорт,Развитие,2026-04-13,апартаменты,5,26.00,9283092.00,357042.00,С отделкой и мебелью,ФЛ,Нет,,0,2026-06-18 11:12:27.291 +0300
"83e4b77e4c81fe02646c0317f082a5b3",Эден / Eden Family Hotel,Анапа,Анапа м.о.,Комфорт,Развитие,2026-04-13,апартаменты,5,26.00,9283092.00,357042.00,С отделкой и мебелью,ФЛ,Нет,,0,2026-06-18 11:12:27.291 +0300
"83e4b77e4c81fe02646c0317f082a5b3",Эден / Eden Family Hotel,Анапа,Анапа м.о.,Комфорт,Развитие,2026-04-13,апартаменты,5,30.20,10782668.00,357042.00,С отделкой и мебелью,ФЛ,Нет,,0,2026-06-18 11:12:27.291 +0300
"95f1de2b556858c9cfd19ec123edd090",Космос Черное море Риверта Отель / Cosmos Black Sea Riverta Hotel,Пляхо с.,Туапсинский м.о.,Премиум,Тренд-групп,2026-04-13,апартаменты,6,25.60,13952000.00,545000.00,С отделкой и мебелью,ФЛ,Нет,,0,2026-06-18 11:12:27.291 +0300
"5338417a484eca51d14d28b59e51946f",История-3,Южный п.,Динской м.о.,Комфорт,НВМ,2026-04-13,квартира,2,22.55,4397250.00,195000.00,Под чистовую,ФЛ,Ипотека,ПАО Сбербанк России,240,2026-06-18 11:12:27.291 +0300
"5338417a484eca51d14d28b59e51946f",История-3,Южный п.,Динской м.о.,Комфорт,НВМ,2026-04-13,квартира,6,56.35,9297750.00,165000.00,Под чистовую,ФЛ,Ипотека,ПАО Сбербанк России,0,2026-06-18 11:12:27.291 +0300
c5fc682cef8e118ca6caaa2ddeaeb433,Sun Garden Hotel,Анапа,Анапа м.о.,Премиум,Развитие,2026-04-13,апартаменты,7,39.90,21426300.00,537000.00,С отделкой и мебелью,ФЛ,Нет,,0,2026-06-18 11:12:27.291 +0300
"07bd46b1bd7ed7e55c01f89be9f5e7e6",Kairos / Сезоны,Анапа,Анапа м.о.,Бизнес,ЛАРГУС БЭЙ,2026-04-13,апартаменты,2,52.40,20941660.00,399650.00,С отделкой и мебелью,ЮЛ,Нет,,0,2026-06-18 11:12:27.291 +0300
"89f537fda6bcc1df310625c68de74f15",Корсаков,Анапа,Анапа м.о.,Комфорт,ССК,2026-04-13,апартаменты,3,28.63,11077500.00,375000.00,С отделкой и мебелью,ФЛ,Ипотека,АО Альфа-Банк,0,2026-06-18 11:12:27.291 +0300
"9f774747a88c96336616fc5165908dba",Sun Hills Olginka,Ольгинка с.,Туапсинский м.о.,Комфорт,Метрикс Develoрment,2026-04-13,квартира,2,26.71,8315353.00,311319.86,Под чистовую,ФЛ,Ипотека,ПАО Банк ВТБ,0,2026-06-18 11:12:27.291 +0300
c2600c4dfa1b97ac0b7b06040e1ddaec,Порто-Ново,Новороссийск,Новороссийск м.о.,Комфорт,DOGMA,2026-04-13,квартира,6,67.50,11279250.00,167100.00,"Под чистовую, отделка как доп. опция",ФЛ,Ипотека,ПАО Сбербанк России,360,2026-06-18 11:12:27.291 +0300
bcd90c1f7a745d86700f5d01f8ea550c,Кипарис,Сукко с.,Анапа м.о.,Комфорт,Bravo,2026-04-13,квартира,3,51.60,12048600.00,233500.00,С отделкой,ФЛ,Ипотека,АО Альфа-Банк,0,2026-06-18 11:12:27.291 +0300
bcd90c1f7a745d86700f5d01f8ea550c,Кипарис,Сукко с.,Анапа м.о.,Комфорт,Bravo,2026-04-13,квартира,4,39.50,11119250.00,281500.00,С отделкой,ФЛ,Ипотека,АО Альфа-Банк,0,2026-06-18 11:12:27.291 +0300
"77bdd422e70b328c06a31923eddda80c",Агой-Парк,Агой с.,Туапсинский м.о.,Комфорт,АГОЙ-ПАРК,2026-04-14,квартира,3,35.92,9051840.00,252000.00,Отделка как доп. опция,ФЛ,Ипотека,Финансовая корпорация Открытие,360,2026-06-18 11:12:27.291 +0300
"937886a1c9205f225c86d9db67028971",Палаццо Де Агой / Гранд Отель Агой,Агой с.,Туапсинский м.о.,Бизнес+,ЯRus девелопмент,2026-04-14,апартаменты,4,30.10,37293900.00,1239000.00,С отделкой и мебелью,ФЛ,Нет,,0,2026-06-18 11:12:27.291 +0300
"937886a1c9205f225c86d9db67028971",Палаццо Де Агой / Гранд Отель Агой,Агой с.,Туапсинский м.о.,Бизнес+,ЯRus девелопмент,2026-04-14,апартаменты,4,29.80,37293900.00,1239000.00,С отделкой и мебелью,ФЛ,Нет,,0,2026-06-18 11:12:27.291 +0300
e7435571144b9a3d7cd4ab24dd71543f,На Высоком берегу,Анапа,Анапа м.о.,Бизнес,ССК,2026-04-14,квартира,6,57.40,12054000.00,210000.00,Под чистовую,ФЛ,Нет,,0,2026-06-18 11:12:27.291 +0300
e7435571144b9a3d7cd4ab24dd71543f,На Высоком берегу,Анапа,Анапа м.о.,Бизнес,ССК,2026-04-14,квартира,4,57.05,14833000.00,260000.00,Под чистовую,ФЛ,Нет,,0,2026-06-18 11:12:27.291 +0300
e7435571144b9a3d7cd4ab24dd71543f,На Высоком берегу,Анапа,Анапа м.о.,Бизнес,ССК,2026-04-14,квартира,6,32.45,9410500.00,290000.00,Под чистовую,ФЛ,Ипотека,ПАО Сбербанк России,0,2026-06-18 11:12:27.291 +0300
"2be7f950954f9f0b079ca01c72d39a42",Морская Горгиппия,Анапа,Анапа м.о.,Эконом,ОБД-Инвест,2026-04-14,квартира,15,58.89,9288130.00,157720.00,Под чистовую,ФЛ,Нет,,0,2026-06-18 11:12:27.291 +0300
d83227169c3b10c28e16d938fe1747f2,Резиденция Морей,Новороссийск,Новороссийск м.о.,Бизнес,ССК,2026-04-14,квартира,18,40.84,10210000.00,250000.00,"Под чистовую, отделка как доп. опция",ФЛ,Ипотека,АО Альфа-Банк,0,2026-06-18 11:12:27.291 +0300
"018074db013670b10cd1d3367521d2a2",Барса,Новороссийск,Новороссийск м.о.,Бизнес,Точно,2026-04-14,квартира,9,88.50,23744695.00,277391.30,С отделкой,ФЛ,Ипотека,ПАО Совкомбанк,0,2026-06-18 11:12:27.291 +0300
"89f537fda6bcc1df310625c68de74f15",Корсаков,Анапа,Анапа м.о.,Комфорт,ССК,2026-04-14,апартаменты,3,29.83,11186250.00,375000.00,С отделкой и мебелью,ФЛ,Ипотека,АО Альфа-Банк,0,2026-06-18 11:12:27.291 +0300
b3ccb1c60914c224f2e4e07d33d020da,Новый город,Тихорецк,Тихорецкий м.о.,Комфорт,Стройуниверсал,2026-04-14,квартира,5,38.19,4544610.00,140092.79,Под чистовую,ФЛ,Нет,,0,2026-06-18 11:12:27.291 +0300
"9f774747a88c96336616fc5165908dba",Sun Hills Olginka,Ольгинка с.,Туапсинский м.о.,Комфорт,Метрикс Develoрment,2026-04-14,квартира,7,36.37,7946784.00,301357.00,Под чистовую,ФЛ,Ипотека,ПАО Банк ВТБ,362,2026-06-18 11:12:27.291 +0300
"9f774747a88c96336616fc5165908dba",Sun Hills Olginka,Ольгинка с.,Туапсинский м.о.,Комфорт,Метрикс Develoрment,2026-04-14,квартира,7,24.87,7389846.00,297139.00,Под чистовую,ФЛ,Ипотека,АО Альфа-Банк,360,2026-06-18 11:12:27.291 +0300
c2600c4dfa1b97ac0b7b06040e1ddaec,Порто-Ново,Новороссийск,Новороссийск м.о.,Комфорт,DOGMA,2026-04-14,квартира,6,38.20,7819540.00,204700.00,"Под чистовую, отделка как доп. опция",ФЛ,Ипотека,ПАО Сбербанк России,360,2026-06-18 11:12:27.291 +0300
"018074db013670b10cd1d3367521d2a2",Барса,Новороссийск,Новороссийск м.о.,Бизнес,Точно,2026-04-15,квартира,12,33.10,9794819.00,295916.00,Под чистовую и отделка как доп. опция,ФЛ,Нет,,0,2026-06-18 11:12:27.291 +0300
ecdd2060c65010326879068843af8e13,Хозяин морей,Анапа,Анапа м.о.,Бизнес,Точно,2026-04-15,квартира,2,43.60,9696000.00,240000.00,Под чистовую и отделка как доп. опция,ФЛ,Нет,,0,2026-06-18 11:12:27.291 +0300
ecdd2060c65010326879068843af8e13,Хозяин морей,Анапа,Анапа м.о.,Бизнес,Точно,2026-04-15,квартира,4,34.20,8332999.00,252515.15,Под чистовую и отделка как доп. опция,ФЛ,Нет,,0,2026-06-18 11:12:27.291 +0300
bcd90c1f7a745d86700f5d01f8ea550c,Кипарис,Сукко с.,Анапа м.о.,Комфорт,Bravo,2026-04-15,квартира,6,53.00,12375500.00,233500.00,С отделкой,ФЛ,Нет,,0,2026-06-18 11:12:27.291 +0300
bcd90c1f7a745d86700f5d01f8ea550c,Кипарис,Сукко с.,Анапа м.о.,Комфорт,Bravo,2026-04-15,квартира,2,36.60,8893800.00,243000.00,С отделкой,ФЛ,Нет,,0,2026-06-18 11:12:27.291 +0300
"068a5a3c5a4726c1ef2c4ae4a9e1359a",Cosmos Stay Olginka Moreol',Ольгинка с.,Туапсинский м.о.,Бизнес,НОСТА,2026-04-15,апартаменты,6,27.30,13650000.00,500000.00,С отделкой и мебелью,ФЛ,Ипотека,ПАО Сбербанк России,360,2026-06-18 11:12:27.291 +0300
c2600c4dfa1b97ac0b7b06040e1ddaec,Порто-Ново,Новороссийск,Новороссийск м.о.,Комфорт,DOGMA,2026-04-15,квартира,6,36.40,7483840.00,205600.00,"Под чистовую, отделка как доп. опция",ФЛ,Ипотека,АО Альфа-Банк,0,2026-06-18 11:12:27.291 +0300
d83227169c3b10c28e16d938fe1747f2,Резиденция Морей,Новороссийск,Новороссийск м.о.,Бизнес,ССК,2026-04-15,квартира,7,40.19,9444650.00,235000.00,Под чистовую и с отделкой,ФЛ,Ипотека,АО АБ РОССИЯ,0,2026-06-18 11:12:27.291 +0300
"114265fbbd12eef28cca19fc11278cc4",Город у моря,Новороссийск,Новороссийск м.о.,Комфорт,ВКБ-Новостройки,2026-04-15,квартира,13,37.82,7218000.00,186222.91,С отделкой,ФЛ,Ипотека,Кубань Кредит,360,2026-06-18 11:12:27.291 +0300
"2be7f950954f9f0b079ca01c72d39a42",Морская Горгиппия,Анапа,Анапа м.о.,Эконом,ОБД-Инвест,2026-04-15,квартира,7,29.87,5492107.00,183867.00,Под чистовую,ФЛ,Ипотека,ПАО Сбербанк России,0,2026-06-18 11:12:27.291 +0300
"83e4b77e4c81fe02646c0317f082a5b3",Эден / Eden Family Hotel,Анапа,Анапа м.о.,Комфорт,Развитие,2026-04-15,апартаменты,3,26.20,9354500.00,357042.00,С отделкой и мебелью,ФЛ,Нет,,0,2026-06-18 11:12:27.291 +0300
"114265fbbd12eef28cca19fc11278cc4",Город у моря,Новороссийск,Новороссийск м.о.,Комфорт,ВКБ-Новостройки,2026-04-16,квартира,7,83.39,10424000.00,121350.41,С отделкой,ФЛ,Ипотека,ПАО Сбербанк России,360,2026-06-18 11:12:27.291 +0300
d83227169c3b10c28e16d938fe1747f2,Резиденция Морей,Новороссийск,Новороссийск м.о.,Бизнес,ССК,2026-04-16,квартира,3,41.00,8938000.00,218000.00,Под чистовую и с отделкой,ФЛ,Нет,,0,2026-06-18 11:12:27.291 +0300
"3b768d7a3423d87ca2500e86b3aa26e8",Мореград,Анапа,Анапа м.о.,Комфорт,ССК,2026-04-16,апартаменты,6,24.00,8640000.00,360000.00,С отделкой и мебелью,ФЛ,Ипотека,ПАО Банк ВТБ,0,2026-06-18 11:12:27.291 +0300
e7435571144b9a3d7cd4ab24dd71543f,На Высоком берегу,Анапа,Анапа м.о.,Бизнес,ССК,2026-04-16,квартира,4,37.80,10206000.00,270000.00,Под чистовую,ФЛ,Ипотека,ПАО Сбербанк России,0,2026-06-18 11:12:27.291 +0300
e7435571144b9a3d7cd4ab24dd71543f,На Высоком берегу,Анапа,Анапа м.о.,Бизнес,ССК,2026-04-16,квартира,6,57.55,14963000.00,260000.00,Под чистовую,ФЛ,Ипотека,ПАО Совкомбанк,0,2026-06-18 11:12:27.291 +0300
"95f1de2b556858c9cfd19ec123edd090",Космос Черное море Риверта Отель / Cosmos Black Sea Riverta Hotel,Пляхо с.,Туапсинский м.о.,Премиум,Тренд-групп,2026-04-16,апартаменты,4,27.30,14605500.00,535000.00,С отделкой и мебелью,ФЛ,Нет,,0,2026-06-18 11:12:27.291 +0300
"0fd8a9684833d1c7045dbb36bd3c14e2",Кислород,Сочи,Сочи г.о.,Бизнес,AVA Group,2026-04-16,квартира,11,41.75,15618267.00,363300.00,Без отделки,ФЛ,Ипотека,ПАО Совкомбанк,360,2026-06-18 11:12:27.291 +0300
b9d92574715ea90ea054b9078964a5d8,Лестория,Сочи,Сочи г.о.,Бизнес-,Неометрия,2026-04-16,квартира,9,58.40,22594500.00,386892.12,Без отделки,ФЛ,Нет,,0,2026-06-18 11:12:27.291 +0300
b9d92574715ea90ea054b9078964a5d8,Лестория,Сочи,Сочи г.о.,Бизнес-,Неометрия,2026-04-16,квартира,14,77.70,31493630.00,405323.42,Без отделки,ФЛ,Нет,,0,2026-06-18 11:12:27.291 +0300
b9d92574715ea90ea054b9078964a5d8,Лестория,Сочи,Сочи г.о.,Бизнес-,Неометрия,2026-04-16,квартира,11,57.60,21060284.00,365629.93,Без отделки,ФЛ,Ипотека,ПАО Совкомбанк,360,2026-06-18 11:12:27.291 +0300
d83227169c3b10c28e16d938fe1747f2,Резиденция Морей,Новороссийск,Новороссийск м.о.,Бизнес,ССК,2026-04-16,квартира,7,45.67,10150157.00,222250.00,Под чистовую и с отделкой,ФЛ,Ипотека,ПАО Сбербанк России,360,2026-06-18 11:12:27.291 +0300
"89f537fda6bcc1df310625c68de74f15",Корсаков,Анапа,Анапа м.о.,Комфорт,ССК,2026-04-16,апартаменты,4,31.41,12686700.00,390000.00,С отделкой и мебелью,ФЛ,Ипотека,АО Альфа-Банк,0,2026-06-18 11:12:27.291 +0300
"9f774747a88c96336616fc5165908dba",Sun Hills Olginka,Ольгинка с.,Туапсинский м.о.,Комфорт,Метрикс Develoрment,2026-04-16,квартира,8,18.18,6514803.00,358350.00,Под чистовую,ФЛ,Ипотека,ПАО Банк ВТБ,362,2026-06-18 11:12:27.291 +0300
ecdd2060c65010326879068843af8e13,Хозяин морей,Анапа,Анапа м.о.,Бизнес,Точно,2026-04-16,квартира,4,38.00,9296000.00,257506.93,Под чистовую и отделка как доп. опция,ФЛ,Ипотека,ПАО Совкомбанк,0,2026-06-18 11:12:27.291 +0300
ecdd2060c65010326879068843af8e13,Хозяин морей,Анапа,Анапа м.о.,Бизнес,Точно,2026-04-16,квартира,2,38.00,9296000.00,257506.93,Под чистовую и отделка как доп. опция,ФЛ,Нет,,0,2026-06-18 11:12:27.291 +0300
"018074db013670b10cd1d3367521d2a2",Барса,Новороссийск,Новороссийск м.о.,Бизнес,Точно,2026-04-16,квартира,9,57.07,11410000.00,206702.90,Под чистовую и отделка как доп. опция,ФЛ,Ипотека,ПАО АКБ МЕТАЛЛУРГИЧЕСКИЙ ИНВЕСТИЦИОННЫЙ БАНК,276,2026-06-18 11:12:27.291 +0300
de2aa2f5a366bc2350a3e192512ea3e6,Цветной бульвар,Северская ст-ца,Северский м.о.,Комфорт,Точно,2026-04-17,квартира,8,40.79,4690850.00,115000.00,С отделкой,ФЛ,Ипотека,ПАО Банк ВТБ,0,2026-06-18 11:12:27.291 +0300
"508e2e152a644af269da402a71a52936",Облака,Новороссийск,Новороссийск м.о.,Комфорт,Неометрия,2026-04-17,квартира,15,39.90,8371510.00,202700.00,Без отделки,ФЛ,Ипотека,ПАО Банк ВТБ,362,2026-06-18 11:12:27.291 +0300
b9d92574715ea90ea054b9078964a5d8,Лестория,Сочи,Сочи г.о.,Бизнес-,Неометрия,2026-04-17,квартира,16,43.90,22254285.00,506931.32,Под чистовую и с отделкой,ФЛ,Ипотека,ПАО МОСКОВСКИЙ КРЕДИТНЫЙ БАНК,300,2026-06-18 11:12:27.291 +0300
b9d92574715ea90ea054b9078964a5d8,Лестория,Сочи,Сочи г.о.,Бизнес-,Неометрия,2026-04-17,квартира,15,20.80,12603940.00,605958.65,Без отделки,ФЛ,Ипотека,ПАО Сбербанк России,276,2026-06-18 11:12:27.291 +0300
e7435571144b9a3d7cd4ab24dd71543f,На Высоком берегу,Анапа,Анапа м.о.,Бизнес,ССК,2026-04-17,квартира,3,37.70,10179000.00,270000.00,Под чистовую,ФЛ,Ипотека,АО Альфа-Банк,0,2026-06-18 11:12:27.291 +0300
e7435571144b9a3d7cd4ab24dd71543f,На Высоком берегу,Анапа,Анапа м.о.,Бизнес,ССК,2026-04-17,квартира,4,32.45,9410500.00,290000.00,Под чистовую,ФЛ,Ипотека,АО Альфа-Банк,0,2026-06-18 11:12:27.291 +0300
d83227169c3b10c28e16d938fe1747f2,Резиденция Морей,Новороссийск,Новороссийск м.о.,Бизнес,ССК,2026-04-17,квартира,8,28.64,7160000.00,250000.00,"Под чистовую, отделка как доп. опция",ФЛ,Ипотека,ПАО Совкомбанк,0,2026-06-18 11:12:27.291 +0300
"9f774747a88c96336616fc5165908dba",Sun Hills Olginka,Ольгинка с.,Туапсинский м.о.,Комфорт,Метрикс Develoрment,2026-04-17,квартира,8,21.83,7254174.00,332302.98,Под чистовую,ФЛ,Ипотека,АО Альфа-Банк,360,2026-06-18 11:12:27.291 +0300
c2600c4dfa1b97ac0b7b06040e1ddaec,Порто-Ново,Новороссийск,Новороссийск м.о.,Комфорт,DOGMA,2026-04-17,квартира,7,45.30,8906040.00,190300.00,"Под чистовую, отделка как доп. опция",ФЛ,Ипотека,ПАО Сбербанк России,360,2026-06-18 11:12:27.291 +0300
ecdd2060c65010326879068843af8e13,Хозяин морей,Анапа,Анапа м.о.,Бизнес,Точно,2026-04-17,квартира,6,38.00,9747000.00,270000.00,Под чистовую и отделка как доп. опция,ФЛ,Нет,,0,2026-06-18 11:12:27.291 +0300
bcd90c1f7a745d86700f5d01f8ea550c,Кипарис,Сукко с.,Анапа м.о.,Комфорт,Bravo,2026-04-17,квартира,5,53.00,12375500.00,233500.00,С отделкой,ФЛ,Ипотека,ПАО Совкомбанк,0,2026-06-18 11:12:27.291 +0300
bcd90c1f7a745d86700f5d01f8ea550c,Кипарис,Сукко с.,Анапа м.о.,Комфорт,Bravo,2026-04-17,квартира,3,38.70,10700550.00,276500.00,С отделкой,ФЛ,Ипотека,ПАО Совкомбанк,0,2026-06-18 11:12:27.291 +0300
bcd90c1f7a745d86700f5d01f8ea550c,Кипарис,Сукко с.,Анапа м.о.,Комфорт,Bravo,2026-04-18,квартира,5,36.60,8967000.00,245000.00,С отделкой,ФЛ,Ипотека,ПАО Сбербанк России,0,2026-06-18 11:12:27.291 +0300
"114265fbbd12eef28cca19fc11278cc4",Город у моря,Новороссийск,Новороссийск м.о.,Комфорт,ВКБ-Новостройки,2026-04-20,квартира,2,66.72,9488000.00,142206.24,С отделкой,ФЛ,Ипотека,ПАО Сбербанк России,0,2026-06-18 11:12:27.291 +0300
"114265fbbd12eef28cca19fc11278cc4",Город у моря,Новороссийск,Новороссийск м.о.,Комфорт,ВКБ-Новостройки,2026-04-20,квартира,3,66.66,9653000.00,144809.48,С отделкой,ФЛ,Нет,,0,2026-06-18 11:12:27.291 +0300
e6633db8b4c0466143c3ba2ad76172f0,Лучи,Анапа,Анапа м.о.,Комфорт,ADM group / Вертикаль,2026-04-20,апартаменты,5,32.84,17635080.00,537000.00,С отделкой и мебелью,ФЛ,Нет,,0,2026-06-18 11:12:27.291 +0300
"83e4b77e4c81fe02646c0317f082a5b3",Эден / Eden Family Hotel,Анапа,Анапа м.о.,Комфорт,Развитие,2026-04-20,апартаменты,5,26.00,9037600.00,347600.00,С отделкой и мебелью,ФЛ,Нет,,0,2026-06-18 11:12:27.291 +0300
"95f1de2b556858c9cfd19ec123edd090",Космос Черное море Риверта Отель / Cosmos Black Sea Riverta Hotel,Пляхо с.,Туапсинский м.о.,Премиум,Тренд-групп,2026-04-20,апартаменты,7,25.70,14520500.00,565000.00,С отделкой и мебелью,ФЛ,Нет,,0,2026-06-18 11:12:27.291 +0300
"9aa8b842445a7cec2bd4d81e48bebc3a",Новая Волна / Volna Residences,Сочи,Сочи г.о.,Элитный,Nedvex,2026-04-20,апартаменты,4,30.97,47100000.00,1520826.61,Отделка как доп. опция,ФЛ,Нет,,0,2026-06-18 11:12:27.291 +0300
fc98c3a43cd1680c1cb66c1523d44f4a,Дзенпарк,Марьянская ст.,Красноармейский м.о.,Комфорт,Средастрой,2026-04-20,квартира,3,30.90,3575000.00,110000.00,"Под чистовую, отделка как доп. опция",ФЛ,Нет,,0,2026-06-18 11:12:27.291 +0300
ce10854bfb47343480564adf2f08a997,Фестивальный (Кропоткин),Кропоткин,Кропоткинский м.о.,Комфорт,Теплый дом,2026-04-20,квартира,1,72.90,7303800.00,94000.00,Без отделки,ФЛ,Ипотека,ПАО Сбербанк России,276,2026-06-18 11:12:27.291 +0300
c2600c4dfa1b97ac0b7b06040e1ddaec,Порто-Ново,Новороссийск,Новороссийск м.о.,Комфорт,DOGMA,2026-04-20,квартира,16,67.30,11138150.00,165500.00,"Под чистовую, отделка как доп. опция",ФЛ,Ипотека,ПАО Сбербанк России,0,2026-06-18 11:12:27.291 +0300
ecdd2060c65010326879068843af8e13,Хозяин морей,Анапа,Анапа м.о.,Бизнес,Точно,2026-04-20,квартира,4,34.20,8332999.00,252515.15,Под чистовую и отделка как доп. опция,ФЛ,Ипотека,ПАО Сбербанк России,0,2026-06-18 11:12:27.291 +0300
bcd90c1f7a745d86700f5d01f8ea550c,Кипарис,Сукко с.,Анапа м.о.,Комфорт,Bravo,2026-04-20,квартира,5,35.20,8624000.00,245000.00,С отделкой,ФЛ,Нет,,0,2026-06-18 11:12:27.291 +0300
c2600c4dfa1b97ac0b7b06040e1ddaec,Порто-Ново,Новороссийск,Новороссийск м.о.,Комфорт,DOGMA,2026-04-21,квартира,5,63.90,10987200.00,168000.00,"Под чистовую, отделка как доп. опция",ФЛ,Ипотека,ПАО Сбербанк России,0,2026-06-18 11:12:27.291 +0300
d83227169c3b10c28e16d938fe1747f2,Резиденция Морей,Новороссийск,Новороссийск м.о.,Бизнес,ССК,2026-04-21,квартира,6,43.99,9963735.00,226500.00,Под чистовую и с отделкой,ФЛ,Ипотека,ПАО Сбербанк России,0,2026-06-18 11:12:27.291 +0300
"3b768d7a3423d87ca2500e86b3aa26e8",Мореград,Анапа,Анапа м.о.,Комфорт,ССК,2026-04-21,апартаменты,6,27.60,9936000.00,360000.00,С отделкой и мебелью,ФЛ,Нет,,0,2026-06-18 11:12:27.291 +0300
d83227169c3b10c28e16d938fe1747f2,Резиденция Морей,Новороссийск,Новороссийск м.о.,Бизнес,ССК,2026-04-21,квартира,7,28.64,7160000.00,250000.00,"Под чистовую, отделка как доп. опция",ФЛ,Ипотека,ПАО Сбербанк России,360,2026-06-18 11:12:27.291 +0300
"508e2e152a644af269da402a71a52936",Облака,Новороссийск,Новороссийск м.о.,Комфорт,Неометрия,2026-04-21,квартира,6,35.10,7833969.00,223190.00,Без отделки,ФЛ,Ипотека,Российская Федерация,0,2026-06-18 11:12:27.291 +0300
b9d92574715ea90ea054b9078964a5d8,Лестория,Сочи,Сочи г.о.,Бизнес-,Неометрия,2026-04-21,квартира,6,44.40,21564680.00,485690.99,Под чистовую и с отделкой,ФЛ,Нет,,0,2026-06-18 11:12:27.291 +0300
b9d92574715ea90ea054b9078964a5d8,Лестория,Сочи,Сочи г.о.,Бизнес-,Неометрия,2026-04-21,квартира,5,32.40,13590896.00,419472.10,Без отделки,ФЛ,Нет,,0,2026-06-18 11:12:27.291 +0300
"508e2e152a644af269da402a71a52936",Облака,Новороссийск,Новороссийск м.о.,Комфорт,Неометрия,2026-04-22,квартира,5,25.00,6225120.00,237600.00,Без отделки,ФЛ,Ипотека,ПАО БАНК УРАЛСИБ,329,2026-06-18 11:12:27.291 +0300
"508e2e152a644af269da402a71a52936",Облака,Новороссийск,Новороссийск м.о.,Комфорт,Неометрия,2026-04-22,квартира,10,52.60,10046600.00,191000.00,Без отделки,ФЛ,Ипотека,ПАО Сбербанк России,0,2026-06-18 11:12:27.291 +0300
b9d92574715ea90ea054b9078964a5d8,Лестория,Сочи,Сочи г.о.,Бизнес-,Неометрия,2026-04-22,квартира,14,73.50,26790750.00,364500.00,Без отделки,ФЛ,Нет,,0,2026-06-18 11:12:27.291 +0300
b9d92574715ea90ea054b9078964a5d8,Лестория,Сочи,Сочи г.о.,Бизнес-,Неометрия,2026-04-22,квартира,11,50.30,21952210.00,436425.65,Под чистовую,ФЛ,Ипотека,ПАО Совкомбанк,276,2026-06-18 11:12:27.291 +0300
c2600c4dfa1b97ac0b7b06040e1ddaec,Порто-Ново,Новороссийск,Новороссийск м.о.,Комфорт,DOGMA,2026-04-22,квартира,15,20.90,6604400.00,316000.00,"Под чистовую, отделка как доп. опция",ФЛ,Ипотека,ПАО Сбербанк России,360,2026-06-18 11:12:27.291 +0300
c2600c4dfa1b97ac0b7b06040e1ddaec,Порто-Ново,Новороссийск,Новороссийск м.о.,Комфорт,DOGMA,2026-04-22,квартира,12,45.10,9389120.00,195200.00,"Под чистовую, отделка как доп. опция",ФЛ,Ипотека,ПАО Банк ВТБ,362,2026-06-18 11:12:27.291 +0300
ecdd2060c65010326879068843af8e13,Хозяин морей,Анапа,Анапа м.о.,Бизнес,Точно,2026-04-22,квартира,5,38.00,9296000.00,257506.93,Под чистовую и отделка как доп. опция,ФЛ,Нет,,0,2026-06-18 11:12:27.291 +0300
bcd90c1f7a745d86700f5d01f8ea550c,Кипарис,Сукко с.,Анапа м.о.,Комфорт,Bravo,2026-04-22,квартира,4,62.70,14609100.00,233000.00,С отделкой,ФЛ,Нет,,0,2026-06-18 11:12:27.291 +0300
"018074db013670b10cd1d3367521d2a2",Барса,Новороссийск,Новороссийск м.о.,Бизнес,Точно,2026-04-22,квартира,6,55.20,11264000.00,204057.97,Под чистовую и отделка как доп. опция,ФЛ,Ипотека,ПАО Сбербанк России,0,2026-06-18 11:12:27.291 +0300
d83227169c3b10c28e16d938fe1747f2,Резиденция Морей,Новороссийск,Новороссийск м.о.,Бизнес,ССК,2026-04-22,квартира,4,44.17,11141882.00,252250.00,Под чистовую и с отделкой,ФЛ,Ипотека,ПАО Сбербанк России,0,2026-06-18 11:12:27.291 +0300
d83227169c3b10c28e16d938fe1747f2,Резиденция Морей,Новороссийск,Новороссийск м.о.,Бизнес,ССК,2026-04-22,квартира,5,44.17,10004505.00,226500.00,Под чистовую и с отделкой,ФЛ,Нет,,0,2026-06-18 11:12:27.291 +0300
"114265fbbd12eef28cca19fc11278cc4",Город у моря,Новороссийск,Новороссийск м.о.,Комфорт,ВКБ-Новостройки,2026-04-23,квартира,7,83.39,10431281.00,121350.41,С отделкой,ФЛ,Ипотека,ПАО Промсвязьбанк,0,2026-06-18 11:12:27.291 +0300
e7435571144b9a3d7cd4ab24dd71543f,На Высоком берегу,Анапа,Анапа м.о.,Бизнес,ССК,2026-04-23,квартира,4,32.45,9410500.00,290000.00,Под чистовую,ФЛ,Ипотека,ПАО Сбербанк России,0,2026-06-18 11:12:27.291 +0300
e7435571144b9a3d7cd4ab24dd71543f,На Высоком берегу,Анапа,Анапа м.о.,Бизнес,ССК,2026-04-23,квартира,5,57.25,14885000.00,260000.00,Под чистовую,ФЛ,Нет,,0,2026-06-18 11:12:27.291 +0300
e7435571144b9a3d7cd4ab24dd71543f,На Высоком берегу,Анапа,Анапа м.о.,Бизнес,ССК,2026-04-23,квартира,6,38.10,10287000.00,270000.00,Под чистовую,ФЛ,Нет,,0,2026-06-18 11:12:27.291 +0300
e7435571144b9a3d7cd4ab24dd71543f,На Высоком берегу,Анапа,Анапа м.о.,Бизнес,ССК,2026-04-23,квартира,7,57.05,15118250.00,265000.00,Под чистовую,ФЛ,Нет,,0,2026-06-18 11:12:27.291 +0300
"95f1de2b556858c9cfd19ec123edd090",Космос Черное море Риверта Отель / Cosmos Black Sea Riverta Hotel,Пляхо с.,Туапсинский м.о.,Премиум,Тренд-групп,2026-04-23,апартаменты,3,27.30,14469000.00,530000.00,С отделкой и мебелью,ФЛ,Нет,,0,2026-06-18 11:12:27.291 +0300
c2600c4dfa1b97ac0b7b06040e1ddaec,Порто-Ново,Новороссийск,Новороссийск м.о.,Комфорт,DOGMA,2026-04-23,квартира,13,46.60,9077680.00,194800.00,"Под чистовую, отделка как доп. опция",ФЛ,Ипотека,АО Альфа-Банк,0,2026-06-18 11:12:27.291 +0300
bcd90c1f7a745d86700f5d01f8ea550c,Кипарис,Сукко с.,Анапа м.о.,Комфорт,Bravo,2026-04-23,квартира,8,42.90,11690250.00,272500.00,С отделкой,ФЛ,Нет,,0,2026-06-18 11:12:27.291 +0300
bcd90c1f7a745d86700f5d01f8ea550c,Кипарис,Сукко с.,Анапа м.о.,Комфорт,Bravo,2026-04-23,квартира,6,35.50,9975500.00,281000.00,С отделкой,ФЛ,Ипотека,ПАО Сбербанк России,0,2026-06-18 11:12:27.291 +0300
bcd90c1f7a745d86700f5d01f8ea550c,Кипарис,Сукко с.,Анапа м.о.,Комфорт,Bravo,2026-04-23,нежилое помещение,1,27.00,0.00,0.00,С отделкой,ФЛ,Нет,,0,2026-06-18 11:12:27.291 +0300
c2600c4dfa1b97ac0b7b06040e1ddaec,Порто-Ново,Новороссийск,Новороссийск м.о.,Комфорт,DOGMA,2026-04-23,квартира,10,36.00,7502400.00,208400.00,"Под чистовую, отделка как доп. опция",ФЛ,Ипотека,ПАО Промсвязьбанк,0,2026-06-18 11:12:27.291 +0300
"937886a1c9205f225c86d9db67028971",Палаццо Де Агой / Гранд Отель Агой,Агой с.,Туапсинский м.о.,Бизнес+,ЯRus девелопмент,2026-04-23,апартаменты,2,28.30,30281000.00,1070000.00,С отделкой и мебелью,ФЛ,Нет,,0,2026-06-18 11:12:27.291 +0300
c5fc682cef8e118ca6caaa2ddeaeb433,Sun Garden Hotel,Анапа,Анапа м.о.,Премиум,Развитие,2026-04-23,апартаменты,2,26.30,15438100.00,587000.00,С отделкой и мебелью,ФЛ,Нет,,0,2026-06-18 11:12:27.291 +0300
"9f774747a88c96336616fc5165908dba",Sun Hills Olginka,Ольгинка с.,Туапсинский м.о.,Комфорт,Метрикс Develoрment,2026-04-23,квартира,2,37.65,10424758.00,276886.00,Под чистовую,ФЛ,Ипотека,ПАО Сбербанк России,360,2026-06-18 11:12:27.291 +0300
de2aa2f5a366bc2350a3e192512ea3e6,Цветной бульвар,Северская ст-ца,Северский м.о.,Комфорт,Точно,2026-04-23,квартира,7,40.79,4690850.00,115000.00,С отделкой,ФЛ,Ипотека,ПАО Банк ВТБ,362,2026-06-18 11:12:27.291 +0300
c5fc682cef8e118ca6caaa2ddeaeb433,Sun Garden Hotel,Анапа,Анапа м.о.,Премиум,Развитие,2026-04-23,апартаменты,4,53.40,20559000.00,385000.00,С отделкой и мебелью,ФЛ,Нет,,0,2026-06-18 11:12:27.291 +0300
c5fc682cef8e118ca6caaa2ddeaeb433,Sun Garden Hotel,Анапа,Анапа м.о.,Премиум,Развитие,2026-04-24,апартаменты,6,91.10,34617969.00,379583.00,С отделкой и мебелью,ФЛ,Нет,,0,2026-06-18 11:12:27.291 +0300
"508e2e152a644af269da402a71a52936",Облака,Новороссийск,Новороссийск м.о.,Комфорт,Неометрия,2026-04-24,квартира,19,26.20,6436239.00,245657.98,Без отделки,ФЛ,Нет,,0,2026-06-18 11:12:27.291 +0300
"508e2e152a644af269da402a71a52936",Облака,Новороссийск,Новороссийск м.о.,Комфорт,Неометрия,2026-04-24,квартира,1,79.80,13131090.00,164550.00,Без отделки,ФЛ,Ипотека,ПАО Совкомбанк,360,2026-06-18 11:12:27.291 +0300
"508e2e152a644af269da402a71a52936",Облака,Новороссийск,Новороссийск м.о.,Комфорт,Неометрия,2026-04-24,квартира,11,22.80,6464304.00,267120.00,Без отделки,ФЛ,Ипотека,ПАО Банк ВТБ,0,2026-06-18 11:12:27.291 +0300
d83227169c3b10c28e16d938fe1747f2,Резиденция Морей,Новороссийск,Новороссийск м.о.,Бизнес,ССК,2026-04-24,квартира,9,61.34,13494800.00,220000.00,Под чистовую и с отделкой,ФЛ,Ипотека,АО Альфа-Банк,0,2026-06-18 11:12:27.291 +0300
d83227169c3b10c28e16d938fe1747f2,Резиденция Морей,Новороссийск,Новороссийск м.о.,Бизнес,ССК,2026-04-24,квартира,6,44.17,9816782.00,222250.00,Под чистовую и с отделкой,ФЛ,Ипотека,АО Альфа-Банк,0,2026-06-18 11:12:27.291 +0300
e7435571144b9a3d7cd4ab24dd71543f,На Высоком берегу,Анапа,Анапа м.о.,Бизнес,ССК,2026-04-24,квартира,8,37.80,9450000.00,250000.00,Под чистовую,ФЛ,Нет,,0,2026-06-18 11:12:27.291 +0300
"114265fbbd12eef28cca19fc11278cc4",Город у моря,Новороссийск,Новороссийск м.о.,Комфорт,ВКБ-Новостройки,2026-04-24,квартира,4,30.45,6794000.00,209110.50,С отделкой,ФЛ,Ипотека,ПАО Сбербанк России,360,2026-06-18 11:12:27.291 +0300
"114265fbbd12eef28cca19fc11278cc4",Город у моря,Новороссийск,Новороссийск м.о.,Комфорт,ВКБ-Новостройки,2026-04-24,квартира,3,65.09,9662000.00,144814.15,С отделкой,ФЛ,Ипотека,Кубань Кредит,0,2026-06-18 11:12:27.291 +0300
"95f1de2b556858c9cfd19ec123edd090",Космос Черное море Риверта Отель / Cosmos Black Sea Riverta Hotel,Пляхо с.,Туапсинский м.о.,Премиум,Тренд-групп,2026-04-24,апартаменты,4,33.60,17976000.00,535000.00,С отделкой и мебелью,ФЛ,Ипотека,ПАО Сбербанк России,360,2026-06-18 11:12:27.291 +0300
"018074db013670b10cd1d3367521d2a2",Барса,Новороссийск,Новороссийск м.о.,Бизнес,Точно,2026-04-24,квартира,5,53.70,14042000.00,261489.76,С отделкой,ФЛ,Ипотека,ПАО Сбербанк России,240,2026-06-18 11:12:27.291 +0300
fac27409f6adff29bbeb62313e70cb73,Каравелла Португалии,Дагомыс пгт.,Сочи г.о.,Комфорт,Мебельщик,2026-04-24,квартира,7,62.30,21636999.00,347303.37,Под чистовую,ФЛ,Нет,,0,2026-06-18 11:12:27.291 +0300
"3b768d7a3423d87ca2500e86b3aa26e8",Мореград,Анапа,Анапа м.о.,Комфорт,ССК,2026-04-25,апартаменты,4,24.10,8796500.00,365000.00,С отделкой и мебелью,ФЛ,Ипотека,ПАО Сбербанк России,0,2026-06-18 11:12:27.291 +0300
"9f774747a88c96336616fc5165908dba",Sun Hills Olginka,Ольгинка с.,Туапсинский м.о.,Комфорт,Метрикс Develoрment,2026-04-25,квартира,3,28.36,7693018.00,271263.01,Под чистовую,ФЛ,Ипотека,ПАО Сбербанк России,144,2026-06-18 11:12:27.291 +0300
c2600c4dfa1b97ac0b7b06040e1ddaec,Порто-Ново,Новороссийск,Новороссийск м.о.,Комфорт,DOGMA,2026-04-26,квартира,13,67.30,11043930.00,164100.00,"Под чистовую, отделка как доп. опция",ФЛ,Нет,,0,2026-06-18 11:12:27.291 +0300
"114265fbbd12eef28cca19fc11278cc4",Город у моря,Новороссийск,Новороссийск м.о.,Комфорт,ВКБ-Новостройки,2026-04-26,квартира,8,65.09,9580000.00,143714.37,С отделкой,ФЛ,Ипотека,ПАО Сбербанк России,360,2026-06-18 11:12:27.291 +0300
d83227169c3b10c28e16d938fe1747f2,Резиденция Морей,Новороссийск,Новороссийск м.о.,Бизнес,ССК,2026-04-26,квартира,5,55.17,9816782.00,222250.00,Под чистовую и с отделкой,ФЛ,Ипотека,ПАО Сбербанк России,0,2026-06-18 11:12:27.291 +0300
"114265fbbd12eef28cca19fc11278cc4",Город у моря,Новороссийск,Новороссийск м.о.,Комфорт,ВКБ-Новостройки,2026-04-26,квартира,2,30.45,6745000.00,207602.34,С отделкой,ФЛ,Ипотека,ПАО Сбербанк России,0,2026-06-18 11:12:27.291 +0300
"018074db013670b10cd1d3367521d2a2",Барса,Новороссийск,Новороссийск м.о.,Бизнес,Точно,2026-04-27,квартира,4,57.07,11264000.00,204057.97,Под чистовую и отделка как доп. опция,ФЛ,Ипотека,АО Альфа-Банк,300,2026-06-18 11:12:27.291 +0300
c2600c4dfa1b97ac0b7b06040e1ddaec,Порто-Ново,Новороссийск,Новороссийск м.о.,Комфорт,DOGMA,2026-04-27,квартира,11,67.30,11037200.00,164000.00,"Под чистовую, отделка как доп. опция",ФЛ,Ипотека,ПАО Сбербанк России,300,2026-06-18 11:12:27.291 +0300
cd60148b427a937b07d16ed3aa02db46,Алеан Селект Агой / Alean Select Agoy,Агой с.,Туапсинский м.о.,Комфорт,Метрикс Develoрment,2026-04-27,апартаменты,4,33.40,23881000.00,715000.00,С отделкой и мебелью,ФЛ,Нет,,0,2026-06-18 11:12:27.291 +0300
bcd90c1f7a745d86700f5d01f8ea550c,Кипарис,Сукко с.,Анапа м.о.,Комфорт,Bravo,2026-04-27,квартира,7,35.10,8599500.00,245000.00,С отделкой,ФЛ,Нет,,0,2026-06-18 11:12:27.291 +0300
d83227169c3b10c28e16d938fe1747f2,Резиденция Морей,Новороссийск,Новороссийск м.о.,Бизнес,ССК,2026-04-27,квартира,5,41.54,9232265.00,222250.00,Под чистовую и с отделкой,ФЛ,Ипотека,ПАО Сбербанк России,0,2026-06-18 11:12:27.291 +0300
d83227169c3b10c28e16d938fe1747f2,Резиденция Морей,Новороссийск,Новороссийск м.о.,Бизнес,ССК,2026-04-27,квартира,8,41.54,9232265.00,222250.00,Под чистовую и с отделкой,ФЛ,Ипотека,ПАО Сбербанк России,0,2026-06-18 11:12:27.291 +0300
d83227169c3b10c28e16d938fe1747f2,Резиденция Морей,Новороссийск,Новороссийск м.о.,Бизнес,ССК,2026-04-27,квартира,2,44.17,9629060.00,218000.00,Под чистовую и с отделкой,ФЛ,Ипотека,ПАО Сбербанк России,0,2026-06-18 11:12:27.291 +0300
d83227169c3b10c28e16d938fe1747f2,Резиденция Морей,Новороссийск,Новороссийск м.о.,Бизнес,ССК,2026-04-27,квартира,4,31.60,7900000.00,250000.00,"Под чистовую, отделка как доп. опция",ФЛ,Ипотека,ПАО Сбербанк России,0,2026-06-18 11:12:27.291 +0300
d83227169c3b10c28e16d938fe1747f2,Резиденция Морей,Новороссийск,Новороссийск м.о.,Бизнес,ССК,2026-04-27,квартира,5,54.62,12574980.00,239250.00,Под чистовую и с отделкой,ФЛ,Ипотека,ПАО Совкомбанк,0,2026-06-18 11:12:27.291 +0300
"3b768d7a3423d87ca2500e86b3aa26e8",Мореград,Анапа,Анапа м.о.,Комфорт,ССК,2026-04-27,апартаменты,8,24.30,8748000.00,360000.00,С отделкой и мебелью,ФЛ,Ипотека,ПАО Банк ВТБ,0,2026-06-18 11:12:27.291 +0300
"83e4b77e4c81fe02646c0317f082a5b3",Эден / Eden Family Hotel,Анапа,Анапа м.о.,Комфорт,Развитие,2026-04-27,апартаменты,4,32.60,11331760.00,347600.00,С отделкой и мебелью,ФЛ,Нет,,0,2026-06-18 11:12:27.291 +0300
d83227169c3b10c28e16d938fe1747f2,Резиденция Морей,Новороссийск,Новороссийск м.о.,Бизнес,ССК,2026-04-27,квартира,9,46.77,10990950.00,235000.00,"Под чистовую, отделка как доп. опция",ФЛ,Ипотека,АО Альфа-Банк,0,2026-06-18 11:12:27.291 +0300
"018074db013670b10cd1d3367521d2a2",Барса,Новороссийск,Новороссийск м.о.,Бизнес,Точно,2026-04-28,квартира,9,56.10,14474547.00,264134.08,С отделкой,ФЛ,Ипотека,ПАО Сбербанк России,360,2026-06-18 11:12:27.291 +0300
fc98c3a43cd1680c1cb66c1523d44f4a,Дзенпарк,Марьянская ст.,Красноармейский м.о.,Комфорт,Средастрой,2026-04-28,квартира,3,18.50,2220000.00,120000.00,"Под чистовую, отделка как доп. опция",ФЛ,Нет,,0,2026-06-18 11:12:27.291 +0300
ce10854bfb47343480564adf2f08a997,Фестивальный (Кропоткин),Кропоткин,Кропоткинский м.о.,Комфорт,Теплый дом,2026-04-28,квартира,1,48.60,5005800.00,103000.00,Без отделки,ФЛ,Ипотека,ПАО Сбербанк России,84,2026-06-18 11:12:27.291 +0300
"018074db013670b10cd1d3367521d2a2",Барса,Новороссийск,Новороссийск м.о.,Бизнес,Точно,2026-04-28,квартира,8,57.07,11410000.00,206702.90,Под чистовую и отделка как доп. опция,ФЛ,Нет,,0,2026-06-18 11:12:27.291 +0300
d83227169c3b10c28e16d938fe1747f2,Резиденция Морей,Новороссийск,Новороссийск м.о.,Бизнес,ССК,2026-04-28,квартира,4,44.15,9624700.00,218000.00,Под чистовую и с отделкой,ФЛ,Ипотека,ПАО Сбербанк России,0,2026-06-18 11:12:27.291 +0300
d83227169c3b10c28e16d938fe1747f2,Резиденция Морей,Новороссийск,Новороссийск м.о.,Бизнес,ССК,2026-04-28,квартира,2,44.17,9629060.00,218000.00,Под чистовую и с отделкой,ФЛ,Ипотека,ПАО Сбербанк России,180,2026-06-18 11:12:27.291 +0300
d83227169c3b10c28e16d938fe1747f2,Резиденция Морей,Новороссийск,Новороссийск м.о.,Бизнес,ССК,2026-04-28,квартира,7,567.00,9816782.00,222250.00,Под чистовую и с отделкой,ФЛ,Ипотека,ПАО Сбербанк России,0,2026-06-18 11:12:27.291 +0300
e6633db8b4c0466143c3ba2ad76172f0,Лучи,Анапа,Анапа м.о.,Комфорт,ADM group / Вертикаль,2026-04-28,апартаменты,3,30.03,18408390.00,613000.00,С отделкой и мебелью,ФЛ,Нет,,0,2026-06-18 11:12:27.291 +0300
"83e4b77e4c81fe02646c0317f082a5b3",Эден / Eden Family Hotel,Анапа,Анапа м.о.,Комфорт,Развитие,2026-04-28,апартаменты,5,26.00,9037600.00,347600.00,С отделкой и мебелью,ФЛ,Ипотека,ПАО Сбербанк России,0,2026-06-18 11:12:27.291 +0300
d83227169c3b10c28e16d938fe1747f2,Резиденция Морей,Новороссийск,Новороссийск м.о.,Бизнес,ССК,2026-04-28,квартира,5,28.61,7152500.00,250000.00,"Под чистовую, отделка как доп. опция",ФЛ,Ипотека,ПАО Совкомбанк,0,2026-06-18 11:12:27.291 +0300
d83227169c3b10c28e16d938fe1747f2,Резиденция Морей,Новороссийск,Новороссийск м.о.,Бизнес,ССК,2026-04-28,квартира,17,28.24,7060000.00,250000.00,"Под чистовую, отделка как доп. опция",ФЛ,Ипотека,АО Банк Дом.РФ,360,2026-06-18 11:12:27.291 +0300
"9648a6234501850e715607d4d244b13a",Botanica Hills,Небуг с.,Туапсинский м.о.,Комфорт,Метрикс Develoрment,2026-04-28,квартира,9,28.28,8813274.00,311643.36,"Под чистовую, отделка как доп. опция",ФЛ,Ипотека,ПАО Сбербанк России,360,2026-06-18 11:12:27.291 +0300
"508e2e152a644af269da402a71a52936",Облака,Новороссийск,Новороссийск м.о.,Комфорт,Неометрия,2026-04-28,квартира,1,25.20,5758947.00,211725.99,Без отделки,ФЛ,Ипотека,ПАО Банк ВТБ,362,2026-06-18 11:12:27.291 +0300
"508e2e152a644af269da402a71a52936",Облака,Новороссийск,Новороссийск м.о.,Комфорт,Неометрия,2026-04-28,квартира,18,32.30,8124419.00,251530.00,Без отделки,ФЛ,Ипотека,ПАО Банк ВТБ,362,2026-06-18 11:12:27.291 +0300
"508e2e152a644af269da402a71a52936",Облака,Новороссийск,Новороссийск м.о.,Комфорт,Неометрия,2026-04-28,нежилое помещение,1,31.50,0.00,0.00,Без отделки,ЮЛ,Нет,,0,2026-06-18 11:12:27.291 +0300
"508e2e152a644af269da402a71a52936",Облака,Новороссийск,Новороссийск м.о.,Комфорт,Неометрия,2026-04-28,нежилое помещение,1,41.40,0.00,0.00,Без отделки,ЮЛ,Нет,,0,2026-06-18 11:12:27.291 +0300
"508e2e152a644af269da402a71a52936",Облака,Новороссийск,Новороссийск м.о.,Комфорт,Неометрия,2026-04-28,нежилое помещение,1,65.30,0.00,0.00,Без отделки,ЮЛ,Нет,,0,2026-06-18 11:12:27.291 +0300
"508e2e152a644af269da402a71a52936",Облака,Новороссийск,Новороссийск м.о.,Комфорт,Неометрия,2026-04-28,нежилое помещение,1,60.00,0.00,0.00,Без отделки,ЮЛ,Нет,,0,2026-06-18 11:12:27.291 +0300
"508e2e152a644af269da402a71a52936",Облака,Новороссийск,Новороссийск м.о.,Комфорт,Неометрия,2026-04-28,нежилое помещение,1,23.90,0.00,0.00,Без отделки,ЮЛ,Нет,,0,2026-06-18 11:12:27.291 +0300
b9d92574715ea90ea054b9078964a5d8,Лестория,Сочи,Сочи г.о.,Бизнес-,Неометрия,2026-04-28,квартира,11,36.10,15668610.00,434033.52,Без отделки,ФЛ,Ипотека,АО Альфа-Банк,360,2026-06-18 11:12:27.291 +0300
b9d92574715ea90ea054b9078964a5d8,Лестория,Сочи,Сочи г.о.,Бизнес-,Неометрия,2026-04-28,квартира,11,33.40,15172784.00,454274.97,Под чистовую,ФЛ,Ипотека,АО Альфа-Банк,300,2026-06-18 11:12:27.291 +0300
"9f774747a88c96336616fc5165908dba",Sun Hills Olginka,Ольгинка с.,Туапсинский м.о.,Комфорт,Метрикс Develoрment,2026-04-29,квартира,10,31.77,10046240.00,316217.82,Под чистовую,ФЛ,Ипотека,АО Альфа-Банк,228,2026-06-18 11:12:27.291 +0300
"9f774747a88c96336616fc5165908dba",Sun Hills Olginka,Ольгинка с.,Туапсинский м.о.,Комфорт,Метрикс Develoрment,2026-04-29,квартира,11,17.76,6831472.00,384655.01,Под чистовую,ФЛ,Ипотека,ПАО Банк ВТБ,362,2026-06-18 11:12:27.291 +0300
ecdd2060c65010326879068843af8e13,Хозяин морей,Анапа,Анапа м.о.,Бизнес,Точно,2026-04-29,квартира,5,38.00,9296000.00,257506.93,Под чистовую и отделка как доп. опция,ФЛ,Ипотека,ПАО Сбербанк России,0,2026-06-18 11:12:27.291 +0300
d83227169c3b10c28e16d938fe1747f2,Резиденция Морей,Новороссийск,Новороссийск м.о.,Бизнес,ССК,2026-04-29,квартира,9,40.19,9444650.00,235000.00,Под чистовую и с отделкой,ФЛ,Ипотека,ПАО Совкомбанк,0,2026-06-18 11:12:27.291 +0300
d83227169c3b10c28e16d938fe1747f2,Резиденция Морей,Новороссийск,Новороссийск м.о.,Бизнес,ССК,2026-04-29,квартира,5,45.27,7922250.00,175000.00,Под чистовую и с отделкой,ФЛ,Ипотека,АО Альфа-Банк,300,2026-06-18 11:12:27.291 +0300
d83227169c3b10c28e16d938fe1747f2,Резиденция Морей,Новороссийск,Новороссийск м.о.,Бизнес,ССК,2026-04-29,квартира,5,67.77,11182050.00,165000.00,Под чистовую и с отделкой,ФЛ,Нет,,0,2026-06-18 11:12:27.291 +0300
d83227169c3b10c28e16d938fe1747f2,Резиденция Морей,Новороссийск,Новороссийск м.о.,Бизнес,ССК,2026-04-29,квартира,7,63.19,12969747.00,205250.00,Под чистовую и с отделкой,ФЛ,Ипотека,АО Альфа-Банк,0,2026-06-18 11:12:27.291 +0300
d83227169c3b10c28e16d938fe1747f2,Резиденция Морей,Новороссийск,Новороссийск м.о.,Бизнес,ССК,2026-04-29,квартира,7,45.08,7889000.00,175000.00,Под чистовую и с отделкой,ФЛ,Ипотека,ПАО Сбербанк России,360,2026-06-18 11:12:27.291 +0300
d83227169c3b10c28e16d938fe1747f2,Резиденция Морей,Новороссийск,Новороссийск м.о.,Бизнес,ССК,2026-04-29,квартира,8,63.76,13685301.00,216300.00,"Под чистовую, отделка как доп. опция",ФЛ,Ипотека,АО Альфа-Банк,0,2026-06-18 11:12:27.291 +0300
"3b768d7a3423d87ca2500e86b3aa26e8",Мореград,Анапа,Анапа м.о.,Комфорт,ССК,2026-04-29,апартаменты,2,24.60,8979000.00,365000.00,С отделкой и мебелью,ФЛ,Ипотека,АО Альфа-Банк,0,2026-06-18 11:12:27.291 +0300
e7435571144b9a3d7cd4ab24dd71543f,На Высоком берегу,Анапа,Анапа м.о.,Бизнес,ССК,2026-04-29,квартира,2,32.45,9410500.00,290000.00,Под чистовую,ФЛ,Ипотека,ПАО Сбербанк России,0,2026-06-18 11:12:27.291 +0300
e7435571144b9a3d7cd4ab24dd71543f,На Высоком берегу,Анапа,Анапа м.о.,Бизнес,ССК,2026-04-29,квартира,6,57.05,14833000.00,260000.00,Под чистовую,ФЛ,Ипотека,АО Альфа-Банк,0,2026-06-18 11:12:27.291 +0300
e7435571144b9a3d7cd4ab24dd71543f,На Высоком берегу,Анапа,Анапа м.о.,Бизнес,ССК,2026-04-29,квартира,4,37.80,9072000.00,240000.00,Под чистовую,ФЛ,Ипотека,ПАО Сбербанк России,0,2026-06-18 11:12:27.291 +0300
e7435571144b9a3d7cd4ab24dd71543f,На Высоком берегу,Анапа,Анапа м.о.,Бизнес,ССК,2026-04-29,квартира,3,57.05,11980500.00,210000.00,Под чистовую,ФЛ,Ипотека,АО Альфа-Банк,0,2026-06-18 11:12:27.291 +0300
e7435571144b9a3d7cd4ab24dd71543f,На Высоком берегу,Анапа,Анапа м.о.,Бизнес,ССК,2026-04-29,квартира,4,68.40,13680000.00,200000.00,Под чистовую,ФЛ,Ипотека,ПАО Сбербанк России,0,2026-06-18 11:12:27.291 +0300
e6633db8b4c0466143c3ba2ad76172f0,Лучи,Анапа,Анапа м.о.,Комфорт,ADM group / Вертикаль,2026-04-29,апартаменты,6,29.84,18291920.00,613000.00,С отделкой и мебелью,ФЛ,Нет,,0,2026-06-18 11:12:27.291 +0300
e6633db8b4c0466143c3ba2ad76172f0,Лучи,Анапа,Анапа м.о.,Комфорт,ADM group / Вертикаль,2026-04-29,апартаменты,6,27.83,19033650.00,613000.00,С отделкой и мебелью,ФЛ,Нет,,0,2026-06-18 11:12:27.291 +0300
e6633db8b4c0466143c3ba2ad76172f0,Лучи,Анапа,Анапа м.о.,Комфорт,ADM group / Вертикаль,2026-04-29,апартаменты,6,32.88,17656560.00,537000.00,С отделкой и мебелью,ФЛ,Нет,,0,2026-06-18 11:12:27.291 +0300
e6633db8b4c0466143c3ba2ad76172f0,Лучи,Анапа,Анапа м.о.,Комфорт,ADM group / Вертикаль,2026-04-29,апартаменты,6,33.02,17731740.00,537000.00,С отделкой и мебелью,ФЛ,Нет,,0,2026-06-18 11:12:27.291 +0300
e6633db8b4c0466143c3ba2ad76172f0,Лучи,Анапа,Анапа м.о.,Комфорт,ADM group / Вертикаль,2026-04-29,апартаменты,6,27.61,17774700.00,537000.00,С отделкой и мебелью,ФЛ,Нет,,0,2026-06-18 11:12:27.291 +0300
e6633db8b4c0466143c3ba2ad76172f0,Лучи,Анапа,Анапа м.о.,Комфорт,ADM group / Вертикаль,2026-04-29,апартаменты,3,33.25,17855250.00,537000.00,С отделкой и мебелью,ФЛ,Нет,,0,2026-06-18 11:12:27.291 +0300
e6633db8b4c0466143c3ba2ad76172f0,Лучи,Анапа,Анапа м.о.,Комфорт,ADM group / Вертикаль,2026-04-29,апартаменты,4,27.91,17855250.00,537000.00,С отделкой и мебелью,ФЛ,Нет,,0,2026-06-18 11:12:27.291 +0300
e6633db8b4c0466143c3ba2ad76172f0,Лучи,Анапа,Анапа м.о.,Комфорт,ADM group / Вертикаль,2026-04-29,апартаменты,6,28.31,17908950.00,537000.00,С отделкой и мебелью,ФЛ,Нет,,0,2026-06-18 11:12:27.291 +0300
e6633db8b4c0466143c3ba2ad76172f0,Лучи,Анапа,Анапа м.о.,Комфорт,ADM group / Вертикаль,2026-04-29,апартаменты,6,28.15,18188190.00,537000.00,С отделкой и мебелью,ФЛ,Нет,,0,2026-06-18 11:12:27.291 +0300
e6633db8b4c0466143c3ba2ad76172f0,Лучи,Анапа,Анапа м.о.,Комфорт,ADM group / Вертикаль,2026-04-29,апартаменты,6,49.98,27139140.00,543000.00,С отделкой и мебелью,ФЛ,Нет,,0,2026-06-18 11:12:27.291 +0300
"95f1de2b556858c9cfd19ec123edd090",Космос Черное море Риверта Отель / Cosmos Black Sea Riverta Hotel,Пляхо с.,Туапсинский м.о.,Премиум,Тренд-групп,2026-04-29,апартаменты,2,27.30,20265000.00,525000.00,С отделкой и мебелью,ФЛ,Ипотека,ПАО Сбербанк России,240,2026-06-18 11:12:27.291 +0300
"89f537fda6bcc1df310625c68de74f15",Корсаков,Анапа,Анапа м.о.,Комфорт,ССК,2026-04-30,апартаменты,3,31.41,12198750.00,375000.00,С отделкой и мебелью,ФЛ,Ипотека,АО Альфа-Банк,0,2026-06-18 11:12:27.291 +0300
"9f774747a88c96336616fc5165908dba",Sun Hills Olginka,Ольгинка с.,Туапсинский м.о.,Комфорт,Метрикс Develoрment,2026-04-30,квартира,10,24.87,7934948.00,319057.02,Под чистовую,ФЛ,Нет,,0,2026-06-18 11:12:27.291 +0300
c2600c4dfa1b97ac0b7b06040e1ddaec,Порто-Ново,Новороссийск,Новороссийск м.о.,Комфорт,DOGMA,2026-04-30,квартира,5,63.90,10980660.00,167900.00,"Под чистовую, отделка как доп. опция",ФЛ,Нет,,0,2026-06-18 11:12:27.291 +0300
ecdd2060c65010326879068843af8e13,Хозяин морей,Анапа,Анапа м.о.,Бизнес,Точно,2026-04-30,квартира,4,63.10,13731000.00,230000.00,Под чистовую и отделка как доп. опция,ФЛ,Ипотека,ПАО Банк ВТБ,0,2026-06-18 11:12:27.291 +0300
bcd90c1f7a745d86700f5d01f8ea550c,Кипарис,Сукко с.,Анапа м.о.,Комфорт,Bravo,2026-04-30,квартира,3,35.90,10509400.00,281000.00,С отделкой,ФЛ,Ипотека,АО Альфа-Банк,0,2026-06-18 11:12:27.291 +0300
bcd90c1f7a745d86700f5d01f8ea550c,Кипарис,Сукко с.,Анапа м.о.,Комфорт,Bravo,2026-04-30,квартира,5,54.70,12772450.00,233500.00,С отделкой,ФЛ,Ипотека,АО Альфа-Банк,0,2026-06-18 11:12:27.291 +0300
bcd90c1f7a745d86700f5d01f8ea550c,Кипарис,Сукко с.,Анапа м.о.,Комфорт,Bravo,2026-04-30,квартира,2,53.90,12558700.00,233000.00,С отделкой,ФЛ,Ипотека,ПАО Сбербанк России,360,2026-06-18 11:12:27.291 +0300
c2600c4dfa1b97ac0b7b06040e1ddaec,Порто-Ново,Новороссийск,Новороссийск м.о.,Комфорт,DOGMA,2026-04-30,квартира,2,69.60,14380132.00,211162.00,"Под чистовую, отделка как доп. опция",ЮЛ,Нет,,0,2026-06-18 11:12:27.291 +0300
"508e2e152a644af269da402a71a52936",Облака,Новороссийск,Новороссийск м.о.,Комфорт,Неометрия,2026-04-30,квартира,6,26.20,6226272.00,237643.97,Без отделки,ФЛ,Ипотека,ПАО Банк ВТБ,0,2026-06-18 11:12:27.291 +0300
d83227169c3b10c28e16d938fe1747f2,Резиденция Морей,Новороссийск,Новороссийск м.о.,Бизнес,ССК,2026-04-30,квартира,4,65.78,10853700.00,165000.00,Под чистовую и с отделкой,ФЛ,Ипотека,АО Альфа-Банк,360,2026-06-18 11:12:27.291 +0300
d83227169c3b10c28e16d938fe1747f2,Резиденция Морей,Новороссийск,Новороссийск м.о.,Бизнес,ССК,2026-04-30,квартира,5,44.17,10004505.00,226500.00,Под чистовую и с отделкой,ФЛ,Ипотека,АО Альфа-Банк,240,2026-06-18 11:12:27.291 +0300
d83227169c3b10c28e16d938fe1747f2,Резиденция Морей,Новороссийск,Новороссийск м.о.,Бизнес,ССК,2026-04-30,квартира,6,41.54,9232265.00,222250.00,Под чистовую и с отделкой,ФЛ,Ипотека,ПАО Сбербанк России,0,2026-06-18 11:12:27.291 +0300
d83227169c3b10c28e16d938fe1747f2,Резиденция Морей,Новороссийск,Новороссийск м.о.,Бизнес,ССК,2026-04-30,квартира,5,63.17,12965642.00,205250.00,Под чистовую и с отделкой,ФЛ,Нет,,0,2026-06-18 11:12:27.291 +0300
"3b768d7a3423d87ca2500e86b3aa26e8",Мореград,Анапа,Анапа м.о.,Комфорт,ССК,2026-04-30,апартаменты,2,24.10,8796500.00,365000.00,С отделкой и мебелью,ФЛ,Нет,,0,2026-06-18 11:12:27.291 +0300
e7435571144b9a3d7cd4ab24dd71543f,На Высоком берегу,Анапа,Анапа м.о.,Бизнес,ССК,2026-04-30,квартира,10,68.40,14706000.00,215000.00,Под чистовую,ФЛ,Нет,,0,2026-06-18 11:12:27.291 +0300
e6633db8b4c0466143c3ba2ad76172f0,Лучи,Анапа,Анапа м.о.,Комфорт,ADM group / Вертикаль,2026-04-30,апартаменты,6,27.87,18028330.00,613000.00,С отделкой и мебелью,ФЛ,Нет,,0,2026-06-18 11:12:27.291 +0300
e6633db8b4c0466143c3ba2ad76172f0,Лучи,Анапа,Анапа м.о.,Комфорт,ADM group / Вертикаль,2026-04-30,апартаменты,6,46.87,29493791.00,629268.00,С отделкой и мебелью,ФЛ,Нет,,0,2026-06-18 11:12:27.291 +0300
e6633db8b4c0466143c3ba2ad76172f0,Лучи,Анапа,Анапа м.о.,Комфорт,ADM group / Вертикаль,2026-04-30,апартаменты,6,50.49,27416070.00,543000.00,С отделкой и мебелью,ФЛ,Нет,,0,2026-06-18 11:12:27.291 +0300
"95f1de2b556858c9cfd19ec123edd090",Космос Черное море Риверта Отель / Cosmos Black Sea Riverta Hotel,Пляхо с.,Туапсинский м.о.,Премиум,Тренд-групп,2026-04-30,апартаменты,2,25.70,13878000.00,540000.00,С отделкой и мебелью,ФЛ,Нет,,0,2026-06-18 11:12:27.291 +0300
d83227169c3b10c28e16d938fe1747f2,Резиденция Морей,Новороссийск,Новороссийск м.о.,Бизнес,ССК,2026-04-30,квартира,4,27.74,6935000.00,250000.00,"Под чистовую, отделка как доп. опция",ФЛ,Ипотека,ПАО Сбербанк России,360,2026-06-18 11:12:27.291 +0300
d83227169c3b10c28e16d938fe1747f2,Резиденция Морей,Новороссийск,Новороссийск м.о.,Бизнес,ССК,2026-04-30,квартира,4,27.74,6935000.00,250000.00,"Под чистовую, отделка как доп. опция",ФЛ,Ипотека,ПАО Сбербанк России,360,2026-06-18 11:12:27.291 +0300
"5042878e7f641330ddc35e8454bfe92c",Парк,Сочи,Сочи г.о.,Бизнес+,Десо,2026-04-30,апартаменты,2,41.90,37710000.00,900000.00,"Под чистовую, с отделкой и мебелью",ФЛ,Нет,,0,2026-06-18 11:12:27.291 +0300
"95f1de2b556858c9cfd19ec123edd090",Космос Черное море Риверта Отель / Cosmos Black Sea Riverta Hotel,Пляхо с.,Туапсинский м.о.,Премиум,Тренд-групп,2026-05-02,апартаменты,5,27.30,15151500.00,555000.00,С отделкой и мебелью,ФЛ,Ипотека,ПАО Сбербанк России,0,2026-06-18 11:12:27.291 +0300
d83227169c3b10c28e16d938fe1747f2,Резиденция Морей,Новороссийск,Новороссийск м.о.,Бизнес,ССК,2026-05-04,квартира,8,44.17,10004505.00,226500.00,Под чистовую и с отделкой,ФЛ,Ипотека,ПАО Сбербанк России,0,2026-06-18 11:12:27.291 +0300
d83227169c3b10c28e16d938fe1747f2,Резиденция Морей,Новороссийск,Новороссийск м.о.,Бизнес,ССК,2026-05-04,квартира,3,44.15,9624700.00,218000.00,Под чистовую и с отделкой,ФЛ,Ипотека,ПАО Сбербанк России,360,2026-06-18 11:12:27.291 +0300
d83227169c3b10c28e16d938fe1747f2,Резиденция Морей,Новороссийск,Новороссийск м.о.,Бизнес,ССК,2026-05-04,квартира,8,49.11,8594250.00,175000.00,Под чистовую и с отделкой,ФЛ,Ипотека,ПАО Сбербанк России,0,2026-06-18 11:12:27.291 +0300
"114265fbbd12eef28cca19fc11278cc4",Город у моря,Новороссийск,Новороссийск м.о.,Комфорт,ВКБ-Новостройки,2026-05-04,квартира,1,83.39,10268000.00,119118.33,С отделкой,ФЛ,Ипотека,АО АБ РОССИЯ,0,2026-06-18 11:12:27.291 +0300
"83e4b77e4c81fe02646c0317f082a5b3",Эден / Eden Family Hotel,Анапа,Анапа м.о.,Комфорт,Развитие,2026-05-04,апартаменты,2,24.00,8342400.00,347600.00,С отделкой и мебелью,ФЛ,Нет,,0,2026-06-18 11:12:27.291 +0300
ce10854bfb47343480564adf2f08a997,Фестивальный (Кропоткин),Кропоткин,Кропоткинский м.о.,Комфорт,Теплый дом,2026-05-04,квартира,1,76.70,6677400.00,93000.00,Без отделки,ФЛ,Ипотека,ПАО Сбербанк России,360,2026-06-18 11:12:27.291 +0300
ce10854bfb47343480564adf2f08a997,Фестивальный (Кропоткин),Кропоткин,Кропоткинский м.о.,Комфорт,Теплый дом,2026-05-04,квартира,1,77.70,7536900.00,97000.00,Без отделки,ФЛ,Ипотека,ПАО Сбербанк России,360,2026-06-18 11:12:27.291 +0300
"9f774747a88c96336616fc5165908dba",Sun Hills Olginka,Ольгинка с.,Туапсинский м.о.,Комфорт,Метрикс Develoрment,2026-05-04,квартира,7,17.42,6241900.00,358318.03,Под чистовую,ФЛ,Ипотека,АО Альфа-Банк,360,2026-06-18 11:12:27.291 +0300
ecdd2060c65010326879068843af8e13,Хозяин морей,Анапа,Анапа м.о.,Бизнес,Точно,2026-05-04,квартира,7,41.90,10900000.00,272500.00,Под чистовую и отделка как доп. опция,ФЛ,Нет,,0,2026-06-18 11:12:27.291 +0300
"0fd8a9684833d1c7045dbb36bd3c14e2",Кислород,Сочи,Сочи г.о.,Бизнес,AVA Group,2026-05-04,квартира,4,21.93,9082278.00,397300.00,Без отделки,ФЛ,Ипотека,ПАО Сбербанк России,303,2026-06-18 11:12:27.291 +0300
"508e2e152a644af269da402a71a52936",Облака,Новороссийск,Новороссийск м.о.,Комфорт,Неометрия,2026-05-04,квартира,7,25.00,6236988.00,238052.98,Без отделки,ФЛ,Ипотека,АО Альфа-Банк,360,2026-06-18 11:12:27.291 +0300
"9648a6234501850e715607d4d244b13a",Botanica Hills,Небуг с.,Туапсинский м.о.,Комфорт,Метрикс Develoрment,2026-05-05,квартира,12,16.71,6861000.00,410592.46,"Под чистовую, отделка как доп. опция",ФЛ,Нет,,0,2026-06-18 11:12:27.291 +0300
b9d92574715ea90ea054b9078964a5d8,Лестория,Сочи,Сочи г.о.,Бизнес-,Неометрия,2026-05-05,квартира,3,47.50,20822095.00,438359.89,Под чистовую и с отделкой,ФЛ,Нет,,0,2026-06-18 11:12:27.291 +0300
b9d92574715ea90ea054b9078964a5d8,Лестория,Сочи,Сочи г.о.,Бизнес-,Неометрия,2026-05-05,квартира,12,30.70,14442852.00,470451.21,Под чистовую,ФЛ,Ипотека,АО Альфа-Банк,360,2026-06-18 11:12:27.291 +0300
b9d92574715ea90ea054b9078964a5d8,Лестория,Сочи,Сочи г.о.,Бизнес-,Неометрия,2026-05-05,квартира,7,28.60,13007674.00,454813.78,Без отделки,ФЛ,Ипотека,АО Альфа-Банк,144,2026-06-18 11:12:27.291 +0300
"018074db013670b10cd1d3367521d2a2",Барса,Новороссийск,Новороссийск м.о.,Бизнес,Точно,2026-05-05,квартира,10,67.50,16772999.00,258842.59,С отделкой,ФЛ,Нет,,0,2026-06-18 11:12:27.291 +0300
ecdd2060c65010326879068843af8e13,Хозяин морей,Анапа,Анапа м.о.,Бизнес,Точно,2026-05-05,квартира,3,63.60,13604999.00,227508.36,Под чистовую и отделка как доп. опция,ФЛ,Нет,,0,2026-06-18 11:12:27.291 +0300
bcd90c1f7a745d86700f5d01f8ea550c,Кипарис,Сукко с.,Анапа м.о.,Комфорт,Bravo,2026-05-05,квартира,2,34.50,8383500.00,243000.00,С отделкой,ФЛ,Ипотека,ПАО Банк ВТБ,0,2026-06-18 11:12:27.291 +0300
"937886a1c9205f225c86d9db67028971",Палаццо Де Агой / Гранд Отель Агой,Агой с.,Туапсинский м.о.,Бизнес+,ЯRus девелопмент,2026-05-05,апартаменты,2,36.20,35114000.00,970000.00,С отделкой и мебелью,ФЛ,Нет,,0,2026-06-18 11:12:27.291 +0300
"937886a1c9205f225c86d9db67028971",Палаццо Де Агой / Гранд Отель Агой,Агой с.,Туапсинский м.о.,Бизнес+,ЯRus девелопмент,2026-05-05,апартаменты,2,28.30,30705500.00,1085000.00,С отделкой и мебелью,ФЛ,Нет,,0,2026-06-18 11:12:27.291 +0300
"937886a1c9205f225c86d9db67028971",Палаццо Де Агой / Гранд Отель Агой,Агой с.,Туапсинский м.о.,Бизнес+,ЯRus девелопмент,2026-05-05,апартаменты,6,41.00,40590000.00,990000.00,С отделкой и мебелью,ФЛ,Нет,,0,2026-06-18 11:12:27.291 +0300
e7435571144b9a3d7cd4ab24dd71543f,На Высоком берегу,Анапа,Анапа м.о.,Бизнес,ССК,2026-05-05,квартира,8,37.70,9425000.00,250000.00,Под чистовую,ФЛ,Ипотека,АО Альфа-Банк,0,2026-06-18 11:12:27.291 +0300
e7435571144b9a3d7cd4ab24dd71543f,На Высоком берегу,Анапа,Анапа м.о.,Бизнес,ССК,2026-05-05,квартира,8,37.70,9425000.00,250000.00,Под чистовую,ФЛ,Ипотека,ПАО Совкомбанк,0,2026-06-18 11:12:27.291 +0300
e7435571144b9a3d7cd4ab24dd71543f,На Высоком берегу,Анапа,Анапа м.о.,Бизнес,ССК,2026-05-05,квартира,7,37.70,10556000.00,280000.00,Под чистовую,ФЛ,Ипотека,ПАО Совкомбанк,0,2026-06-18 11:12:27.291 +0300
"2be7f950954f9f0b079ca01c72d39a42",Морская Горгиппия,Анапа,Анапа м.о.,Эконом,ОБД-Инвест,2026-05-05,квартира,14,29.87,5492107.00,183867.00,Под чистовую,ФЛ,Ипотека,ПАО Банк ВТБ,0,2026-06-18 11:12:27.291 +0300
"508e2e152a644af269da402a71a52936",Облака,Новороссийск,Новороссийск м.о.,Комфорт,Неометрия,2026-05-06,квартира,5,32.90,8164957.00,248174.98,Без отделки,ФЛ,Нет,,0,2026-06-18 11:12:27.291 +0300
"508e2e152a644af269da402a71a52936",Облака,Новороссийск,Новороссийск м.о.,Комфорт,Неометрия,2026-05-06,квартира,6,53.60,12034400.00,214900.00,Без отделки,ФЛ,Нет,,0,2026-06-18 11:12:27.291 +0300
bcd90c1f7a745d86700f5d01f8ea550c,Кипарис,Сукко с.,Анапа м.о.,Комфорт,Bravo,2026-05-06,квартира,4,42.40,11384400.00,268500.00,С отделкой,ФЛ,Ипотека,ПАО МОСКОВСКИЙ КРЕДИТНЫЙ БАНК,0,2026-06-18 11:12:27.291 +0300
bcd90c1f7a745d86700f5d01f8ea550c,Кипарис,Сукко с.,Анапа м.о.,Комфорт,Bravo,2026-05-06,квартира,4,42.40,10091200.00,238000.00,С отделкой,ФЛ,Нет,,0,2026-06-18 11:12:27.291 +0300
c2600c4dfa1b97ac0b7b06040e1ddaec,Порто-Ново,Новороссийск,Новороссийск м.о.,Комфорт,DOGMA,2026-05-06,нежилое помещение,-1,3.90,0.00,0.00,"Под чистовую, отделка как доп. опция",ФЛ,Нет,,0,2026-06-18 11:12:27.291 +0300
c2600c4dfa1b97ac0b7b06040e1ddaec,Порто-Ново,Новороссийск,Новороссийск м.о.,Комфорт,DOGMA,2026-05-06,нежилое помещение,-1,4.00,0.00,0.00,"Под чистовую, отделка как доп. опция",ФЛ,Нет,,0,2026-06-18 11:12:27.291 +0300
"114265fbbd12eef28cca19fc11278cc4",Город у моря,Новороссийск,Новороссийск м.о.,Комфорт,ВКБ-Новостройки,2026-05-06,квартира,12,83.39,10381000.00,120849.83,С отделкой,ФЛ,Ипотека,ПАО Сбербанк России,0,2026-06-18 11:12:27.291 +0300
d83227169c3b10c28e16d938fe1747f2,Резиденция Морей,Новороссийск,Новороссийск м.о.,Бизнес,ССК,2026-05-06,квартира,5,46.18,11637360.00,252000.00,Под чистовую и с отделкой,ФЛ,Нет,,0,2026-06-18 11:12:27.291 +0300
"3b768d7a3423d87ca2500e86b3aa26e8",Мореград,Анапа,Анапа м.о.,Комфорт,ССК,2026-05-06,апартаменты,3,24.50,8942500.00,365000.00,С отделкой и мебелью,ФЛ,Ипотека,ПАО Сбербанк России,0,2026-06-18 11:12:27.291 +0300
d83227169c3b10c28e16d938fe1747f2,Резиденция Морей,Новороссийск,Новороссийск м.о.,Бизнес,ССК,2026-05-07,квартира,6,46.20,11642400.00,252000.00,Под чистовую и с отделкой,ФЛ,Нет,,0,2026-06-18 11:12:27.291 +0300
d83227169c3b10c28e16d938fe1747f2,Резиденция Морей,Новороссийск,Новороссийск м.о.,Бизнес,ССК,2026-05-07,квартира,6,26.29,6590000.00,250000.00,Под чистовую и с отделкой,ФЛ,Ипотека,АО Альфа-Банк,0,2026-06-18 11:12:27.291 +0300
"114265fbbd12eef28cca19fc11278cc4",Город у моря,Новороссийск,Новороссийск м.о.,Комфорт,ВКБ-Новостройки,2026-05-07,квартира,9,38.76,7175000.00,185113.52,С отделкой,ФЛ,Ипотека,АО Альфа-Банк,0,2026-06-18 11:12:27.291 +0300
"2be7f950954f9f0b079ca01c72d39a42",Морская Горгиппия,Анапа,Анапа м.о.,Эконом,ОБД-Инвест,2026-05-07,квартира,6,58.89,9288130.00,157720.00,Под чистовую,ФЛ,Ипотека,ПАО Сбербанк России,0,2026-06-18 11:12:27.291 +0300
"2be7f950954f9f0b079ca01c72d39a42",Морская Горгиппия,Анапа,Анапа м.о.,Эконом,ОБД-Инвест,2026-05-07,квартира,14,58.89,9288130.00,157720.00,Под чистовую,ФЛ,Ипотека,ПАО Сбербанк России,0,2026-06-18 11:12:27.291 +0300
"2be7f950954f9f0b079ca01c72d39a42",Морская Горгиппия,Анапа,Анапа м.о.,Эконом,ОБД-Инвест,2026-05-07,нежилое помещение,0,18.51,0.00,0.00,,ФЛ,Нет,,0,2026-06-18 11:12:27.291 +0300
"508e2e152a644af269da402a71a52936",Облака,Новороссийск,Новороссийск м.о.,Комфорт,Неометрия,2026-05-07,квартира,12,32.40,7644132.00,235930.00,Без отделки,ФЛ,Ипотека,АО Банк Дом.РФ,0,2026-06-18 11:12:27.291 +0300
b9d92574715ea90ea054b9078964a5d8,Лестория,Сочи,Сочи г.о.,Бизнес-,Неометрия,2026-05-07,квартира,7,33.40,14985744.00,448674.97,Под чистовую,ФЛ,Ипотека,ПАО Совкомбанк,360,2026-06-18 11:12:27.291 +0300
f158b53bd4c44a603ef7f54d61d1f267,Море тут,Голубицкая ст-ца,Темрюк м.о.,Бизнес,Каскад,2026-05-07,апартаменты,1,30.50,8845000.00,290000.00,"С отделкой, мебель как доп. опция",ФЛ,Нет,,0,2026-06-18 11:12:27.291 +0300
"018074db013670b10cd1d3367521d2a2",Барса,Новороссийск,Новороссийск м.о.,Бизнес,Точно,2026-05-07,квартира,2,37.90,11382000.00,311835.62,С отделкой,ФЛ,Нет,,0,2026-06-18 11:12:27.291 +0300
"89f537fda6bcc1df310625c68de74f15",Корсаков,Анапа,Анапа м.о.,Комфорт,ССК,2026-05-07,апартаменты,2,28.63,11077500.00,375000.00,С отделкой и мебелью,ФЛ,Ипотека,АО Альфа-Банк,0,2026-06-18 11:12:27.291 +0300
bcd90c1f7a745d86700f5d01f8ea550c,Кипарис,Сукко с.,Анапа м.о.,Комфорт,Bravo,2026-05-07,квартира,7,37.40,10659000.00,285000.00,С отделкой,ФЛ,Ипотека,АО Альфа-Банк,0,2026-06-18 11:12:27.291 +0300
c2600c4dfa1b97ac0b7b06040e1ddaec,Порто-Ново,Новороссийск,Новороссийск м.о.,Комфорт,DOGMA,2026-05-07,нежилое помещение,-1,2.00,0.00,0.00,"Под чистовую, отделка как доп. опция",ФЛ,Нет,,0,2026-06-18 11:12:27.291 +0300
c2600c4dfa1b97ac0b7b06040e1ddaec,Порто-Ново,Новороссийск,Новороссийск м.о.,Комфорт,DOGMA,2026-05-07,нежилое помещение,-1,4.00,0.00,0.00,"Под чистовую, отделка как доп. опция",ФЛ,Нет,,0,2026-06-18 11:12:27.291 +0300
c2600c4dfa1b97ac0b7b06040e1ddaec,Порто-Ново,Новороссийск,Новороссийск м.о.,Комфорт,DOGMA,2026-05-07,нежилое помещение,-1,3.70,0.00,0.00,"Под чистовую, отделка как доп. опция",ФЛ,Нет,,0,2026-06-18 11:12:27.291 +0300
c2600c4dfa1b97ac0b7b06040e1ddaec,Порто-Ново,Новороссийск,Новороссийск м.о.,Комфорт,DOGMA,2026-05-07,нежилое помещение,-1,4.00,0.00,0.00,"Под чистовую, отделка как доп. опция",ФЛ,Нет,,0,2026-06-18 11:12:27.291 +0300
c2600c4dfa1b97ac0b7b06040e1ddaec,Порто-Ново,Новороссийск,Новороссийск м.о.,Комфорт,DOGMA,2026-05-08,квартира,6,67.50,11009250.00,163100.00,"Под чистовую, отделка как доп. опция",ФЛ,Ипотека,ПАО Уральский Банк Реконструкции и Развития,0,2026-06-18 11:12:27.291 +0300
"0fd8a9684833d1c7045dbb36bd3c14e2",Кислород,Сочи,Сочи г.о.,Бизнес,AVA Group,2026-05-08,квартира,12,21.98,9197796.00,401300.00,Без отделки,ФЛ,Ипотека,ПАО Сбербанк России,360,2026-06-18 11:12:27.291 +0300
"9648a6234501850e715607d4d244b13a",Botanica Hills,Небуг с.,Туапсинский м.о.,Комфорт,Метрикс Develoрment,2026-05-08,квартира,13,33.57,10439000.00,310962.17,"Под чистовую, отделка как доп. опция",ФЛ,Нет,,0,2026-06-18 11:12:27.291 +0300
"114265fbbd12eef28cca19fc11278cc4",Город у моря,Новороссийск,Новороссийск м.о.,Комфорт,ВКБ-Новостройки,2026-05-08,квартира,8,56.55,9138000.00,158811.26,С отделкой,ФЛ,Ипотека,АО Банк Дом.РФ,360,2026-06-18 11:12:27.291 +0300
d83227169c3b10c28e16d938fe1747f2,Резиденция Морей,Новороссийск,Новороссийск м.о.,Бизнес,ССК,2026-05-08,квартира,8,63.17,12965642.00,205250.00,Под чистовую и с отделкой,ФЛ,Ипотека,ПАО Сбербанк России,360,2026-06-18 11:12:27.291 +0300
"114265fbbd12eef28cca19fc11278cc4",Город у моря,Новороссийск,Новороссийск м.о.,Комфорт,ВКБ-Новостройки,2026-05-08,квартира,12,37.82,7156000.00,184623.32,С отделкой,ФЛ,Нет,,0,2026-06-18 11:12:27.291 +0300
d83227169c3b10c28e16d938fe1747f2,Резиденция Морей,Новороссийск,Новороссийск м.о.,Бизнес,ССК,2026-05-11,квартира,6,41.00,9112250.00,222250.00,Под чистовую и с отделкой,ФЛ,Ипотека,ПАО Сбербанк России,360,2026-06-18 11:12:27.291 +0300
d83227169c3b10c28e16d938fe1747f2,Резиденция Морей,Новороссийск,Новороссийск м.о.,Бизнес,ССК,2026-05-12,квартира,8,65.78,13780910.00,209500.00,Под чистовую и с отделкой,ФЛ,Нет,,0,2026-06-18 11:12:27.291 +0300
d83227169c3b10c28e16d938fe1747f2,Резиденция Морей,Новороссийск,Новороссийск м.о.,Бизнес,ССК,2026-05-12,квартира,4,46.20,10071600.00,218000.00,Под чистовую и с отделкой,ФЛ,Нет,,0,2026-06-18 11:12:27.291 +0300
d83227169c3b10c28e16d938fe1747f2,Резиденция Морей,Новороссийск,Новороссийск м.о.,Бизнес,ССК,2026-05-12,квартира,4,49.09,11327517.00,230750.00,"Под чистовую, отделка как доп. опция",ФЛ,Нет,,0,2026-06-18 11:12:27.291 +0300
"3b768d7a3423d87ca2500e86b3aa26e8",Мореград,Анапа,Анапа м.о.,Комфорт,ССК,2026-05-12,апартаменты,2,47.00,14664000.00,312000.00,С отделкой и мебелью,ФЛ,Ипотека,АО Альфа-Банк,0,2026-06-18 11:12:27.291 +0300
"2be7f950954f9f0b079ca01c72d39a42",Морская Горгиппия,Анапа,Анапа м.о.,Эконом,ОБД-Инвест,2026-05-12,квартира,9,58.89,9300144.00,157924.00,Под чистовую,ФЛ,Ипотека,ПАО Сбербанк России,0,2026-06-18 11:12:27.291 +0300
"95f1de2b556858c9cfd19ec123edd090",Космос Черное море Риверта Отель / Cosmos Black Sea Riverta Hotel,Пляхо с.,Туапсинский м.о.,Премиум,Тренд-групп,2026-05-12,апартаменты,2,25.60,20265000.00,525000.00,С отделкой и мебелью,ФЛ,Нет,,0,2026-06-18 11:12:27.291 +0300
c2600c4dfa1b97ac0b7b06040e1ddaec,Порто-Ново,Новороссийск,Новороссийск м.о.,Комфорт,DOGMA,2026-05-12,квартира,4,71.30,12211440.00,175200.00,"Под чистовую, отделка как доп. опция",ФЛ,Ипотека,АО Банк Дом.РФ,0,2026-06-18 11:12:27.291 +0300
ecdd2060c65010326879068843af8e13,Хозяин морей,Анапа,Анапа м.о.,Бизнес,Точно,2026-05-12,квартира,6,38.00,9747000.00,270000.00,Под чистовую и отделка как доп. опция,ФЛ,Нет,,0,2026-06-18 11:12:27.291 +0300
bcd90c1f7a745d86700f5d01f8ea550c,Кипарис,Сукко с.,Анапа м.о.,Комфорт,Bravo,2026-05-12,квартира,6,37.30,9567450.00,256500.00,С отделкой,ФЛ,Нет,,0,2026-06-18 11:12:27.291 +0300
"937886a1c9205f225c86d9db67028971",Палаццо Де Агой / Гранд Отель Агой,Агой с.,Туапсинский м.о.,Бизнес+,ЯRus девелопмент,2026-05-12,апартаменты,2,29.10,31573500.00,1085000.00,С отделкой и мебелью,ФЛ,Нет,,0,2026-06-18 11:12:27.291 +0300
"508e2e152a644af269da402a71a52936",Облака,Новороссийск,Новороссийск м.о.,Комфорт,Неометрия,2026-05-12,квартира,2,27.80,6561967.00,236041.98,Без отделки,ФЛ,Ипотека,АО Альфа-Банк,360,2026-06-18 11:12:27.291 +0300
"9648a6234501850e715607d4d244b13a",Botanica Hills,Небуг с.,Туапсинский м.о.,Комфорт,Метрикс Develoрment,2026-05-13,квартира,6,59.68,16461000.00,275821.05,"Под чистовую, отделка как доп. опция",ФЛ,Нет,,0,2026-06-18 11:12:27.291 +0300
"508e2e152a644af269da402a71a52936",Облака,Новороссийск,Новороссийск м.о.,Комфорт,Неометрия,2026-05-13,квартира,13,32.40,7660623.00,236438.98,Без отделки,ФЛ,Ипотека,ПАО Банк ВТБ,0,2026-06-18 11:12:27.291 +0300
"508e2e152a644af269da402a71a52936",Облака,Новороссийск,Новороссийск м.о.,Комфорт,Неометрия,2026-05-13,квартира,17,22.30,6113322.00,274140.00,Без отделки,ФЛ,Ипотека,ПАО Банк ВТБ,362,2026-06-18 11:12:27.291 +0300
c5fc682cef8e118ca6caaa2ddeaeb433,Sun Garden Hotel,Анапа,Анапа м.о.,Премиум,Развитие,2026-05-13,апартаменты,9,39.60,21265200.00,537000.00,С отделкой и мебелью,ФЛ,Ипотека,ПАО Сбербанк России,0,2026-06-18 11:12:27.291 +0300
"114265fbbd12eef28cca19fc11278cc4",Город у моря,Новороссийск,Новороссийск м.о.,Комфорт,ВКБ-Новостройки,2026-05-13,квартира,8,85.96,10689000.00,124348.53,С отделкой,ФЛ,Ипотека,Кубань Кредит,0,2026-06-18 11:12:27.291 +0300
d83227169c3b10c28e16d938fe1747f2,Резиденция Морей,Новороссийск,Новороссийск м.о.,Бизнес,ССК,2026-05-13,квартира,4,35.83,8240900.00,230000.00,Под чистовую и с отделкой,ФЛ,Ипотека,ПАО Сбербанк России,0,2026-06-18 11:12:27.291 +0300
d83227169c3b10c28e16d938fe1747f2,Резиденция Морей,Новороссийск,Новороссийск м.о.,Бизнес,ССК,2026-05-13,квартира,2,44.15,7726250.00,175000.00,Под чистовую и с отделкой,ФЛ,Ипотека,ПАО Сбербанк России,0,2026-06-18 11:12:27.291 +0300
d83227169c3b10c28e16d938fe1747f2,Резиденция Морей,Новороссийск,Новороссийск м.о.,Бизнес,ССК,2026-05-13,квартира,6,49.11,8594250.00,175000.00,Под чистовую и с отделкой,ФЛ,Нет,,0,2026-06-18 11:12:27.291 +0300
d83227169c3b10c28e16d938fe1747f2,Резиденция Морей,Новороссийск,Новороссийск м.о.,Бизнес,ССК,2026-05-13,квартира,4,63.19,12701190.00,201000.00,Под чистовую и с отделкой,ФЛ,Ипотека,ПАО Сбербанк России,0,2026-06-18 11:12:27.291 +0300
d83227169c3b10c28e16d938fe1747f2,Резиденция Морей,Новороссийск,Новороссийск м.о.,Бизнес,ССК,2026-05-13,квартира,8,46.20,11642400.00,252000.00,Под чистовую и с отделкой,ФЛ,Ипотека,ПАО Сбербанк России,360,2026-06-18 11:12:27.291 +0300
d83227169c3b10c28e16d938fe1747f2,Резиденция Морей,Новороссийск,Новороссийск м.о.,Бизнес,ССК,2026-05-13,квартира,8,28.64,7160000.00,250000.00,Под чистовую и с отделкой,ФЛ,Нет,,0,2026-06-18 11:12:27.291 +0300
e7435571144b9a3d7cd4ab24dd71543f,На Высоком берегу,Анапа,Анапа м.о.,Бизнес,ССК,2026-05-13,квартира,9,57.60,12960000.00,225000.00,Под чистовую,ФЛ,Нет,,0,2026-06-18 11:12:27.291 +0300
e7435571144b9a3d7cd4ab24dd71543f,На Высоком берегу,Анапа,Анапа м.о.,Бизнес,ССК,2026-05-13,квартира,3,38.90,8558000.00,220000.00,Под чистовую,ФЛ,Нет,,0,2026-06-18 11:12:27.291 +0300
"114265fbbd12eef28cca19fc11278cc4",Город у моря,Новороссийск,Новороссийск м.о.,Комфорт,ВКБ-Новостройки,2026-05-13,квартира,2,37.82,7218000.00,186222.91,С отделкой,ФЛ,Ипотека,Кубань Кредит,360,2026-06-18 11:12:27.291 +0300
"2be7f950954f9f0b079ca01c72d39a42",Морская Горгиппия,Анапа,Анапа м.о.,Эконом,ОБД-Инвест,2026-05-13,квартира,16,58.89,9300144.00,157924.00,Под чистовую,ФЛ,Ипотека,ПАО Сбербанк России,0,2026-06-18 11:12:27.291 +0300
"9f774747a88c96336616fc5165908dba",Sun Hills Olginka,Ольгинка с.,Туапсинский м.о.,Комфорт,Метрикс Develoрment,2026-05-13,квартира,3,23.02,7166608.00,311320.98,Под чистовую,ФЛ,Ипотека,ПАО Банк ВТБ,362,2026-06-18 11:12:27.291 +0300
"9648a6234501850e715607d4d244b13a",Botanica Hills,Небуг с.,Туапсинский м.о.,Комфорт,Метрикс Develoрment,2026-05-13,квартира,9,28.60,9008000.00,314965.03,"Под чистовую, отделка как доп. опция",ФЛ,Нет,,0,2026-06-18 11:12:27.291 +0300
bcd90c1f7a745d86700f5d01f8ea550c,Кипарис,Сукко с.,Анапа м.о.,Комфорт,Bravo,2026-05-13,квартира,5,36.40,10137400.00,278500.00,С отделкой,ФЛ,Ипотека,ПАО МОСКОВСКИЙ КРЕДИТНЫЙ БАНК,0,2026-06-18 11:12:27.291 +0300
bcd90c1f7a745d86700f5d01f8ea550c,Кипарис,Сукко с.,Анапа м.о.,Комфорт,Bravo,2026-05-13,квартира,6,36.40,10137400.00,278500.00,С отделкой,ФЛ,Ипотека,ПАО МОСКОВСКИЙ КРЕДИТНЫЙ БАНК,0,2026-06-18 11:12:27.291 +0300
d83227169c3b10c28e16d938fe1747f2,Резиденция Морей,Новороссийск,Новороссийск м.о.,Бизнес,ССК,2026-05-14,квартира,2,45.27,7922250.00,175000.00,Под чистовую и с отделкой,ФЛ,Нет,,0,2026-06-18 11:12:27.291 +0300
d83227169c3b10c28e16d938fe1747f2,Резиденция Морей,Новороссийск,Новороссийск м.о.,Бизнес,ССК,2026-05-14,квартира,5,46.18,8081500.00,175000.00,Под чистовую и с отделкой,ФЛ,Нет,,0,2026-06-18 11:12:27.291 +0300
d83227169c3b10c28e16d938fe1747f2,Резиденция Морей,Новороссийск,Новороссийск м.о.,Бизнес,ССК,2026-05-14,квартира,2,45.08,7889000.00,175000.00,Под чистовую и с отделкой,ФЛ,Нет,,0,2026-06-18 11:12:27.291 +0300
"3b768d7a3423d87ca2500e86b3aa26e8",Мореград,Анапа,Анапа м.о.,Комфорт,ССК,2026-05-14,апартаменты,7,24.10,9037500.00,375000.00,С отделкой и мебелью,ФЛ,Ипотека,ПАО Совкомбанк,0,2026-06-18 11:12:27.291 +0300
"114265fbbd12eef28cca19fc11278cc4",Город у моря,Новороссийск,Новороссийск м.о.,Комфорт,ВКБ-Новостройки,2026-05-14,квартира,10,30.45,6810000.00,209602.95,С отделкой,ФЛ,Ипотека,ПАО Сбербанк России,0,2026-06-18 11:12:27.291 +0300
"114265fbbd12eef28cca19fc11278cc4",Город у моря,Новороссийск,Новороссийск м.о.,Комфорт,ВКБ-Новостройки,2026-05-14,квартира,9,57.54,9305000.00,161713.59,С отделкой,ФЛ,Ипотека,ПАО Сбербанк России,360,2026-06-18 11:12:27.291 +0300
b9d92574715ea90ea054b9078964a5d8,Лестория,Сочи,Сочи г.о.,Бизнес-,Неометрия,2026-05-14,квартира,13,29.30,14302288.00,488132.70,Под чистовую,ФЛ,Ипотека,АО Альфа-Банк,300,2026-06-18 11:12:27.291 +0300
"89f537fda6bcc1df310625c68de74f15",Корсаков,Анапа,Анапа м.о.,Комфорт,ССК,2026-05-14,апартаменты,3,31.41,11778750.00,375000.00,С отделкой и мебелью,ФЛ,Нет,,0,2026-06-18 11:12:27.291 +0300
c2600c4dfa1b97ac0b7b06040e1ddaec,Порто-Ново,Новороссийск,Новороссийск м.о.,Комфорт,DOGMA,2026-05-14,квартира,4,65.40,8376170.00,128075.99,"Под чистовую, отделка как доп. опция",ФЛ,Ипотека,ПАО Сбербанк России,360,2026-06-18 11:12:27.291 +0300
c2600c4dfa1b97ac0b7b06040e1ddaec,Порто-Ново,Новороссийск,Новороссийск м.о.,Комфорт,DOGMA,2026-05-14,квартира,17,45.50,8984480.00,192800.00,"Под чистовую, отделка как доп. опция",ФЛ,Нет,,0,2026-06-18 11:12:27.291 +0300
c2600c4dfa1b97ac0b7b06040e1ddaec,Порто-Ново,Новороссийск,Новороссийск м.о.,Комфорт,DOGMA,2026-05-15,квартира,6,60.20,10618570.00,172100.00,"Под чистовую, отделка как доп. опция",ФЛ,Нет,,0,2026-06-18 11:12:27.291 +0300
c2600c4dfa1b97ac0b7b06040e1ddaec,Порто-Ново,Новороссийск,Новороссийск м.о.,Комфорт,DOGMA,2026-05-15,квартира,4,63.20,10100290.00,163700.00,"Под чистовую, отделка как доп. опция",ФЛ,Ипотека,ПАО МОСКОВСКИЙ КРЕДИТНЫЙ БАНК,0,2026-06-18 11:12:27.291 +0300
fac27409f6adff29bbeb62313e70cb73,Каравелла Португалии,Дагомыс пгт.,Сочи г.о.,Комфорт,Мебельщик,2026-05-15,квартира,7,23.97,12298000.00,513057.99,Под чистовую,ФЛ,Ипотека,ПАО Сбербанк России,360,2026-06-18 11:12:27.291 +0300
fac27409f6adff29bbeb62313e70cb73,Каравелла Португалии,Дагомыс пгт.,Сочи г.о.,Комфорт,Мебельщик,2026-05-15,квартира,6,40.67,15695000.00,385910.99,Под чистовую,ФЛ,Нет,,0,2026-06-18 11:12:27.291 +0300
ecdd2060c65010326879068843af8e13,Хозяин морей,Анапа,Анапа м.о.,Бизнес,Точно,2026-05-15,квартира,3,72.20,16598999.00,222506.70,Под чистовую и отделка как доп. опция,ФЛ,Нет,,0,2026-06-18 11:12:27.291 +0300
c2600c4dfa1b97ac0b7b06040e1ddaec,Порто-Ново,Новороссийск,Новороссийск м.о.,Комфорт,DOGMA,2026-05-15,квартира,6,65.20,10980660.00,167900.00,"Под чистовую, отделка как доп. опция",ФЛ,Ипотека,ПАО Сбербанк России,336,2026-06-18 11:12:27.291 +0300
"114265fbbd12eef28cca19fc11278cc4",Город у моря,Новороссийск,Новороссийск м.о.,Комфорт,ВКБ-Новостройки,2026-05-15,квартира,10,85.96,10560000.00,122847.84,С отделкой,ФЛ,Ипотека,ПАО Сбербанк России,0,2026-06-18 11:12:27.291 +0300
d83227169c3b10c28e16d938fe1747f2,Резиденция Морей,Новороссийск,Новороссийск м.о.,Бизнес,ССК,2026-05-15,квартира,4,49.16,8603000.00,175000.00,Под чистовую и с отделкой,ФЛ,Нет,,0,2026-06-18 11:12:27.291 +0300
d83227169c3b10c28e16d938fe1747f2,Резиденция Морей,Новороссийск,Новороссийск м.о.,Бизнес,ССК,2026-05-15,квартира,6,46.18,11637360.00,252000.00,Под чистовую и с отделкой,ФЛ,Ипотека,ПАО Сбербанк России,360,2026-06-18 11:12:27.291 +0300
"3b768d7a3423d87ca2500e86b3aa26e8",Мореград,Анапа,Анапа м.о.,Комфорт,ССК,2026-05-15,апартаменты,5,48.70,15194400.00,312000.00,С отделкой и мебелью,ФЛ,Ипотека,АО Альфа-Банк,0,2026-06-18 11:12:27.291 +0300
e7435571144b9a3d7cd4ab24dd71543f,На Высоком берегу,Анапа,Анапа м.о.,Бизнес,ССК,2026-05-15,квартира,5,36.30,8712000.00,240000.00,Под чистовую,ФЛ,Нет,,0,2026-06-18 11:12:27.291 +0300
"2be7f950954f9f0b079ca01c72d39a42",Морская Горгиппия,Анапа,Анапа м.о.,Эконом,ОБД-Инвест,2026-05-15,квартира,5,58.89,9300144.00,157924.00,Под чистовую,ФЛ,Ипотека,ПАО Сбербанк России,0,2026-06-18 11:12:27.291 +0300
"2be7f950954f9f0b079ca01c72d39a42",Морская Горгиппия,Анапа,Анапа м.о.,Эконом,ОБД-Инвест,2026-05-15,квартира,9,58.77,9281193.00,157924.00,Под чистовую,ФЛ,Нет,,0,2026-06-18 11:12:27.291 +0300
"83e4b77e4c81fe02646c0317f082a5b3",Эден / Eden Family Hotel,Анапа,Анапа м.о.,Комфорт,Развитие,2026-05-15,апартаменты,5,26.00,9037600.00,347600.00,С отделкой и мебелью,ФЛ,Ипотека,ПАО Сбербанк России,0,2026-06-18 11:12:27.291 +0300
"77bdd422e70b328c06a31923eddda80c",Агой-Парк,Агой с.,Туапсинский м.о.,Комфорт,АГОЙ-ПАРК,2026-05-15,квартира,9,79.63,19021616.00,238875.00,Отделка как доп. опция,ФЛ,Нет,,0,2026-06-18 11:12:27.291 +0300
"508e2e152a644af269da402a71a52936",Облака,Новороссийск,Новороссийск м.о.,Комфорт,Неометрия,2026-05-15,квартира,8,41.60,8639610.00,200454.99,Без отделки,ФЛ,Нет,,0,2026-06-18 11:12:27.291 +0300
b9d92574715ea90ea054b9078964a5d8,Лестория,Сочи,Сочи г.о.,Бизнес-,Неометрия,2026-05-15,квартира,15,43.90,22175265.00,505131.32,Под чистовую и с отделкой,ФЛ,Ипотека,ПАО МОСКОВСКИЙ КРЕДИТНЫЙ БАНК,0,2026-06-18 11:12:27.291 +0300
b9d92574715ea90ea054b9078964a5d8,Лестория,Сочи,Сочи г.о.,Бизнес-,Неометрия,2026-05-15,квартира,9,50.30,20030750.00,398225.65,Без отделки,ФЛ,Нет,,0,2026-06-18 11:12:27.291 +0300
"018074db013670b10cd1d3367521d2a2",Барса,Новороссийск,Новороссийск м.о.,Бизнес,Точно,2026-05-16,квартира,11,57.07,11556000.00,209347.83,Под чистовую и отделка как доп. опция,ФЛ,Ипотека,ПАО Сбербанк России,0,2026-06-18 11:12:27.291 +0300
"114265fbbd12eef28cca19fc11278cc4",Город у моря,Новороссийск,Новороссийск м.о.,Комфорт,ВКБ-Новостройки,2026-05-18,квартира,5,57.32,9460000.00,164407.37,С отделкой,ФЛ,Ипотека,ПАО Сбербанк России,360,2026-06-18 11:12:27.291 +0300
e7435571144b9a3d7cd4ab24dd71543f,На Высоком берегу,Анапа,Анапа м.о.,Бизнес,ССК,2026-05-18,квартира,11,68.40,14706000.00,215000.00,Под чистовую,ФЛ,Нет,,0,2026-06-18 11:12:27.291 +0300
"114265fbbd12eef28cca19fc11278cc4",Город у моря,Новороссийск,Новороссийск м.о.,Комфорт,ВКБ-Новостройки,2026-05-18,квартира,11,37.82,7156000.00,184623.32,С отделкой,ФЛ,Ипотека,АО Альфа-Банк,180,2026-06-18 11:12:27.291 +0300
"2be7f950954f9f0b079ca01c72d39a42",Морская Горгиппия,Анапа,Анапа м.о.,Эконом,ОБД-Инвест,2026-05-18,квартира,9,29.87,5695671.00,190682.00,Под чистовую,ФЛ,Ипотека,ПАО Сбербанк России,0,2026-06-18 11:12:27.291 +0300
"2be7f950954f9f0b079ca01c72d39a42",Морская Горгиппия,Анапа,Анапа м.о.,Эконом,ОБД-Инвест,2026-05-18,квартира,15,29.87,5695671.00,190682.00,Под чистовую,ФЛ,Ипотека,ПАО БАНК УРАЛСИБ,0,2026-06-18 11:12:27.291 +0300
ce10854bfb47343480564adf2f08a997,Фестивальный (Кропоткин),Кропоткин,Кропоткинский м.о.,Комфорт,Теплый дом,2026-05-18,квартира,1,80.60,7685798.00,101664.00,Без отделки,ФЛ,Ипотека,ПАО Сбербанк России,360,2026-06-18 11:12:27.291 +0300
"9f774747a88c96336616fc5165908dba",Sun Hills Olginka,Ольгинка с.,Туапсинский м.о.,Комфорт,Метрикс Develoрment,2026-05-18,квартира,7,17.72,6451621.00,364087.02,Под чистовую,ФЛ,Ипотека,ПАО Совкомбанк,360,2026-06-18 11:12:27.291 +0300
ecdd2060c65010326879068843af8e13,Хозяин морей,Анапа,Анапа м.о.,Бизнес,Точно,2026-05-18,квартира,8,89.00,21136999.00,247505.85,Под чистовую и отделка как доп. опция,ФЛ,Нет,,0,2026-06-18 11:12:27.291 +0300
ecdd2060c65010326879068843af8e13,Хозяин морей,Анапа,Анапа м.о.,Бизнес,Точно,2026-05-18,квартира,2,38.00,9296000.00,257506.93,Под чистовую и отделка как доп. опция,ФЛ,Ипотека,ПАО Сбербанк России,0,2026-06-18 11:12:27.291 +0300
"018074db013670b10cd1d3367521d2a2",Барса,Новороссийск,Новороссийск м.о.,Бизнес,Точно,2026-05-18,квартира,5,57.07,11264000.00,204057.97,Под чистовую и отделка как доп. опция,ФЛ,Ипотека,ПАО Сбербанк России,0,2026-06-18 11:12:27.291 +0300
c5fc682cef8e118ca6caaa2ddeaeb433,Sun Garden Hotel,Анапа,Анапа м.о.,Премиум,Развитие,2026-05-18,апартаменты,1,27.30,15424500.00,565000.00,С отделкой и мебелью,ФЛ,Нет,,0,2026-06-18 11:12:27.291 +0300
d83227169c3b10c28e16d938fe1747f2,Резиденция Морей,Новороссийск,Новороссийск м.о.,Бизнес,ССК,2026-05-19,квартира,8,43.99,9963735.00,226500.00,Под чистовую и с отделкой,ФЛ,Нет,,0,2026-06-18 11:12:27.291 +0300
d83227169c3b10c28e16d938fe1747f2,Резиденция Морей,Новороссийск,Новороссийск м.о.,Бизнес,ССК,2026-05-19,квартира,8,67.77,11182050.00,165000.00,Под чистовую и с отделкой,ФЛ,Нет,,0,2026-06-18 11:12:27.291 +0300
d83227169c3b10c28e16d938fe1747f2,Резиденция Морей,Новороссийск,Новороссийск м.о.,Бизнес,ССК,2026-05-19,квартира,3,49.09,11327517.00,230750.00,Под чистовую и с отделкой,ФЛ,Ипотека,АО Альфа-Банк,0,2026-06-18 11:12:27.291 +0300
"3b768d7a3423d87ca2500e86b3aa26e8",Мореград,Анапа,Анапа м.о.,Комфорт,ССК,2026-05-19,апартаменты,4,23.00,8395000.00,365000.00,С отделкой и мебелью,ФЛ,Ипотека,ПАО Сбербанк России,0,2026-06-18 11:12:27.291 +0300
d83227169c3b10c28e16d938fe1747f2,Резиденция Морей,Новороссийск,Новороссийск м.о.,Бизнес,ССК,2026-05-19,квартира,5,28.64,7160000.00,250000.00,Под чистовую и с отделкой,ФЛ,Ипотека,ПАО Сбербанк России,0,2026-06-18 11:12:27.291 +0300
e7435571144b9a3d7cd4ab24dd71543f,На Высоком берегу,Анапа,Анапа м.о.,Бизнес,ССК,2026-05-19,квартира,5,49.05,12753000.00,260000.00,Под чистовую,ФЛ,Ипотека,ПАО Сбербанк России,0,2026-06-18 11:12:27.291 +0300
"114265fbbd12eef28cca19fc11278cc4",Город у моря,Новороссийск,Новороссийск м.о.,Комфорт,ВКБ-Новостройки,2026-05-19,квартира,15,38.76,7194000.00,185603.72,С отделкой,ФЛ,Ипотека,ПАО Сбербанк России,360,2026-06-18 11:12:27.291 +0300
"2be7f950954f9f0b079ca01c72d39a42",Морская Горгиппия,Анапа,Анапа м.о.,Эконом,ОБД-Инвест,2026-05-19,квартира,2,58.89,9300144.00,157924.00,Под чистовую,ФЛ,Ипотека,ПАО Сбербанк России,0,2026-06-18 11:12:27.291 +0300
"2be7f950954f9f0b079ca01c72d39a42",Морская Горгиппия,Анапа,Анапа м.о.,Эконом,ОБД-Инвест,2026-05-19,квартира,6,29.87,5695671.00,190682.00,Под чистовую,ФЛ,Ипотека,ПАО Сбербанк России,0,2026-06-18 11:12:27.291 +0300
d83227169c3b10c28e16d938fe1747f2,Резиденция Морей,Новороссийск,Новороссийск м.о.,Бизнес,ССК,2026-05-19,квартира,6,28.64,7160000.00,250000.00,"Под чистовую, отделка как доп. опция",ФЛ,Ипотека,ПАО Сбербанк России,360,2026-06-18 11:12:27.291 +0300
"5042878e7f641330ddc35e8454bfe92c",Парк,Сочи,Сочи г.о.,Бизнес+,Десо,2026-05-19,апартаменты,3,34.70,32965000.00,950000.00,"Под чистовую, с отделкой и мебелью",ФЛ,Нет,,0,2026-06-18 11:12:27.291 +0300
"95f1de2b556858c9cfd19ec123edd090",Космос Черное море Риверта Отель / Cosmos Black Sea Riverta Hotel,Пляхо с.,Туапсинский м.о.,Премиум,Тренд-групп,2026-05-19,нежилое помещение,7,25.90,0.00,0.00,С отделкой и мебелью,ФЛ,Нет,,0,2026-06-18 11:12:27.291 +0300
ecdd2060c65010326879068843af8e13,Хозяин морей,Анапа,Анапа м.о.,Бизнес,Точно,2026-05-19,квартира,4,63.60,13754000.00,230000.00,Под чистовую и отделка как доп. опция,ФЛ,Нет,,0,2026-06-18 11:12:27.291 +0300
c5fc682cef8e118ca6caaa2ddeaeb433,Sun Garden Hotel,Анапа,Анапа м.о.,Премиум,Развитие,2026-05-19,апартаменты,8,64.70,26009400.00,402000.00,С отделкой и мебелью,ФЛ,Нет,,0,2026-06-18 11:12:27.291 +0300
d83227169c3b10c28e16d938fe1747f2,Резиденция Морей,Новороссийск,Новороссийск м.о.,Бизнес,ССК,2026-05-20,квартира,6,63.19,12969747.00,205250.00,Под чистовую и с отделкой,ФЛ,Ипотека,ПАО Банк ВТБ,0,2026-06-18 11:12:27.291 +0300
d83227169c3b10c28e16d938fe1747f2,Резиденция Морей,Новороссийск,Новороссийск м.о.,Бизнес,ССК,2026-05-20,квартира,7,49.11,8594250.00,175000.00,Под чистовую и с отделкой,ФЛ,Ипотека,ПАО Сбербанк России,0,2026-06-18 11:12:27.291 +0300
"3b768d7a3423d87ca2500e86b3aa26e8",Мореград,Анапа,Анапа м.о.,Комфорт,ССК,2026-05-20,апартаменты,4,23.30,8504500.00,365000.00,С отделкой и мебелью,ФЛ,Ипотека,ПАО Сбербанк России,0,2026-06-18 11:12:27.291 +0300
d83227169c3b10c28e16d938fe1747f2,Резиденция Морей,Новороссийск,Новороссийск м.о.,Бизнес,ССК,2026-05-20,квартира,6,28.64,7160000.00,250000.00,Под чистовую и с отделкой,ФЛ,Нет,,0,2026-06-18 11:12:27.291 +0300
"95f1de2b556858c9cfd19ec123edd090",Космос Черное море Риверта Отель / Cosmos Black Sea Riverta Hotel,Пляхо с.,Туапсинский м.о.,Премиум,Тренд-групп,2026-05-20,апартаменты,6,27.30,15288000.00,560000.00,С отделкой и мебелью,ФЛ,Нет,,0,2026-06-18 11:12:27.291 +0300
b9d92574715ea90ea054b9078964a5d8,Лестория,Сочи,Сочи г.о.,Бизнес-,Неометрия,2026-05-20,квартира,16,41.90,20504874.00,489376.47,Под чистовую,ФЛ,Ипотека,ПАО Совкомбанк,360,2026-06-18 11:12:27.291 +0300
b3ccb1c60914c224f2e4e07d33d020da,Новый город,Тихорецк,Тихорецкий м.о.,Комфорт,Стройуниверсал,2026-05-20,квартира,1,38.19,3879661.00,119595.00,Под чистовую,ФЛ,Ипотека,ПАО Сбербанк России,360,2026-06-18 11:12:27.291 +0300
bcd90c1f7a745d86700f5d01f8ea550c,Кипарис,Сукко с.,Анапа м.о.,Комфорт,Bravo,2026-05-20,квартира,3,36.00,9162000.00,254500.00,С отделкой,ФЛ,Нет,,0,2026-06-18 11:12:27.291 +0300
c2600c4dfa1b97ac0b7b06040e1ddaec,Порто-Ново,Новороссийск,Новороссийск м.о.,Комфорт,DOGMA,2026-05-20,нежилое помещение,-1,3.40,0.00,0.00,"Под чистовую, отделка как доп. опция",ФЛ,Нет,,0,2026-06-18 11:12:27.291 +0300
ce10854bfb47343480564adf2f08a997,Фестивальный (Кропоткин),Кропоткин,Кропоткинский м.о.,Комфорт,Теплый дом,2026-05-21,квартира,4,76.70,7133100.00,93000.00,Без отделки,ФЛ,Ипотека,ПАО Сбербанк России,360,2026-06-18 11:12:27.291 +0300
ce10854bfb47343480564adf2f08a997,Фестивальный (Кропоткин),Кропоткин,Кропоткинский м.о.,Комфорт,Теплый дом,2026-05-21,квартира,5,41.80,4221800.00,101000.00,Без отделки,ФЛ,Ипотека,ПАО Сбербанк России,360,2026-06-18 11:12:27.291 +0300
"9f774747a88c96336616fc5165908dba",Sun Hills Olginka,Ольгинка с.,Туапсинский м.о.,Комфорт,Метрикс Develoрment,2026-05-21,квартира,2,31.49,9605011.00,305017.82,Под чистовую,ФЛ,Ипотека,ПАО Банк ВТБ,362,2026-06-18 11:12:27.291 +0300
"9f774747a88c96336616fc5165908dba",Sun Hills Olginka,Ольгинка с.,Туапсинский м.о.,Комфорт,Метрикс Develoрment,2026-05-21,квартира,8,17.42,6241900.00,358318.03,Под чистовую,ФЛ,Нет,,0,2026-06-18 11:12:27.291 +0300
"9f774747a88c96336616fc5165908dba",Sun Hills Olginka,Ольгинка с.,Туапсинский м.о.,Комфорт,Метрикс Develoрment,2026-05-21,квартира,9,17.76,6364296.00,358350.00,Под чистовую,ФЛ,Ипотека,АО Альфа-Банк,360,2026-06-18 11:12:27.291 +0300
"0fd8a9684833d1c7045dbb36bd3c14e2",Кислород,Сочи,Сочи г.о.,Бизнес,AVA Group,2026-05-21,квартира,11,37.14,13677679.00,358900.00,Без отделки,ФЛ,Ипотека,ПАО Сбербанк России,360,2026-06-18 11:12:27.291 +0300
d83227169c3b10c28e16d938fe1747f2,Резиденция Морей,Новороссийск,Новороссийск м.о.,Бизнес,ССК,2026-05-21,квартира,7,45.30,7927500.00,175000.00,Под чистовую и с отделкой,ФЛ,Ипотека,ПАО Сбербанк России,0,2026-06-18 11:12:27.291 +0300
d83227169c3b10c28e16d938fe1747f2,Резиденция Морей,Новороссийск,Новороссийск м.о.,Бизнес,ССК,2026-05-21,квартира,4,46.18,11048565.00,239250.00,Под чистовую и с отделкой,ФЛ,Нет,,0,2026-06-18 11:12:27.291 +0300
e7435571144b9a3d7cd4ab24dd71543f,На Высоком берегу,Анапа,Анапа м.о.,Бизнес,ССК,2026-05-21,квартира,9,37.80,9450000.00,250000.00,Под чистовую,ФЛ,Ипотека,ПАО Сбербанк России,0,2026-06-18 11:12:27.291 +0300
e7435571144b9a3d7cd4ab24dd71543f,На Высоком берегу,Анапа,Анапа м.о.,Бизнес,ССК,2026-05-21,квартира,6,37.70,9048000.00,240000.00,Под чистовую,ФЛ,Ипотека,ПАО Сбербанк России,0,2026-06-18 11:12:27.291 +0300
"95f1de2b556858c9cfd19ec123edd090",Космос Черное море Риверта Отель / Cosmos Black Sea Riverta Hotel,Пляхо с.,Туапсинский м.о.,Премиум,Тренд-групп,2026-05-21,апартаменты,3,33.60,19891200.00,592000.00,С отделкой и мебелью,ФЛ,Ипотека,ПАО Сбербанк России,360,2026-06-18 11:12:27.291 +0300
b9d92574715ea90ea054b9078964a5d8,Лестория,Сочи,Сочи г.о.,Бизнес-,Неометрия,2026-05-21,квартира,17,38.40,17831804.00,464369.90,Под чистовую,ФЛ,Нет,,0,2026-06-18 11:12:27.291 +0300
d83227169c3b10c28e16d938fe1747f2,Резиденция Морей,Новороссийск,Новороссийск м.о.,Бизнес,ССК,2026-05-22,квартира,6,44.17,7729750.00,175000.00,Под чистовую и с отделкой,ФЛ,Ипотека,ПАО Совкомбанк,0,2026-06-18 11:12:27.291 +0300
d83227169c3b10c28e16d938fe1747f2,Резиденция Морей,Новороссийск,Новороссийск м.о.,Бизнес,ССК,2026-05-22,квартира,6,46.20,8085000.00,175000.00,Под чистовую и с отделкой,ФЛ,Нет,,0,2026-06-18 11:12:27.291 +0300
d83227169c3b10c28e16d938fe1747f2,Резиденция Морей,Новороссийск,Новороссийск м.о.,Бизнес,ССК,2026-05-22,квартира,5,63.19,10426350.00,165000.00,Под чистовую и с отделкой,ФЛ,Нет,,0,2026-06-18 11:12:27.291 +0300
"3b768d7a3423d87ca2500e86b3aa26e8",Мореград,Анапа,Анапа м.о.,Комфорт,ССК,2026-05-22,апартаменты,5,24.10,8796500.00,365000.00,С отделкой и мебелью,ФЛ,Ипотека,ПАО МОСКОВСКИЙ КРЕДИТНЫЙ БАНК,0,2026-06-18 11:12:27.291 +0300
e7435571144b9a3d7cd4ab24dd71543f,На Высоком берегу,Анапа,Анапа м.о.,Бизнес,ССК,2026-05-22,квартира,2,49.50,12870000.00,260000.00,Под чистовую,ФЛ,Ипотека,ПАО Сбербанк России,0,2026-06-18 11:12:27.291 +0300
d83227169c3b10c28e16d938fe1747f2,Резиденция Морей,Новороссийск,Новороссийск м.о.,Бизнес,ССК,2026-05-22,квартира,5,28.64,7160000.00,250000.00,"Под чистовую, отделка как доп. опция",ФЛ,Ипотека,ПАО Сбербанк России,0,2026-06-18 11:12:27.291 +0300
"5338417a484eca51d14d28b59e51946f",История-3,Южный п.,Динской м.о.,Комфорт,НВМ,2026-05-22,квартира,7,56.35,9297750.00,165000.00,Под чистовую,ФЛ,Ипотека,ПАО Сбербанк России,0,2026-06-18 11:12:27.291 +0300
"5042878e7f641330ddc35e8454bfe92c",Парк,Сочи,Сочи г.о.,Бизнес+,Десо,2026-05-22,апартаменты,4,80.30,76285000.00,950000.00,"Под чистовую, с отделкой и мебелью",ФЛ,Нет,,0,2026-06-18 11:12:27.291 +0300
"018074db013670b10cd1d3367521d2a2",Барса,Новороссийск,Новороссийск м.о.,Бизнес,Точно,2026-05-22,квартира,5,60.37,11937000.00,204051.28,Под чистовую и отделка как доп. опция,ФЛ,Ипотека,ПАО Банк ВТБ,0,2026-06-18 11:12:27.291 +0300
bcd90c1f7a745d86700f5d01f8ea550c,Кипарис,Сукко с.,Анапа м.о.,Комфорт,Bravo,2026-05-22,квартира,7,37.30,11145240.00,298800.00,С отделкой,ФЛ,Ипотека,ПАО МОСКОВСКИЙ КРЕДИТНЫЙ БАНК,0,2026-06-18 11:12:27.291 +0300
c2600c4dfa1b97ac0b7b06040e1ddaec,Порто-Ново,Новороссийск,Новороссийск м.о.,Комфорт,DOGMA,2026-05-22,квартира,4,59.10,9912860.00,171800.00,"Под чистовую, отделка как доп. опция",ФЛ,Ипотека,ПАО Сбербанк России,0,2026-06-18 11:12:27.291 +0300
c2600c4dfa1b97ac0b7b06040e1ddaec,Порто-Ново,Новороссийск,Новороссийск м.о.,Комфорт,DOGMA,2026-05-22,квартира,11,37.30,7877758.00,211199.97,"Под чистовую, отделка как доп. опция",ФЛ,Ипотека,ПАО Сбербанк России,0,2026-06-18 11:12:27.291 +0300
c2600c4dfa1b97ac0b7b06040e1ddaec,Порто-Ново,Новороссийск,Новороссийск м.о.,Комфорт,DOGMA,2026-05-23,квартира,11,37.30,8209729.00,220099.97,"Под чистовую, отделка как доп. опция",ФЛ,Ипотека,ПАО Сбербанк России,0,2026-06-18 11:12:27.291 +0300
d83227169c3b10c28e16d938fe1747f2,Резиденция Морей,Новороссийск,Новороссийск м.о.,Бизнес,ССК,2026-05-23,квартира,5,75.13,12396450.00,165000.00,Под чистовую и с отделкой,ФЛ,Ипотека,ПАО Сбербанк России,0,2026-06-18 11:12:27.291 +0300
"83e4b77e4c81fe02646c0317f082a5b3",Эден / Eden Family Hotel,Анапа,Анапа м.о.,Комфорт,Развитие,2026-05-23,апартаменты,3,26.00,9037600.00,347600.00,С отделкой и мебелью,ФЛ,Ипотека,ПАО Сбербанк России,0,2026-06-18 11:12:27.291 +0300
"114265fbbd12eef28cca19fc11278cc4",Город у моря,Новороссийск,Новороссийск м.о.,Комфорт,ВКБ-Новостройки,2026-05-25,квартира,4,65.09,9588000.00,143705.04,С отделкой,ФЛ,Ипотека,ПАО Сбербанк России,240,2026-06-18 11:12:27.291 +0300
e7435571144b9a3d7cd4ab24dd71543f,На Высоком берегу,Анапа,Анапа м.о.,Бизнес,ССК,2026-05-25,квартира,6,37.80,9072000.00,240000.00,Под чистовую,ФЛ,Ипотека,ПАО Сбербанк России,0,2026-06-18 11:12:27.291 +0300
e6633db8b4c0466143c3ba2ad76172f0,Лучи,Анапа,Анапа м.о.,Комфорт,ADM group / Вертикаль,2026-05-25,апартаменты,8,34.50,18526500.00,537000.00,С отделкой и мебелью,ФЛ,Нет,,0,2026-06-18 11:12:27.291 +0300
d83227169c3b10c28e16d938fe1747f2,Резиденция Морей,Новороссийск,Новороссийск м.о.,Бизнес,ССК,2026-05-25,квартира,5,28.64,7160000.00,250000.00,"Под чистовую, отделка как доп. опция",ФЛ,Ипотека,ПАО Банк ВТБ,0,2026-06-18 11:12:27.291 +0300
"5338417a484eca51d14d28b59e51946f",История-3,Южный п.,Динской м.о.,Комфорт,НВМ,2026-05-25,квартира,3,34.82,6604500.00,185000.00,Под чистовую,ФЛ,Ипотека,ПАО Сбербанк России,336,2026-06-18 11:12:27.291 +0300
"5338417a484eca51d14d28b59e51946f",История-3,Южный п.,Динской м.о.,Комфорт,НВМ,2026-05-25,квартира,4,36.12,6846850.00,185000.00,Под чистовую,ФЛ,Ипотека,АО Банк Дом.РФ,360,2026-06-18 11:12:27.291 +0300
b9d92574715ea90ea054b9078964a5d8,Лестория,Сочи,Сочи г.о.,Бизнес-,Неометрия,2026-05-25,квартира,13,36.90,16110221.00,436591.36,Без отделки,ФЛ,Ипотека,ПАО МОСКОВСКИЙ КРЕДИТНЫЙ БАНК,312,2026-06-18 11:12:27.291 +0300
b3ccb1c60914c224f2e4e07d33d020da,Новый город,Тихорецк,Тихорецкий м.о.,Комфорт,Стройуниверсал,2026-05-25,квартира,5,38.19,3879661.00,119595.00,Под чистовую,ФЛ,Ипотека,ПАО Сбербанк России,360,2026-06-18 11:12:27.291 +0300
"83e4b77e4c81fe02646c0317f082a5b3",Эден / Eden Family Hotel,Анапа,Анапа м.о.,Комфорт,Развитие,2026-05-26,апартаменты,2,51.70,12873300.00,246614.94,С отделкой и мебелью,ФЛ,Нет,,0,2026-06-18 11:12:27.291 +0300
"0fd8a9684833d1c7045dbb36bd3c14e2",Кислород,Сочи,Сочи г.о.,Бизнес,AVA Group,2026-05-26,квартира,18,22.73,9562243.00,403300.00,Без отделки,ФЛ,Ипотека,ПАО Сбербанк России,240,2026-06-18 11:12:27.291 +0300
"508e2e152a644af269da402a71a52936",Облака,Новороссийск,Новороссийск м.о.,Комфорт,Неометрия,2026-05-26,квартира,2,57.70,10810034.00,183531.99,Без отделки,ФЛ,Ипотека,ПАО Сбербанк России,0,2026-06-18 11:12:27.291 +0300
"508e2e152a644af269da402a71a52936",Облака,Новороссийск,Новороссийск м.о.,Комфорт,Неометрия,2026-05-26,квартира,8,32.50,7734480.00,237984.00,Без отделки,ФЛ,Нет,,0,2026-06-18 11:12:27.291 +0300
d83227169c3b10c28e16d938fe1747f2,Резиденция Морей,Новороссийск,Новороссийск м.о.,Бизнес,ССК,2026-05-26,квартира,6,63.17,10423050.00,165000.00,Под чистовую и с отделкой,ФЛ,Ипотека,ПАО Сбербанк России,0,2026-06-18 11:12:27.291 +0300
d83227169c3b10c28e16d938fe1747f2,Резиденция Морей,Новороссийск,Новороссийск м.о.,Бизнес,ССК,2026-05-26,квартира,8,77.97,16334715.00,209500.00,"Под чистовую, отделка как доп. опция",ФЛ,Ипотека,ПАО Сбербанк России,0,2026-06-18 11:12:27.291 +0300
e7435571144b9a3d7cd4ab24dd71543f,На Высоком берегу,Анапа,Анапа м.о.,Бизнес,ССК,2026-05-26,квартира,3,32.45,9410500.00,290000.00,Под чистовую,ФЛ,Ипотека,ПАО Сбербанк России,0,2026-06-18 11:12:27.291 +0300
"114265fbbd12eef28cca19fc11278cc4",Город у моря,Новороссийск,Новороссийск м.о.,Комфорт,ВКБ-Новостройки,2026-05-26,квартира,5,32.49,6810000.00,209602.95,С отделкой,ФЛ,Ипотека,Кубань Кредит,0,2026-06-18 11:12:27.291 +0300
c2600c4dfa1b97ac0b7b06040e1ddaec,Порто-Ново,Новороссийск,Новороссийск м.о.,Комфорт,DOGMA,2026-05-26,нежилое помещение,-1,3.70,0.00,0.00,"Под чистовую, отделка как доп. опция",ФЛ,Нет,,0,2026-06-18 11:12:27.291 +0300
c2600c4dfa1b97ac0b7b06040e1ddaec,Порто-Ново,Новороссийск,Новороссийск м.о.,Комфорт,DOGMA,2026-05-26,квартира,12,48.10,8807400.00,189000.00,"Под чистовую, отделка как доп. опция",ФЛ,Нет,,0,2026-06-18 11:12:27.291 +0300
c2600c4dfa1b97ac0b7b06040e1ddaec,Порто-Ново,Новороссийск,Новороссийск м.о.,Комфорт,DOGMA,2026-05-26,нежилое помещение,1,87.30,0.00,0.00,"Под чистовую, отделка как доп. опция",ЮЛ,Нет,,0,2026-06-18 11:12:27.291 +0300
c2600c4dfa1b97ac0b7b06040e1ddaec,Порто-Ново,Новороссийск,Новороссийск м.о.,Комфорт,DOGMA,2026-05-27,квартира,4,63.20,10402620.00,168600.00,"Под чистовую, отделка как доп. опция",ФЛ,Ипотека,ПАО Сбербанк России,360,2026-06-18 11:12:27.291 +0300
ecdd2060c65010326879068843af8e13,Хозяин морей,Анапа,Анапа м.о.,Бизнес,Точно,2026-05-27,квартира,5,43.60,10403000.00,257500.00,Отделка как доп. опция,ФЛ,Ипотека,ПАО Сбербанк России,0,2026-06-18 11:12:27.291 +0300
c2600c4dfa1b97ac0b7b06040e1ddaec,Порто-Ново,Новороссийск,Новороссийск м.о.,Комфорт,DOGMA,2026-05-27,квартира,3,40.30,8207999.00,205199.98,"Под чистовую, отделка как доп. опция",ФЛ,Ипотека,ПАО Сбербанк России,360,2026-06-18 11:12:27.291 +0300
"508e2e152a644af269da402a71a52936",Облака,Новороссийск,Новороссийск м.о.,Комфорт,Неометрия,2026-05-27,квартира,1,33.80,7580731.00,224281.98,Без отделки,ФЛ,Ипотека,ПАО Банк ВТБ,0,2026-06-18 11:12:27.291 +0300
"508e2e152a644af269da402a71a52936",Облака,Новороссийск,Новороссийск м.о.,Комфорт,Неометрия,2026-05-27,квартира,15,42.50,8877400.00,208880.00,Без отделки,ФЛ,Нет,,0,2026-06-18 11:12:27.291 +0300
b9d92574715ea90ea054b9078964a5d8,Лестория,Сочи,Сочи г.о.,Бизнес-,Неометрия,2026-05-27,квартира,11,35.10,16069226.00,457812.71,Под чистовую,ФЛ,Ипотека,ПАО Совкомбанк,359,2026-06-18 11:12:27.291 +0300
b9d92574715ea90ea054b9078964a5d8,Лестория,Сочи,Сочи г.о.,Бизнес-,Неометрия,2026-05-27,квартира,17,23.90,11394501.00,476757.36,Без отделки,ФЛ,Ипотека,ПАО Банк ВТБ,314,2026-06-18 11:12:27.291 +0300
d83227169c3b10c28e16d938fe1747f2,Резиденция Морей,Новороссийск,Новороссийск м.о.,Бизнес,ССК,2026-05-27,квартира,7,46.18,8081500.00,175000.00,Под чистовую и с отделкой,ФЛ,Ипотека,ПАО Сбербанк России,0,2026-06-18 11:12:27.291 +0300
d83227169c3b10c28e16d938fe1747f2,Резиденция Морей,Новороссийск,Новороссийск м.о.,Бизнес,ССК,2026-05-27,квартира,4,63.17,10423050.00,165000.00,Под чистовую и с отделкой,ФЛ,Ипотека,ПАО Сбербанк России,0,2026-06-18 11:12:27.291 +0300
d83227169c3b10c28e16d938fe1747f2,Резиденция Морей,Новороссийск,Новороссийск м.о.,Бизнес,ССК,2026-05-27,квартира,5,49.11,8594250.00,175000.00,Под чистовую и с отделкой,ФЛ,Нет,,0,2026-06-18 11:12:27.291 +0300
d83227169c3b10c28e16d938fe1747f2,Резиденция Морей,Новороссийск,Новороссийск м.о.,Бизнес,ССК,2026-05-27,квартира,8,44.17,10004505.00,226500.00,Под чистовую и с отделкой,ФЛ,Ипотека,ПАО Сбербанк России,360,2026-06-18 11:12:27.291 +0300
d83227169c3b10c28e16d938fe1747f2,Резиденция Морей,Новороссийск,Новороссийск м.о.,Бизнес,ССК,2026-05-27,квартира,4,29.65,7460000.00,250000.00,Под чистовую и с отделкой,ФЛ,Ипотека,ПАО Сбербанк России,252,2026-06-18 11:12:27.291 +0300
d83227169c3b10c28e16d938fe1747f2,Резиденция Морей,Новороссийск,Новороссийск м.о.,Бизнес,ССК,2026-05-27,квартира,8,28.64,7160000.00,250000.00,Под чистовую и с отделкой,ФЛ,Ипотека,ПАО Сбербанк России,0,2026-06-18 11:12:27.291 +0300
e7435571144b9a3d7cd4ab24dd71543f,На Высоком берегу,Анапа,Анапа м.о.,Бизнес,ССК,2026-05-27,квартира,3,37.80,10206000.00,270000.00,Под чистовую,ФЛ,Ипотека,ПАО Сбербанк России,0,2026-06-18 11:12:27.291 +0300
e7435571144b9a3d7cd4ab24dd71543f,На Высоком берегу,Анапа,Анапа м.о.,Бизнес,ССК,2026-05-27,квартира,5,57.05,12551000.00,220000.00,Под чистовую,ФЛ,Ипотека,ПАО Совкомбанк,0,2026-06-18 11:12:27.291 +0300
"95f1de2b556858c9cfd19ec123edd090",Космос Черное море Риверта Отель / Cosmos Black Sea Riverta Hotel,Пляхо с.,Туапсинский м.о.,Премиум,Тренд-групп,2026-05-27,апартаменты,7,27.30,15424500.00,565000.00,С отделкой и мебелью,ФЛ,Нет,,0,2026-06-18 11:12:27.291 +0300
d83227169c3b10c28e16d938fe1747f2,Резиденция Морей,Новороссийск,Новороссийск м.о.,Бизнес,ССК,2026-05-28,квартира,8,48.71,8524250.00,175000.00,Под чистовую и с отделкой,ФЛ,Нет,,0,2026-06-18 11:12:27.291 +0300
d83227169c3b10c28e16d938fe1747f2,Резиденция Морей,Новороссийск,Новороссийск м.о.,Бизнес,ССК,2026-05-28,квартира,7,28.64,7160000.00,250000.00,Под чистовую и с отделкой,ФЛ,Ипотека,ПАО Сбербанк России,0,2026-06-18 11:12:27.291 +0300
c2600c4dfa1b97ac0b7b06040e1ddaec,Порто-Ново,Новороссийск,Новороссийск м.о.,Комфорт,DOGMA,2026-05-28,квартира,5,63.20,10334750.00,167500.00,"Под чистовую, отделка как доп. опция",ФЛ,Ипотека,ПАО Совкомбанк,0,2026-06-18 11:12:27.291 +0300
"508e2e152a644af269da402a71a52936",Облака,Новороссийск,Новороссийск м.о.,Комфорт,Неометрия,2026-05-28,квартира,8,22.40,5999235.00,267822.99,Без отделки,ФЛ,Ипотека,ПАО МОСКОВСКИЙ КРЕДИТНЫЙ БАНК,0,2026-06-18 11:12:27.291 +0300
